date,PRECTOTCORR,T2M,T2M_MAX,T2M_MIN,RH2M,WS2M,curve_number,runoff_mm,rain_5day_mm,runoff_event,doy_sin,doy_cos,target_runoff_event_tomorrow
2010-01-01,0.0,22.22,31.09,15.15,64.91,2.37,80,0.0,0.0,0,0.01716632975470737,0.9998526477050269,0.0
2010-01-02,0.26,23.96,31.37,18.91,65.97,2.46,80,0.0,0.26,0,0.034327600513243496,0.9994106342455052,0.0
2010-01-03,0.0,24.21,31.39,19.01,66.89,2.0,80,0.0,0.26,0,0.05147875477034653,0.9986740898848305,0.0
2010-01-04,0.0,23.38,30.57,18.0,68.55,2.37,80,0.0,0.26,0,0.06861473800213404,0.9976432316860063,0.0
2010-01-05,0.0,22.3,30.69,15.67,65.38,1.39,80,0.0,0.26,0,0.08573050015569435,0.9963183634476755,0.0
2010-01-06,0.0,23.49,31.76,16.93,60.84,2.26,80,0.0,0.26,0,0.1028209971373604,0.9946998756145891,0.0
2010-01-07,0.0,23.41,30.97,17.5,57.02,2.63,80,0.0,0.0,0,0.11988119229922722,0.99278824516254,0.0
2010-01-08,0.0,22.77,30.83,15.74,52.16,1.81,80,0.0,0.0,0,0.13690605792347524,0.990584035457797,0.0
2010-01-09,0.0,23.32,31.62,16.45,58.51,1.81,80,0.0,0.0,0,0.15389057670406178,0.9880878960910772,0.0
2010-01-10,0.0,24.07,32.35,18.01,62.88,1.88,80,0.0,0.0,0,0.17082974322534417,0.985300562686109,0.0
2010-01-11,0.04,24.3,29.94,20.11,68.15,1.59,80,0.0,0.04,0,0.1877185654371987,0.9822228566828407,0.0
2010-01-12,0.05,24.01,29.17,21.14,72.47,1.65,80,0.0,0.09,0,0.2045520661262008,0.9788556850953578,0.0
2010-01-13,0.0,21.86,28.52,15.53,61.33,2.28,80,0.0,0.09,0,0.22132528438243257,0.9752000402445825,0.0
2010-01-14,0.0,22.21,31.78,13.2,52.74,2.07,80,0.0,0.09,0,0.2380332770614856,0.9712569994658314,0.0
2010-01-15,0.0,24.61,32.98,17.49,56.47,2.79,80,0.0,0.09,0,0.2546711202412287,0.9670277247913204,0.0
2010-01-16,0.0,24.75,32.42,19.02,58.04,2.23,80,0.0,0.05,0,0.27123391067291003,0.9625134626077081,0.0
2010-01-17,0.0,23.74,31.58,18.52,58.55,1.94,80,0.0,0.0,0,0.287716767226167,0.9577155432887803,0.0
2010-01-18,0.0,23.25,31.55,17.65,59.24,1.47,80,0.0,0.0,0,0.30411483232751785,0.9526353808033825,0.0
2010-01-19,0.0,23.65,32.47,16.55,56.43,1.49,80,0.0,0.0,0,0.3204232733919111,0.9472744722987169,0.0
2010-01-20,0.0,24.37,32.4,17.7,54.09,2.11,80,0.0,0.0,0,0.33663728424691025,0.9416343976591259,0.0
2010-01-21,0.0,23.85,32.59,17.18,50.12,1.81,80,0.0,0.0,0,0.3527520865490948,0.9357168190404936,0.0
2010-01-22,0.0,23.35,32.3,16.69,48.1,2.11,80,0.0,0.0,0,0.3687629311922601,0.9295234803804003,0.0
2010-01-23,0.0,23.0,32.18,16.03,48.94,1.64,80,0.0,0.0,0,0.3846650997070012,0.9230562068841761,0.0
2010-01-24,0.0,22.81,31.51,16.49,52.86,1.54,80,0.0,0.0,0,0.40045390565126643,0.9163169044870048,0.0
2010-01-25,0.0,23.21,32.54,15.81,47.83,1.84,80,0.0,0.0,0,0.41612469599147445,0.9093075592922358,0.0
2010-01-26,0.0,23.97,32.33,17.12,46.87,2.12,80,0.0,0.0,0,0.43167285247378384,0.9020302369860707,0.0
2010-01-27,0.0,23.85,31.97,17.34,49.56,1.77,80,0.0,0.0,0,0.44709379298511387,0.8944870822287956,0.0
2010-01-28,0.0,23.32,32.21,16.77,48.1,1.86,80,0.0,0.0,0,0.4623829729035149,0.88668031802274,0.0
2010-01-29,0.0,23.52,32.0,17.48,50.07,2.18,80,0.0,0.0,0,0.47753588643748823,0.8786122450571483,0.0
2010-01-30,0.0,24.28,33.65,17.62,48.99,2.26,80,0.0,0.0,0,0.4925480679538643,0.8702852410301553,0.0
2010-01-31,0.0,24.76,33.36,18.36,52.1,1.69,80,0.0,0.0,0,0.5074150932938455,0.8617017599480682,0.0
2010-02-01,0.0,23.91,31.46,18.14,54.03,1.63,80,0.0,0.0,0,0.5221325810768248,0.8528643314021597,0.0
2010-02-02,0.0,23.37,31.29,17.47,56.55,1.75,80,0.0,0.0,0,0.5366961939916004,0.8437755598231856,0.0
2010-02-03,0.0,23.27,31.07,16.82,57.36,1.62,80,0.0,0.0,0,0.5511016400746002,0.8344381237138473,0.0
2010-02-04,0.0,23.04,30.29,16.53,68.63,1.67,80,0.0,0.0,0,0.5653446739747429,0.8248547748594244,0.0
2010-02-05,0.0,23.69,31.99,17.14,71.56,1.72,80,0.0,0.0,0,0.5794210982045637,0.8150283375168114,0.0
2010-02-06,0.0,25.41,34.33,18.53,59.69,1.73,80,0.0,0.0,0,0.593326764377232,0.8049617075821959,0.0
2010-02-07,0.0,25.98,34.68,19.61,53.05,2.14,80,0.0,0.0,0,0.6070575744291002,0.7946578517376252,0.0
2010-02-08,0.0,25.27,33.04,20.17,60.59,1.95,80,0.0,0.0,0,0.6206094818274227,0.7841198065767105,0.0
2010-02-09,0.0,24.4,30.92,19.34,73.69,1.85,80,0.0,0.0,0,0.6339784927628866,0.7733506777097299,0.0
2010-02-10,0.0,23.17,30.05,18.3,67.71,2.19,80,0.0,0.0,0,0.647160667326606,0.7623536388483904,0.0
2010-02-11,0.0,23.75,31.16,18.18,57.51,1.59,80,0.0,0.0,0,0.6601521206712317,0.7511319308705199,0.0
2010-02-12,0.01,23.69,30.76,17.65,62.51,1.4,80,0.0,0.01,0,0.6729490241558329,0.7396888608649669,0.0
2010-02-13,0.0,23.3,31.01,16.95,57.81,1.75,80,0.0,0.01,0,0.6855476064742154,0.7280278011569848,0.0
2010-02-14,0.0,23.79,32.36,17.07,40.59,1.86,80,0.0,0.01,0,0.6979441547663435,0.7161521883143933,0.0
2010-02-15,0.0,23.33,31.17,17.39,37.7,1.98,80,0.0,0.01,0,0.7101350157125358,0.7040655221348057,0.0
2010-02-16,0.0,25.12,35.05,17.49,32.33,2.67,80,0.0,0.01,0,0.7221165966101162,0.691771364614222,0.0
2010-02-17,0.0,25.65,35.76,18.51,32.83,2.4,80,0.0,0.0,0,0.733885366432199,0.6792733388972931,0.0
2010-02-18,0.0,25.68,36.93,16.88,32.87,2.16,80,0.0,0.0,0,0.7454378568683001,0.6665751282095632,0.0
2010-02-19,0.0,26.35,36.28,19.23,34.33,1.87,80,0.0,0.0,0,0.7567706633464625,0.653680474772006,0.0
2010-02-20,0.0,27.2,37.66,19.05,33.07,1.71,80,0.0,0.0,0,0.7678804460366,0.6405931786981751,0.0
2010-02-21,0.0,28.03,37.07,21.47,39.07,1.59,80,0.0,0.0,0,0.7787639308347607,0.6273170968742937,0.0
2010-02-22,0.0,27.53,36.57,21.9,46.88,1.77,80,0.0,0.0,0,0.7894179103280197,0.613856141822612,0.0
2010-02-23,0.0,25.51,34.02,19.37,55.54,2.24,80,0.0,0.0,0,0.7998392447397193,0.6002142805483682,0.0
2010-02-24,0.0,23.66,31.78,17.61,60.68,1.99,80,0.0,0.0,0,0.8100248628547753,0.5863955333706956,0.0
2010-02-25,0.0,24.0,33.71,16.02,58.24,1.63,80,0.0,0.0,0,0.8199717629247771,0.5724039727378148,0.0
2010-02-26,0.0,26.02,37.15,17.11,50.03,1.89,80,0.0,0.0,0,0.8296770135526188,0.5582437220268648,0.0
2010-02-27,0.0,27.95,39.32,18.47,38.2,1.73,80,0.0,0.0,0,0.8391377545563938,0.5439189543287247,0.0
2010-02-28,0.0,28.8,39.16,20.48,28.36,2.09,80,0.0,0.0,0,0.8483511978123038,0.5294338912181853,0.0
2010-03-01,0.0,29.45,39.09,22.25,30.28,2.11,80,0.0,0.0,0,0.8573146280763322,0.5147928015098309,0.0
2010-03-02,0.0,28.85,38.12,22.29,35.43,1.77,80,0.0,0.0,0,0.8660254037844386,0.5000000000000001,0.0
2010-03-03,0.0,27.54,36.43,21.32,53.98,1.95,80,0.0,0.0,0,0.8744809578310397,0.4850598461951962,0.0
2010-03-04,0.0,26.84,35.48,20.04,54.66,2.15,80,0.0,0.0,0,0.8826787983255474,0.46997674302731995,0.0
2010-03-05,0.0,26.69,35.41,19.84,64.07,2.14,80,0.0,0.0,0,0.8906165093267404,0.4547551355561058,0.0
2010-03-06,0.0,26.14,33.74,20.72,64.8,2.12,80,0.0,0.0,0,0.8982917515547528,0.4393995096591417,0.0
2010-03-07,0.0,25.89,34.37,19.38,57.76,2.52,80,0.0,0.0,0,0.9057022630804714,0.42391439070986076,0.0
2010-03-08,0.0,27.16,36.91,18.64,42.7,2.11,80,0.0,0.0,0,0.9128458599921356,0.40830434224389334,0.0
2010-03-09,0.0,29.83,40.56,20.45,30.0,2.19,80,0.0,0.0,0,0.9197204370389467,0.3925739646141717,0.0
2010-03-10,0.02,31.5,40.42,24.85,26.15,2.02,80,0.0,0.02,0,0.926323968251495,0.3767278936351851,0.0
2010-03-11,0.0,31.65,40.72,24.29,48.15,1.69,80,0.0,0.02,0,0.9326545075388224,0.36077079921678346,0.0
2010-03-12,4.82,32.3,41.45,26.11,38.73,1.72,80,0.0,4.84,0,0.9387101892619443,0.3447073839879338,0.0
2010-03-13,1.17,31.17,40.05,25.12,36.58,1.92,80,0.0,6.01,0,0.9444892287836613,0.32854238191083485,0.0
2010-03-14,0.0,29.46,37.95,23.74,35.18,2.07,80,0.0,6.01,0,0.949989922994501,0.3122805568857947,0.0
2010-03-15,0.0,28.01,37.28,20.56,51.98,1.65,80,0.0,5.99,0,0.9552106508146316,0.2959267013472893,0.0
2010-03-16,0.0,28.46,38.4,20.25,48.86,1.81,80,0.0,5.99,0,0.9601498736716018,0.2794856348516095,0.0
2010-03-17,0.0,29.98,40.93,22.22,47.0,1.74,80,0.0,1.17,0,0.9648061359537645,0.2629622026565149,0.0
2010-03-18,0.0,31.48,41.75,23.62,38.75,1.7,80,0.0,0.0,0,0.9691780654392536,0.2463612742933148,0.0
2010-03-19,0.0,31.63,40.25,25.23,37.61,1.98,80,0.0,0.0,0,0.9732643737003824,0.22968774213179574,0.0
2010-03-20,0.0,31.99,41.97,25.38,40.99,2.01,80,0.0,0.0,0,0.9770638564833508,0.21294651993841582,0.0
2010-03-21,0.0,31.73,42.42,24.45,49.91,1.97,80,0.0,0.0,0,0.9805753940631429,0.19614254142819698,0.0
2010-03-22,0.0,30.89,41.68,23.24,44.86,2.69,80,0.0,0.0,0,0.9837979515735163,0.17928075881073577,0.0
2010-03-23,0.0,29.77,39.11,22.44,41.14,2.32,80,0.0,0.0,0,0.9867305793119814,0.162366141330764,0.0
2010-03-24,0.0,29.41,38.61,22.89,47.41,1.99,80,0.0,0.0,0,0.989372413019683,0.14540367380368976,0.0
2010-03-25,0.0,29.38,38.74,21.84,53.87,1.77,80,0.0,0.0,0,0.9917226741361015,0.12839835514655099,0.0
2010-03-26,0.0,29.09,38.15,21.94,55.59,2.15,80,0.0,0.0,0,0.9937806700284985,0.11135519690480875,0.0
2010-03-27,0.0,29.42,39.57,21.67,53.1,2.08,80,0.0,0.0,0,0.9955457941960382,0.09427922177542453,0.0
2010-03-28,0.0,29.77,40.57,21.59,50.96,2.21,80,0.0,0.0,0,0.9970175264485267,0.07717546212664653,0.0
2010-03-29,0.0,30.41,39.87,24.2,51.11,2.44,80,0.0,0.0,0,0.998195433059714,0.0600489585149486,0.0
2010-03-30,0.0,28.85,37.29,23.11,54.23,2.31,80,0.0,0.0,0,0.9990791668951153,0.042904758199554374,0.0
2010-03-31,0.0,28.24,36.58,22.57,64.66,2.09,80,0.0,0.0,0,0.999668467514313,0.025747913654988658,0.0
2010-04-01,0.0,28.38,35.7,23.6,63.04,2.47,80,0.0,0.0,0,0.9999631612477099,0.008583481082087055,0.0
2010-04-02,0.0,29.16,36.73,24.06,60.3,2.0,80,0.0,0.0,0,0.9999631612477099,-0.008583481082086933,0.0
2010-04-03,0.0,29.83,39.29,22.26,49.64,2.53,80,0.0,0.0,0,0.9996684675143132,-0.025747913654988314,0.0
2010-04-04,0.0,30.69,41.1,21.81,34.08,2.78,80,0.0,0.0,0,0.9990791668951153,-0.04290475819955447,0.0
2010-04-05,0.0,31.28,41.69,22.6,32.57,2.75,80,0.0,0.0,0,0.998195433059714,-0.06004895851494825,0.0
2010-04-06,0.0,30.96,41.29,22.43,39.6,2.23,80,0.0,0.0,0,0.9970175264485267,-0.07717546212664618,0.0
2010-04-07,0.0,30.99,40.27,24.39,53.07,2.08,80,0.0,0.0,0,0.9955457941960382,-0.0942792217754244,0.0
2010-04-08,0.0,31.49,40.18,26.03,54.28,1.63,80,0.0,0.0,0,0.9937806700284985,-0.11135519690480862,0.0
2010-04-09,0.0,30.28,36.02,26.79,60.6,2.35,80,0.0,0.0,0,0.9917226741361015,-0.12839835514655107,0.0
2010-04-10,0.0,29.34,35.19,25.03,64.24,1.65,80,0.0,0.0,0,0.9893724130196829,-0.14540367380368988,0.0
2010-04-11,0.0,31.05,40.62,24.09,50.61,2.15,80,0.0,0.0,0,0.9867305793119814,-0.16236614133076366,0.0
2010-04-12,0.0,30.26,37.96,24.17,55.15,2.2,80,0.0,0.0,0,0.9837979515735163,-0.17928075881073566,0.0
2010-04-13,0.0,30.45,39.03,24.85,58.48,1.79,80,0.0,0.0,0,0.980575394063143,-0.19614254142819687,0.0
2010-04-14,0.0,30.46,39.51,22.95,62.36,1.81,80,0.0,0.0,0,0.9770638564833507,-0.21294651993841593,0.0
2010-04-15,0.0,31.96,41.74,24.98,56.54,1.89,80,0.0,0.0,0,0.9732643737003824,-0.22968774213179563,0.0
2010-04-16,0.0,32.29,41.3,25.45,53.41,2.15,80,0.0,0.0,0,0.9691780654392537,-0.2463612742933147,0.0
2010-04-17,0.0,31.98,39.99,25.21,56.19,1.88,80,0.0,0.0,0,0.9648061359537646,-0.26296220265651454,0.0
2010-04-18,0.0,32.13,40.9,25.62,51.06,2.17,80,0.0,0.0,0,0.9601498736716018,-0.2794856348516094,0.0
2010-04-19,0.0,30.86,38.79,24.74,60.4,2.51,80,0.0,0.0,0,0.9552106508146317,-0.2959267013472892,0.0
2010-04-20,0.0,31.09,39.26,24.87,58.77,2.37,80,0.0,0.0,0,0.949989922994501,-0.31228055688579476,0.0
2010-04-21,0.0,31.24,39.38,25.62,56.86,2.15,80,0.0,0.0,0,0.9444892287836613,-0.32854238191083474,0.0
2010-04-22,0.0,32.23,40.96,25.13,56.05,2.73,80,0.0,0.0,0,0.9387101892619443,-0.3447073839879337,0.0
2010-04-23,0.0,33.83,43.04,25.76,47.74,3.08,80,0.0,0.0,0,0.9326545075388225,-0.3607707992167831,0.0
2010-04-24,0.0,33.26,41.2,26.68,47.09,2.41,80,0.0,0.0,0,0.926323968251495,-0.376727893635185,0.0
2010-04-25,0.0,32.72,40.53,26.62,49.46,2.57,80,0.0,0.0,0,0.9197204370389467,-0.39257396461417177,0.0
2010-04-26,0.0,33.26,41.56,26.52,51.45,2.78,80,0.0,0.0,0,0.9128458599921355,-0.40830434224389345,0.0
2010-04-27,0.0,33.07,41.87,26.24,51.42,2.39,80,0.0,0.0,0,0.9057022630804715,-0.42391439070986064,0.0
2010-04-28,0.0,32.38,40.84,26.06,54.1,2.45,80,0.0,0.0,0,0.898291751554753,-0.43939950965914143,0.0
2010-04-29,0.02,32.29,39.79,26.33,53.64,1.8,80,0.0,0.02,0,0.8906165093267405,-0.4547551355561055,0.0
2010-04-30,0.47,30.87,36.82,27.55,56.89,1.77,80,0.0,0.49,0,0.8826787983255476,-0.4699767430273197,0.0
2010-05-01,0.58,30.6,34.62,27.05,61.48,0.97,80,0.0,1.0699999999999998,0,0.8744809578310397,-0.4850598461951961,0.0
2010-05-02,0.66,31.62,36.97,27.24,56.52,1.84,80,0.0,1.73,0,0.8660254037844387,-0.4999999999999998,0.0
2010-05-03,0.13,32.16,38.73,27.37,55.65,1.89,80,0.0,1.8599999999999999,0,0.8573146280763323,-0.5147928015098308,0.0
2010-05-04,0.05,32.54,39.86,26.69,53.8,2.47,80,0.0,1.89,0,0.848351197812304,-0.5294338912181852,0.0
2010-05-05,0.09,31.87,39.14,26.22,57.72,2.99,80,0.0,1.51,0,0.8391377545563939,-0.5439189543287246,0.0
2010-05-06,0.0,31.93,39.24,26.2,56.69,2.8,80,0.0,0.93,0,0.8296770135526188,-0.5582437220268649,0.0
2010-05-07,0.25,33.06,40.93,26.18,54.57,2.89,80,0.0,0.52,0,0.8199717629247771,-0.5724039727378148,0.0
2010-05-08,0.25,33.88,41.81,28.19,52.2,2.8,80,0.0,0.64,0,0.8100248628547753,-0.5863955333706956,0.0
2010-05-09,0.0,33.07,40.53,27.88,56.44,2.97,80,0.0,0.59,0,0.7998392447397195,-0.6002142805483681,0.0
2010-05-10,0.0,32.66,39.3,27.52,55.34,2.55,80,0.0,0.5,0,0.7894179103280199,-0.6138561418226116,0.0
2010-05-11,0.0,32.41,40.7,26.22,54.44,3.02,80,0.0,0.5,0,0.7787639308347607,-0.6273170968742938,0.0
2010-05-12,0.0,31.79,39.19,26.39,59.31,2.61,80,0.0,0.25,0,0.7678804460366001,-0.6405931786981751,0.0
2010-05-13,0.0,31.72,39.24,26.67,60.91,2.69,80,0.0,0.0,0,0.7567706633464627,-0.6536804747720057,0.0
2010-05-14,0.0,31.34,37.55,26.99,61.22,2.69,80,0.0,0.0,0,0.7454378568683001,-0.6665751282095632,0.0
2010-05-15,0.0,31.24,38.22,26.39,60.23,2.51,80,0.0,0.0,0,0.7338853664321991,-0.6792733388972931,0.0
2010-05-16,0.0,31.62,39.34,26.19,60.75,2.6,80,0.0,0.0,0,0.722116596610116,-0.6917713646142222,0.0
2010-05-17,0.0,32.24,39.25,27.77,59.34,3.19,80,0.0,0.0,0,0.7101350157125357,-0.7040655221348058,0.0
2010-05-18,0.0,33.26,41.76,27.32,55.3,3.2,80,0.0,0.0,0,0.6979441547663435,-0.7161521883143933,0.0
2010-05-19,0.0,33.06,40.96,27.71,58.41,2.85,80,0.0,0.0,0,0.6855476064742155,-0.7280278011569847,0.0
2010-05-20,0.0,32.7,40.2,28.04,62.43,3.3,80,0.0,0.0,0,0.672949024155833,-0.7396888608649667,0.0
2010-05-21,0.0,31.57,36.71,28.55,67.89,3.27,80,0.0,0.0,0,0.660152120671232,-0.7511319308705197,0.0
2010-05-22,0.0,31.77,37.3,28.71,66.54,3.52,80,0.0,0.0,0,0.647160667326606,-0.7623536388483902,0.0
2010-05-23,0.0,32.21,38.62,28.14,63.97,3.26,80,0.0,0.0,0,0.6339784927628868,-0.7733506777097298,0.0
2010-05-24,0.0,31.8,37.6,27.83,65.92,3.07,80,0.0,0.0,0,0.620609481827423,-0.7841198065767103,0.0
2010-05-25,0.0,31.78,37.37,28.31,67.85,3.83,80,0.0,0.0,0,0.6070575744291006,-0.7946578517376249,0.0
2010-05-26,0.0,31.83,36.89,28.67,67.7,4.18,80,0.0,0.0,0,0.593326764377232,-0.8049617075821959,0.0
2010-05-27,0.0,32.06,37.41,28.57,64.49,4.02,80,0.0,0.0,0,0.5794210982045638,-0.8150283375168113,0.0
2010-05-28,0.0,31.94,37.33,28.41,63.83,3.85,80,0.0,0.0,0,0.5653446739747428,-0.8248547748594245,0.0
2010-05-29,0.0,31.85,37.92,27.96,60.94,3.53,80,0.0,0.0,0,0.5511016400746,-0.8344381237138473,0.0
2010-05-30,0.0,32.01,38.43,27.47,57.15,3.01,80,0.0,0.0,0,0.5366961939916005,-0.8437755598231856,0.0
2010-05-31,6.07,32.28,39.45,27.53,58.56,2.91,80,0.0,6.07,0,0.522132581076825,-0.8528643314021596,0.0
2010-06-01,40.55,30.28,34.42,27.5,73.16,3.45,80,8.490667761357415,46.62,0,0.5074150932938458,-0.861701759948068,0.0
2010-06-02,16.08,29.37,32.89,26.76,78.45,2.72,86,1.2408642576191122,62.699999999999996,0,0.4925480679538644,-0.8702852410301553,0.0
2010-06-03,2.07,29.93,33.6,27.07,75.65,2.11,92,0.0,64.77,0,0.47753588643748834,-0.8786122450571482,0.0
2010-06-04,0.58,30.1,34.54,27.03,73.93,2.72,92,0.0,65.35,0,0.4623829729035151,-0.8866803180227399,0.0
2010-06-05,0.0,30.57,35.2,26.93,71.63,3.31,92,0.0,59.279999999999994,0,0.44709379298511426,-0.8944870822287954,0.0
2010-06-06,5.76,30.23,33.68,27.77,73.86,3.7,92,0.07693689972116086,24.49,0,0.43167285247378384,-0.9020302369860707,0.0
2010-06-07,8.82,30.08,33.61,27.66,74.26,3.76,80,0.0,17.23,0,0.4161246959914746,-0.9093075592922357,0.0
2010-06-08,4.49,30.09,34.03,27.29,73.57,2.69,80,0.0,19.65,0,0.4004539056512664,-0.9163169044870048,0.0
2010-06-09,2.9,30.35,35.72,26.7,71.03,2.54,80,0.0,21.970000000000002,0,0.3846650997070012,-0.923056206884176,0.0
2010-06-10,18.0,29.12,32.27,27.21,79.47,1.62,80,0.40828488372093,39.97,0,0.3687629311922603,-0.9295234803804002,1.0
2010-06-11,38.77,28.89,31.82,27.01,85.03,1.85,86,12.94747710877311,72.98000000000002,1,0.352752086549095,-0.9357168190404935,0.0
2010-06-12,14.12,28.16,30.56,26.76,85.07,1.79,92,2.961368450847611,78.28,0,0.3366372842469106,-0.9416343976591258,0.0
2010-06-13,6.08,27.79,30.17,25.69,85.45,2.56,92,0.11639234864114528,79.87,0,0.3204232733919116,-0.9472744722987168,1.0
2010-06-14,76.07,27.94,31.26,25.3,83.93,1.4,92,54.769790333310944,153.04,1,0.30411483232751846,-0.9526353808033824,1.0
2010-06-15,97.34,27.35,28.56,26.57,91.49,4.35,92,75.07733109401931,232.38,1,0.2877167672261668,-0.9577155432887804,1.0
2010-06-16,56.08,27.77,29.6,26.58,89.0,5.05,92,36.19038470766032,249.69,1,0.27123391067291,-0.9625134626077081,0.0
2010-06-17,10.69,28.41,30.67,26.8,86.61,4.82,92,1.3873844520240688,246.26000000000002,0,0.2546711202412288,-0.9670277247913204,0.0
2010-06-18,18.26,27.64,29.82,26.26,88.99,3.51,92,5.333151524143543,258.44,0,0.2380332770614858,-0.9712569994658313,0.0
2010-06-19,9.41,28.01,30.51,26.42,89.24,2.61,92,0.9204779097373913,191.78,0,0.22132528438243243,-0.9752000402445825,0.0
2010-06-20,5.22,28.13,30.77,26.25,89.52,1.96,92,0.028142986213082,99.66,0,0.2045520661262008,-0.9788556850953578,0.0
2010-06-21,1.81,27.79,30.18,26.43,88.82,3.44,92,0.0,45.39,0,0.18771856543719884,-0.9822228566828406,1.0
2010-06-22,41.84,28.24,30.74,26.4,89.83,3.22,86,15.042371955575511,76.54,1,0.17082974322534442,-0.985300562686109,1.0
2010-06-23,46.94,27.18,29.26,25.71,90.18,3.71,92,27.986138649898216,105.22,1,0.15389057670406214,-0.9880878960910771,1.0
2010-06-24,75.27,27.13,28.77,25.82,91.28,4.39,92,54.014586223175286,171.07999999999998,1,0.13690605792347574,-0.9905840354577969,0.0
2010-06-25,22.99,27.32,29.22,26.11,90.4,3.59,92,8.483656721795755,188.85,0,0.11988119229922782,-0.9927882451625399,0.0
2010-06-26,1.59,28.19,31.17,25.82,87.5,2.18,92,0.0,188.63,0,0.10282099713736025,-0.9946998756145891,0.0
2010-06-27,12.62,27.71,29.86,26.44,90.5,3.33,92,2.2213190889698553,159.41,0,0.0857305001556943,-0.9963183634476755,0.0
2010-06-28,21.5,26.95,27.96,25.8,93.82,3.88,92,7.450057671796805,133.97,0,0.0686147380021341,-0.9976432316860063,0.0
2010-06-29,5.02,27.18,28.64,25.84,91.88,3.32,92,0.016004592269457586,63.72,0,0.05147875477034673,-0.9986740898848305,0.0
2010-06-30,4.4,27.83,30.16,26.22,88.64,3.16,92,0.0,45.13,0,0.03432760051324382,-0.9994106342455052,0.0
2010-07-01,27.26,27.51,29.81,25.9,89.33,2.67,86,5.976706866747447,70.8,0,0.01716632975470737,-0.9998526477050269,0.0
2010-07-02,17.36,26.22,28.35,23.98,88.01,2.85,92,4.781992548557417,75.53999999999999,0,1.2246467991473532e-16,-1.0,1.0
2010-07-03,54.54,25.42,27.4,23.86,90.35,2.87,92,34.7914558811441,108.58,1,-0.017166329754707124,-0.9998526477050269,0.0
2010-07-04,6.06,26.31,28.65,24.28,86.7,3.29,92,0.11370470981300004,109.62,0,-0.03432760051324313,-0.9994106342455054,0.0
2010-07-05,24.77,27.45,30.07,25.58,88.89,4.61,92,9.760436484127544,129.99,0,-0.051478754770346045,-0.9986740898848305,1.0
2010-07-06,28.91,27.13,28.93,25.96,90.88,4.52,92,12.878778020331492,131.64000000000001,1,-0.06861473800213432,-0.9976432316860063,1.0
2010-07-07,46.85,26.87,28.27,25.67,91.37,3.63,92,27.906671017569156,161.13,1,-0.0857305001556945,-0.9963183634476755,1.0
2010-07-08,49.46,26.91,28.74,25.63,91.73,4.29,92,30.222698322855052,156.05,1,-0.10282099713736044,-0.9946998756145891,1.0
2010-07-09,28.78,27.3,29.56,25.43,90.4,3.4,92,12.778089518806507,178.77,1,-0.11988119229922714,-0.99278824516254,1.0
2010-07-10,32.52,27.47,29.66,25.71,91.0,2.84,92,15.735474337747103,186.51999999999998,1,-0.13690605792347504,-0.990584035457797,0.0
2010-07-11,14.64,27.28,29.03,26.0,90.85,3.19,92,3.234389811230676,172.25,0,-0.15389057670406148,-0.9880878960910772,0.0
2010-07-12,18.27,27.09,29.28,25.46,89.8,3.58,92,5.339373654470354,143.67000000000002,0,-0.17082974322534417,-0.985300562686109,1.0
2010-07-13,30.78,27.1,29.21,25.64,89.58,3.97,92,14.344548482978034,124.99,1,-0.1877185654371986,-0.9822228566828407,0.0
2010-07-14,10.6,27.04,29.16,25.56,91.09,2.78,92,1.3521485028018136,106.81000000000002,0,-0.20455206612620058,-0.9788556850953579,0.0
2010-07-15,7.24,26.91,28.73,25.49,91.96,2.69,92,0.3198417868493668,81.53,0,-0.22132528438243218,-0.9752000402445826,1.0
2010-07-16,36.89,26.65,28.48,24.91,90.91,3.14,92,19.326955984701,103.78,1,-0.23803327706148514,-0.9712569994658315,0.0
2010-07-17,17.51,26.62,28.82,25.01,89.62,3.49,92,4.872612876202515,103.02000000000001,0,-0.254671120241229,-0.9670277247913203,0.0
2010-07-18,13.01,27.13,29.39,25.45,91.57,3.99,92,2.4065831335427057,85.25,0,-0.2712339106729102,-0.9625134626077081,0.0
2010-07-19,15.09,26.99,28.33,25.98,93.72,4.4,92,3.476986816358634,89.74,0,-0.287716767226167,-0.9577155432887803,0.0
2010-07-20,13.6,26.9,28.2,25.95,93.46,4.32,92,2.6965613967209947,96.1,0,-0.3041148323275178,-0.9526353808033826,1.0
2010-07-21,48.68,26.59,27.65,25.88,94.57,4.14,92,29.528129116223525,107.89,1,-0.32042327339191096,-0.947274472298717,1.0
2010-07-22,69.18,26.55,27.49,25.88,94.35,4.95,92,48.29264803534435,159.56,1,-0.3366372842469099,-0.941634397659126,1.0
2010-07-23,36.62,26.32,27.15,25.78,94.71,4.54,92,19.101424051800922,183.17000000000002,1,-0.35275208654909473,-0.9357168190404936,1.0
2010-07-24,81.46,26.35,27.44,25.54,94.66,4.15,92,59.87682425131874,249.54,1,-0.36876293119226006,-0.9295234803804003,1.0
2010-07-25,81.86,26.31,27.5,25.4,92.9,4.63,92,60.25704652168974,317.8,1,-0.38466509970700097,-0.9230562068841761,1.0
2010-07-26,85.4,26.36,27.47,25.7,92.59,5.65,92,63.62870452903137,354.52,1,-0.40045390565126615,-0.9163169044870049,1.0
2010-07-27,37.87,26.65,28.25,25.5,91.91,5.49,92,20.14918597515421,323.21,1,-0.4161246959914748,-0.9093075592922356,0.0
2010-07-28,12.63,26.69,28.93,25.29,90.88,4.01,92,2.2260036110745447,299.21999999999997,0,-0.431672852473784,-0.9020302369860707,0.0
2010-07-29,20.73,26.14,28.02,25.1,92.12,3.33,92,6.929797276375117,238.49,0,-0.44709379298511404,-0.8944870822287955,1.0
2010-07-30,30.97,26.42,28.54,24.94,91.99,3.13,92,14.49521650519057,187.6,1,-0.4623829729035149,-0.88668031802274,1.0
2010-07-31,59.65,26.16,27.36,25.24,94.29,3.88,92,39.454969188585906,161.85,1,-0.4775358864374881,-0.8786122450571483,1.0
2010-08-01,36.94,26.48,28.03,25.53,91.66,5.36,92,19.3687694117305,160.92,1,-0.4925480679538642,-0.8702852410301554,1.0
2010-08-02,33.08,26.4,27.81,25.44,92.61,5.59,92,16.188220208801738,181.37,1,-0.5074150932938452,-0.8617017599480683,1.0
2010-08-03,29.68,26.8,28.39,25.77,91.79,5.62,92,13.478463744694173,190.32,1,-0.5221325810768248,-0.8528643314021597,0.0
2010-08-04,7.38,26.44,28.38,25.2,90.86,4.41,92,0.35038733037410913,166.73,0,-0.5366961939916004,-0.8437755598231858,0.0
2010-08-05,0.27,26.33,28.46,24.91,90.12,3.52,92,0.0,107.35,0,-0.5511016400745999,-0.8344381237138474,0.0
2010-08-06,14.64,26.11,28.13,24.49,91.62,2.89,92,3.234389811230676,85.05,0,-0.5653446739747425,-0.8248547748594246,1.0
2010-08-07,33.34,25.51,27.06,24.45,93.76,3.28,92,16.399224149368187,85.31,1,-0.5794210982045637,-0.8150283375168114,0.0
2010-08-08,11.09,26.33,28.63,24.79,90.09,4.14,92,1.5481356017986292,66.72,0,-0.5933267643772321,-0.8049617075821958,0.0
2010-08-09,4.13,26.15,28.53,24.35,88.74,4.03,92,0.0,63.47,0,-0.6070575744291004,-0.794657851737625,0.0
2010-08-10,2.79,26.55,29.21,24.39,88.68,3.38,92,0.0,65.99000000000001,0,-0.6206094818274228,-0.7841198065767104,0.0
2010-08-11,7.42,26.93,29.57,24.73,88.83,3.14,92,0.35933898818448556,58.77,0,-0.6339784927628865,-0.77335067770973,0.0
2010-08-12,15.51,26.83,29.24,25.19,90.57,2.9,92,3.708486439429376,40.94,0,-0.6471606673266059,-0.7623536388483905,0.0
2010-08-13,5.88,26.51,28.58,25.2,90.61,2.99,86,0.0,35.73,0,-0.6601521206712315,-0.7511319308705201,0.0
2010-08-14,7.47,26.5,29.07,24.54,89.69,2.3,86,0.0,39.07,0,-0.6729490241558326,-0.7396888608649671,0.0
2010-08-15,5.75,26.92,29.81,24.63,88.97,1.65,86,0.0,42.03,0,-0.6855476064742154,-0.7280278011569848,1.0
2010-08-16,56.59,26.56,28.64,24.99,89.91,1.14,86,26.03846432809157,91.2,1,-0.6979441547663433,-0.7161521883143935,1.0
2010-08-17,114.76,26.59,29.02,24.54,92.42,2.63,92,91.93937376276207,190.45,1,-0.7101350157125356,-0.7040655221348059,1.0
2010-08-18,53.88,25.81,26.61,24.87,94.01,3.16,92,34.19377394601599,238.45000000000002,1,-0.7221165966101161,-0.691771364614222,1.0
2010-08-19,28.43,26.46,28.79,24.64,90.5,2.31,92,12.50782677995807,259.41,1,-0.7338853664321993,-0.6792733388972929,0.0
2010-08-20,11.34,26.39,28.81,24.73,90.78,1.9,92,1.6519555117078915,265.0,0,-0.7454378568683002,-0.6665751282095631,0.0
2010-08-21,7.95,26.02,28.67,24.44,91.75,2.41,92,0.48710132629909086,216.36,0,-0.7567706633464625,-0.653680474772006,0.0
2010-08-22,2.98,26.08,28.99,23.83,89.68,2.19,92,0.0,104.58,0,-0.7678804460366,-0.6405931786981752,0.0
2010-08-23,4.65,26.78,29.51,24.43,89.79,2.49,92,0.002424187244061832,55.35,0,-0.7787639308347605,-0.627317096874294,0.0
2010-08-24,5.09,26.89,29.14,25.25,90.48,2.6,92,0.019877464843714342,32.01,0,-0.7894179103280194,-0.6138561418226122,0.0
2010-08-25,11.0,26.49,28.93,25.11,90.82,2.51,80,0.0,31.67,0,-0.7998392447397191,-0.6002142805483686,0.0
2010-08-26,43.22,25.76,27.36,24.25,93.44,2.12,80,9.907151669857473,66.94,0,-0.8100248628547748,-0.5863955333706962,0.0
2010-08-27,20.03,26.05,29.31,23.74,90.62,1.78,92,6.465685980142477,83.99,0,-0.8199717629247767,-0.5724039727378154,1.0
2010-08-28,43.87,26.7,29.56,24.96,92.08,2.69,92,25.29280678850774,123.21000000000001,1,-0.8296770135526184,-0.5582437220268655,1.0
2010-08-29,103.07,26.3,27.7,25.37,93.74,4.61,92,80.60603154346644,221.19,1,-0.8391377545563938,-0.5439189543287248,1.0
2010-08-30,89.3,26.25,28.24,25.24,92.1,5.09,92,67.35614232269305,299.49,1,-0.8483511978123038,-0.5294338912181854,1.0
2010-08-31,58.87,25.77,26.63,25.18,92.16,5.27,92,38.73926622577794,315.14,1,-0.8573146280763322,-0.514792801509831,0.0
2010-09-01,23.0,26.22,28.15,24.87,90.74,4.34,92,8.490706603080758,318.11,0,-0.8660254037844384,-0.5000000000000004,0.0
2010-09-02,2.09,26.23,28.38,24.5,91.02,3.75,92,0.0,276.33,0,-0.8744809578310394,-0.4850598461951967,0.0
2010-09-03,1.21,26.05,27.91,24.48,90.81,3.25,92,0.0,174.47,0,-0.8826787983255475,-0.4699767430273199,0.0
2010-09-04,6.76,26.17,28.45,24.48,90.83,3.42,92,0.22463827956456753,91.92999999999999,0,-0.8906165093267404,-0.45475513555610575,0.0
2010-09-05,8.17,25.89,27.36,24.89,93.76,3.19,92,0.5449809973275551,41.230000000000004,0,-0.8982917515547529,-0.4393995096591416,0.0
2010-09-06,9.74,26.22,28.02,24.91,92.39,3.21,86,0.050481801373861886,27.97,0,-0.9057022630804714,-0.42391439070986087,0.0
2010-09-07,17.13,26.07,28.03,24.94,92.19,3.16,80,0.2888988664801999,43.010000000000005,0,-0.9128458599921354,-0.40830434224389367,1.0
2010-09-08,48.15,26.0,28.2,24.37,92.21,2.96,86,19.579603132778566,89.94999999999999,1,-0.9197204370389468,-0.3925739646141714,0.0
2010-09-09,19.94,24.83,26.59,23.73,92.34,2.72,92,6.406651587849692,103.13,0,-0.9263239682514951,-0.3767278936351848,0.0
2010-09-10,2.42,25.75,28.44,23.47,91.5,3.01,92,0.0,97.38000000000001,0,-0.9326545075388225,-0.3607707992167831,0.0
2010-09-11,1.84,26.0,28.96,23.88,89.54,2.88,92,0.0,89.47999999999999,0,-0.9387101892619443,-0.3447073839879337,0.0
2010-09-12,1.48,26.13,29.14,23.85,89.41,2.28,92,0.0,73.83,0,-0.9444892287836613,-0.32854238191083474,0.0
2010-09-13,1.18,26.2,29.1,23.92,89.4,1.91,92,0.0,26.86,0,-0.9499899229945009,-0.3122805568857948,0.0
2010-09-14,4.52,26.3,29.05,24.05,89.82,1.9,80,0.0,11.44,0,-0.9552106508146316,-0.29592670134728966,0.0
2010-09-15,2.34,26.51,29.42,24.48,87.08,1.92,80,0.0,11.36,0,-0.9601498736716017,-0.2794856348516098,0.0
2010-09-16,5.57,26.29,28.67,24.46,88.86,1.56,80,0.0,15.09,0,-0.9648061359537644,-0.2629622026565152,0.0
2010-09-17,29.57,26.23,28.45,24.69,90.61,1.83,80,3.5410837377130755,43.18,0,-0.9691780654392534,-0.24636127429331536,0.0
2010-09-18,17.01,26.22,28.89,24.41,89.93,2.64,86,1.5251164680246756,59.010000000000005,0,-0.9732643737003823,-0.2296877421317963,0.0
2010-09-19,10.16,26.62,30.23,23.98,87.55,1.62,92,1.1849827467218776,64.65,0,-0.9770638564833508,-0.21294651993841573,0.0
2010-09-20,3.9,26.86,30.82,23.73,85.83,1.05,92,0.0,66.21000000000001,0,-0.9805753940631429,-0.19614254142819712,0.0
2010-09-21,8.87,27.14,30.44,24.76,87.14,1.37,92,0.7470252068638116,69.51,0,-0.9837979515735163,-0.1792807588107359,0.0
2010-09-22,0.6,26.36,28.43,25.0,91.12,1.39,92,0.0,40.54,0,-0.9867305793119814,-0.16236614133076413,0.0
2010-09-23,0.01,26.73,29.98,24.59,89.16,1.4,86,0.0,23.54,0,-0.9893724130196829,-0.14540367380369032,0.0
2010-09-24,1.22,26.6,29.33,24.62,88.77,1.1,80,0.0,14.6,0,-0.9917226741361014,-0.12839835514655154,0.0
2010-09-25,0.59,26.69,30.6,23.29,85.77,1.21,80,0.0,11.29,0,-0.9937806700284985,-0.11135519690480865,0.0
2010-09-26,5.11,27.56,31.7,23.62,84.67,1.51,80,0.0,7.53,0,-0.9955457941960382,-0.09427922177542443,0.0
2010-09-27,10.09,28.38,31.89,24.54,80.6,1.14,80,0.0,17.02,0,-0.9970175264485267,-0.07717546212664643,0.0
2010-09-28,3.42,28.55,32.2,25.51,82.57,1.52,80,0.0,20.43,0,-0.998195433059714,-0.06004895851494849,0.0
2010-09-29,12.12,27.96,31.48,25.01,84.25,1.46,80,0.0,31.33,0,-0.9990791668951153,-0.04290475819955383,0.0
2010-09-30,2.42,28.33,32.65,24.82,82.44,1.51,80,0.0,33.16,0,-0.9996684675143132,-0.025747913654988113,0.0
2010-10-01,0.03,27.6,32.52,23.59,77.99,2.11,80,0.0,28.08,0,-0.9999631612477099,-0.008583481082086734,0.0
2010-10-02,0.0,27.51,32.57,22.16,75.35,1.97,80,0.0,17.99,0,-0.9999631612477099,0.008583481082087254,0.0
2010-10-03,3.01,28.74,33.19,23.92,76.17,1.34,80,0.0,17.58,0,-0.999668467514313,0.025747913654988634,1.0
2010-10-04,66.69,28.39,31.47,25.52,81.31,0.9,80,24.809942122733844,72.14999999999999,1,-0.9990791668951153,0.04290475819955435,0.0
2010-10-05,24.71,28.42,32.39,24.15,79.69,1.2,92,9.716710531656707,94.44,0,-0.998195433059714,0.06004895851494813,0.0
2010-10-06,1.05,27.9,32.41,23.88,81.71,1.37,92,0.0,95.46,0,-0.9970175264485267,0.07717546212664607,0.0
2010-10-07,0.0,27.66,33.3,23.49,79.32,1.57,92,0.0,95.46,0,-0.9955457941960382,0.09427922177542405,0.0
2010-10-08,0.0,27.21,33.0,21.82,72.82,1.55,92,0.0,92.45,0,-0.9937806700284985,0.11135519690480827,0.0
2010-10-09,0.0,26.92,31.41,22.8,78.49,1.39,92,0.0,25.76,0,-0.9917226741361016,0.1283983551465503,0.0
2010-10-10,5.36,26.66,30.22,24.42,82.35,1.36,80,0.0,6.41,0,-0.9893724130196829,0.14540367380368996,0.0
2010-10-11,11.88,26.05,29.11,23.58,84.59,1.43,80,0.0,17.240000000000002,0,-0.9867305793119814,0.16236614133076377,0.0
2010-10-12,8.35,26.0,29.25,23.82,86.26,1.54,80,0.0,25.59,0,-0.9837979515735163,0.17928075881073555,0.0
2010-10-13,3.98,26.43,30.1,23.37,82.25,1.01,80,0.0,29.57,0,-0.980575394063143,0.19614254142819676,0.0
2010-10-14,1.36,26.75,30.87,23.63,81.39,1.29,80,0.0,30.93,0,-0.9770638564833509,0.21294651993841537,0.0
2010-10-15,0.69,26.55,30.61,23.82,84.09,1.31,80,0.0,26.26,0,-0.9732643737003827,0.22968774213179508,0.0
2010-10-16,0.65,26.6,30.14,23.6,84.96,1.7,80,0.0,15.029999999999998,0,-0.9691780654392538,0.24636127429331414,0.0
2010-10-17,10.08,26.26,29.31,23.3,85.88,1.68,80,0.0,16.759999999999998,0,-0.9648061359537647,0.262962202656514,0.0
2010-10-18,13.34,26.55,28.81,24.87,91.71,2.09,80,0.006386030558154014,26.119999999999997,0,-0.9601498736716018,0.2794856348516095,0.0
2010-10-19,15.65,26.17,27.71,24.57,93.69,3.34,80,0.13096313017306238,40.41,0,-0.9552106508146317,0.2959267013472893,0.0
2010-10-20,10.54,26.4,30.03,24.13,89.51,2.15,86,0.11815831689019211,50.26,0,-0.9499899229945011,0.3122805568857945,0.0
2010-10-21,1.86,26.6,29.61,23.84,88.99,1.18,86,0.0,51.46999999999999,0,-0.9444892287836614,0.3285423819108344,0.0
2010-10-22,12.49,26.63,29.25,25.08,88.92,1.07,86,0.3908432394094236,53.879999999999995,0,-0.938710189261944,0.3447073839879342,0.0
2010-10-23,3.24,26.66,30.36,24.17,86.38,1.66,92,0.0,43.78,0,-0.9326545075388223,0.3607707992167836,0.0
2010-10-24,0.31,25.73,29.62,22.89,86.16,1.77,86,0.0,28.439999999999998,0,-0.9263239682514949,0.3767278936351853,0.0
2010-10-25,0.0,25.39,28.6,23.11,85.72,1.33,80,0.0,17.9,0,-0.9197204370389466,0.3925739646141719,0.0
2010-10-26,0.0,26.98,32.47,22.63,76.54,1.67,80,0.0,16.04,0,-0.9128458599921356,0.40830434224389334,0.0
2010-10-27,0.0,26.35,31.63,21.97,77.43,1.93,80,0.0,3.5499999999999985,0,-0.9057022630804715,0.42391439070986053,0.0
2010-10-28,0.01,25.58,31.66,20.45,74.53,1.95,80,0.0,0.31999999999999823,0,-0.898291751554753,0.4393995096591413,0.0
2010-10-29,0.0,25.48,31.58,20.38,74.75,2.13,80,0.0,0.009999999999998224,0,-0.8906165093267405,0.4547551355561054,0.0
2010-10-30,0.0,25.06,31.29,20.16,76.01,2.63,80,0.0,0.009999999999998224,0,-0.8826787983255476,0.46997674302731957,0.0
2010-10-31,0.0,24.62,31.14,19.97,74.35,2.69,80,0.0,0.009999999999998224,0,-0.8744809578310401,0.4850598461951956,0.0
2010-11-01,0.0,23.75,30.38,19.19,73.82,2.69,80,0.0,0.009999999999998224,0,-0.8660254037844386,0.5000000000000001,0.0
2010-11-02,0.0,23.94,30.66,18.02,74.93,2.44,80,0.0,0.0,0,-0.8573146280763323,0.5147928015098308,0.0
2010-11-03,0.02,26.04,31.9,21.07,81.63,2.08,80,0.0,0.019999999999998224,0,-0.848351197812304,0.5294338912181851,0.0
2010-11-04,2.1,27.25,31.93,23.8,80.69,1.6,80,0.0,2.1199999999999983,0,-0.8391377545563939,0.5439189543287245,0.0
2010-11-05,6.4,26.28,30.05,23.8,85.61,1.27,80,0.0,8.52,0,-0.8296770135526191,0.5582437220268645,0.0
2010-11-06,1.5,26.24,29.81,23.67,85.02,0.92,80,0.0,10.02,0,-0.8199717629247775,0.5724039727378144,0.0
2010-11-07,0.0,24.69,30.02,20.77,75.94,2.48,80,0.0,10.02,0,-0.8100248628547756,0.5863955333706952,0.0
2010-11-08,0.76,25.38,30.63,20.85,82.87,2.77,80,0.0,10.76,0,-0.7998392447397199,0.6002142805483676,0.0
2010-11-09,4.21,26.57,30.95,24.17,86.45,2.76,80,0.0,12.87,0,-0.7894179103280197,0.613856141822612,0.0
2010-11-10,0.33,26.58,31.24,22.72,85.44,1.74,80,0.0,6.799999999999998,0,-0.7787639308347607,0.6273170968742937,0.0
2010-11-11,0.13,26.59,30.28,24.13,85.43,0.93,80,0.0,5.429999999999998,0,-0.7678804460366002,0.640593178698175,0.0
2010-11-12,0.05,25.83,28.94,23.81,86.43,0.81,80,0.0,5.479999999999998,0,-0.7567706633464628,0.6536804747720056,0.0
2010-11-13,1.76,26.28,30.75,22.84,86.65,1.16,80,0.0,6.479999999999999,0,-0.7454378568682999,0.6665751282095634,0.0
2010-11-14,2.84,27.03,31.56,23.25,83.77,1.15,80,0.0,5.109999999999998,0,-0.7338853664321989,0.6792733388972934,0.0
2010-11-15,13.05,26.41,29.31,24.16,85.52,1.26,80,0.0019185591229443967,17.83,0,-0.7221165966101161,0.6917713646142221,0.0
2010-11-16,1.76,25.98,29.71,23.15,82.58,1.61,80,0.0,19.46,0,-0.7101350157125358,0.7040655221348057,0.0
2010-11-17,0.94,26.22,31.3,22.23,77.49,2.05,80,0.0,20.349999999999998,0,-0.6979441547663436,0.7161521883143933,0.0
2010-11-18,0.22,26.6,31.38,22.75,78.7,1.65,80,0.0,18.81,0,-0.6855476064742156,0.7280278011569846,0.0
2010-11-19,0.34,26.62,30.63,23.83,81.02,1.3,80,0.0,16.31,0,-0.6729490241558331,0.7396888608649665,0.0
2010-11-20,1.06,26.01,29.85,23.28,83.93,1.02,80,0.0,4.3199999999999985,0,-0.6601521206712321,0.7511319308705195,0.0
2010-11-21,10.03,24.45,26.66,22.57,89.53,1.02,80,0.0,12.589999999999998,0,-0.6471606673266065,0.7623536388483899,0.0
2010-11-22,4.04,24.85,28.56,22.12,83.68,1.24,80,0.0,15.689999999999998,0,-0.6339784927628872,0.7733506777097294,0.0
2010-11-23,9.11,25.11,29.07,22.57,86.58,2.32,80,0.0,24.58,0,-0.6206094818274227,0.7841198065767104,0.0
2010-11-24,4.69,24.73,27.92,22.77,88.97,1.89,80,0.0,28.929999999999996,0,-0.607057574429101,0.7946578517376245,0.0
2010-11-25,0.34,25.22,30.1,21.8,86.17,1.51,80,0.0,28.209999999999997,0,-0.5933267643772321,0.8049617075821959,0.0
2010-11-26,0.0,25.67,30.71,22.61,84.49,1.41,80,0.0,18.179999999999996,0,-0.5794210982045647,0.8150283375168107,0.0
2010-11-27,0.0,26.0,30.56,22.76,81.54,1.21,80,0.0,14.139999999999999,0,-0.5653446739747432,0.8248547748594242,0.0
2010-11-28,0.0,25.56,30.84,21.04,75.81,1.63,80,0.0,5.0299999999999985,0,-0.5511016400745998,0.8344381237138475,0.0
2010-11-29,0.0,24.81,31.19,19.37,74.42,1.9,80,0.0,0.33999999999999825,0,-0.5366961939916011,0.8437755598231853,0.0
2010-11-30,0.0,25.42,31.27,20.78,74.82,1.83,80,0.0,0.0,0,-0.5221325810768248,0.8528643314021598,0.0
2010-12-01,0.0,24.95,30.64,20.24,76.77,1.64,80,0.0,0.0,0,-0.5074150932938463,0.8617017599480677,0.0
2010-12-02,0.0,24.99,30.8,20.03,75.45,1.17,80,0.0,0.0,0,-0.4925480679538645,0.8702852410301551,0.0
2010-12-03,0.0,25.2,30.94,20.73,75.05,1.81,80,0.0,0.0,0,-0.47753588643748845,0.8786122450571482,0.0
2010-12-04,0.0,24.89,30.39,20.62,76.34,1.84,80,0.0,0.0,0,-0.4623829729035152,0.8866803180227398,0.0
2010-12-05,0.0,24.69,30.19,20.3,74.19,2.04,80,0.0,0.0,0,-0.44709379298511437,0.8944870822287954,0.0
2010-12-06,0.0,22.47,28.44,18.31,70.8,2.87,80,0.0,0.0,0,-0.43167285247378356,0.9020302369860709,0.0
2010-12-07,0.0,22.05,28.44,16.46,72.89,2.45,80,0.0,0.0,0,-0.4161246959914751,0.9093075592922355,0.0
2010-12-08,0.0,23.89,29.62,19.7,80.74,2.12,80,0.0,0.0,0,-0.4004539056512665,0.9163169044870048,0.0
2010-12-09,0.0,23.43,29.39,19.53,80.94,1.44,80,0.0,0.0,0,-0.3846650997070013,0.923056206884176,0.0
2010-12-10,0.0,21.09,26.12,17.91,75.84,1.66,80,0.0,0.0,0,-0.3687629311922604,0.9295234803804002,0.0
2010-12-11,0.0,20.24,25.17,15.7,73.89,1.32,80,0.0,0.0,0,-0.3527520865490943,0.9357168190404939,0.0
2010-12-12,0.0,19.7,23.94,16.73,73.67,1.22,80,0.0,0.0,0,-0.3366372842469107,0.9416343976591258,0.0
2010-12-13,0.0,18.94,24.81,13.81,75.17,1.5,80,0.0,0.0,0,-0.3204232733919109,0.947274472298717,0.0
2010-12-14,0.0,20.39,28.52,14.08,71.14,1.72,80,0.0,0.0,0,-0.30411483232751857,0.9526353808033823,0.0
2010-12-15,0.0,21.36,29.12,15.06,67.97,2.31,80,0.0,0.0,0,-0.28771676722616696,0.9577155432887803,0.0
2010-12-16,0.0,21.2,28.32,15.27,63.62,2.05,80,0.0,0.0,0,-0.27123391067291097,0.9625134626077079,0.0
2010-12-17,0.0,20.75,28.28,14.2,61.24,1.69,80,0.0,0.0,0,-0.25467112024122895,0.9670277247913203,0.0
2010-12-18,0.0,20.23,28.58,13.8,60.04,2.35,80,0.0,0.0,0,-0.23803327706148678,0.9712569994658311,0.0
2010-12-19,0.0,19.73,28.43,13.35,60.18,3.3,80,0.0,0.0,0,-0.22132528438243296,0.9752000402445824,0.0
2010-12-20,0.0,19.58,28.39,12.51,58.64,2.82,80,0.0,0.0,0,-0.2045520661262005,0.9788556850953579,0.0
2010-12-21,0.0,20.68,29.23,13.71,57.62,2.54,80,0.0,0.0,0,-0.1877185654371994,0.9822228566828405,0.0
2010-12-22,0.0,20.03,27.82,13.32,60.89,1.58,80,0.0,0.0,0,-0.17082974322534408,0.985300562686109,0.0
2010-12-23,0.0,19.8,26.23,14.38,68.33,1.4,80,0.0,0.0,0,-0.1538905767040627,0.9880878960910771,0.0
2010-12-24,0.0,19.9,27.41,14.5,72.32,1.41,80,0.0,0.0,0,-0.1369060579234754,0.9905840354577969,0.0
2010-12-25,0.0,20.84,29.14,14.4,66.61,1.39,80,0.0,0.0,0,-0.1198811922992275,0.99278824516254,0.0
2010-12-26,0.0,20.8,27.87,14.7,68.49,1.6,80,0.0,0.0,0,-0.1028209971373608,0.9946998756145891,0.0
2010-12-27,0.0,21.77,28.3,16.22,74.96,1.46,80,0.0,0.0,0,-0.08573050015569487,0.9963183634476755,0.0
2010-12-28,0.0,22.07,28.08,17.18,76.25,1.7,80,0.0,0.0,0,-0.06861473800213468,0.9976432316860063,0.0
2010-12-29,0.0,21.89,28.1,18.1,75.84,1.73,80,0.0,0.0,0,-0.05147875477034641,0.9986740898848305,0.0
2010-12-30,0.0,20.86,26.87,16.81,78.06,1.98,80,0.0,0.0,0,-0.034327600513243496,0.9994106342455052,0.0
2010-12-31,0.0,18.93,25.5,13.96,68.34,2.41,80,0.0,0.0,0,-0.017166329754707492,0.9998526477050269,0.0
2011-01-01,0.0,18.71,26.24,11.45,69.8,1.58,80,0.0,0.0,0,0.01716632975470737,0.9998526477050269,0.0
2011-01-02,0.0,21.61,28.93,15.88,76.71,2.1,80,0.0,0.0,0,0.034327600513243496,0.9994106342455052,0.0
2011-01-03,0.0,23.06,29.84,17.72,74.66,2.4,80,0.0,0.0,0,0.05147875477034653,0.9986740898848305,0.0
2011-01-04,0.0,23.44,30.12,17.84,71.42,2.53,80,0.0,0.0,0,0.06861473800213404,0.9976432316860063,0.0
2011-01-05,0.0,23.38,30.31,18.27,68.84,1.82,80,0.0,0.0,0,0.08573050015569435,0.9963183634476755,0.0
2011-01-06,0.0,21.94,29.54,16.42,63.27,2.78,80,0.0,0.0,0,0.1028209971373604,0.9946998756145891,0.0
2011-01-07,0.0,20.32,29.38,13.68,51.32,2.96,80,0.0,0.0,0,0.11988119229922722,0.99278824516254,0.0
2011-01-08,0.0,20.03,29.76,13.3,55.79,2.28,80,0.0,0.0,0,0.13690605792347524,0.990584035457797,0.0
2011-01-09,0.0,21.01,30.65,13.41,55.23,1.88,80,0.0,0.0,0,0.15389057670406178,0.9880878960910772,0.0
2011-01-10,0.0,21.6,30.93,14.39,51.81,2.56,80,0.0,0.0,0,0.17082974322534417,0.985300562686109,0.0
2011-01-11,0.0,20.89,30.49,13.72,55.16,1.93,80,0.0,0.0,0,0.1877185654371987,0.9822228566828407,0.0
2011-01-12,0.0,21.08,31.09,13.74,57.95,1.73,80,0.0,0.0,0,0.2045520661262008,0.9788556850953578,0.0
2011-01-13,0.0,21.39,30.36,14.57,57.47,1.76,80,0.0,0.0,0,0.22132528438243257,0.9752000402445825,0.0
2011-01-14,0.0,21.4,30.27,15.09,56.92,1.59,80,0.0,0.0,0,0.2380332770614856,0.9712569994658314,0.0
2011-01-15,0.0,20.92,30.05,14.49,61.1,1.98,80,0.0,0.0,0,0.2546711202412287,0.9670277247913204,0.0
2011-01-16,0.0,20.87,30.69,13.6,58.29,1.93,80,0.0,0.0,0,0.27123391067291003,0.9625134626077081,0.0
2011-01-17,0.0,21.44,31.24,14.59,55.05,2.06,80,0.0,0.0,0,0.287716767226167,0.9577155432887803,0.0
2011-01-18,0.0,22.04,31.65,15.92,49.3,1.65,80,0.0,0.0,0,0.30411483232751785,0.9526353808033825,0.0
2011-01-19,0.0,21.8,32.08,14.15,53.31,2.1,80,0.0,0.0,0,0.3204232733919111,0.9472744722987169,0.0
2011-01-20,0.0,22.86,33.3,15.52,52.01,2.0,80,0.0,0.0,0,0.33663728424691025,0.9416343976591259,0.0
2011-01-21,0.0,22.66,33.11,15.36,47.97,2.34,80,0.0,0.0,0,0.3527520865490948,0.9357168190404936,0.0
2011-01-22,0.0,22.41,32.91,14.52,50.44,1.86,80,0.0,0.0,0,0.3687629311922601,0.9295234803804003,0.0
2011-01-23,0.0,22.49,32.95,15.03,50.7,1.75,80,0.0,0.0,0,0.3846650997070012,0.9230562068841761,0.0
2011-01-24,0.0,22.7,33.14,15.25,51.02,1.86,80,0.0,0.0,0,0.40045390565126643,0.9163169044870048,0.0
2011-01-25,0.0,22.72,32.81,15.59,50.71,2.06,80,0.0,0.0,0,0.41612469599147445,0.9093075592922358,0.0
2011-01-26,0.0,23.0,33.31,15.09,51.63,2.15,80,0.0,0.0,0,0.43167285247378384,0.9020302369860707,0.0
2011-01-27,0.0,23.28,32.66,16.78,54.87,2.46,80,0.0,0.0,0,0.44709379298511387,0.8944870822287956,0.0
2011-01-28,0.0,23.18,32.32,16.84,54.88,1.96,80,0.0,0.0,0,0.4623829729035149,0.88668031802274,0.0
2011-01-29,0.0,22.61,32.0,16.01,51.16,1.75,80,0.0,0.0,0,0.47753588643748823,0.8786122450571483,0.0
2011-01-30,0.0,22.55,32.69,15.1,51.63,2.04,80,0.0,0.0,0,0.4925480679538643,0.8702852410301553,0.0
2011-01-31,0.0,23.58,34.11,16.03,51.23,2.34,80,0.0,0.0,0,0.5074150932938455,0.8617017599480682,0.0
2011-02-01,0.0,24.41,33.82,17.6,51.93,1.79,80,0.0,0.0,0,0.5221325810768248,0.8528643314021597,0.0
2011-02-02,0.0,25.01,34.73,17.75,51.37,1.7,80,0.0,0.0,0,0.5366961939916004,0.8437755598231856,0.0
2011-02-03,0.0,25.03,34.87,18.01,48.78,2.31,80,0.0,0.0,0,0.5511016400746002,0.8344381237138473,0.0
2011-02-04,0.0,24.74,34.42,18.02,50.39,2.21,80,0.0,0.0,0,0.5653446739747429,0.8248547748594244,0.0
2011-02-05,0.0,24.77,35.24,17.18,45.8,1.99,80,0.0,0.0,0,0.5794210982045637,0.8150283375168114,0.0
2011-02-06,0.0,24.36,34.87,17.18,47.69,2.21,80,0.0,0.0,0,0.593326764377232,0.8049617075821959,0.0
2011-02-07,0.0,23.8,33.3,17.33,53.84,2.15,80,0.0,0.0,0,0.6070575744291002,0.7946578517376252,0.0
2011-02-08,0.0,23.33,32.95,16.53,56.18,2.01,80,0.0,0.0,0,0.6206094818274227,0.7841198065767105,0.0
2011-02-09,0.0,23.01,32.72,15.99,56.86,1.83,80,0.0,0.0,0,0.6339784927628866,0.7733506777097299,0.0
2011-02-10,0.0,24.2,34.64,16.57,52.98,1.69,80,0.0,0.0,0,0.647160667326606,0.7623536388483904,0.0
2011-02-11,0.0,25.05,34.72,17.82,50.78,1.57,80,0.0,0.0,0,0.6601521206712317,0.7511319308705199,0.0
2011-02-12,0.0,25.17,35.03,17.91,48.96,1.58,80,0.0,0.0,0,0.6729490241558329,0.7396888608649669,0.0
2011-02-13,0.0,24.86,33.3,19.86,50.71,1.62,80,0.0,0.0,0,0.6855476064742154,0.7280278011569848,0.0
2011-02-14,0.0,24.2,32.85,17.9,58.07,1.75,80,0.0,0.0,0,0.6979441547663435,0.7161521883143933,0.0
2011-02-15,0.0,23.02,29.82,17.23,72.25,1.96,80,0.0,0.0,0,0.7101350157125358,0.7040655221348057,0.0
2011-02-16,0.0,22.77,28.12,18.57,69.82,2.03,80,0.0,0.0,0,0.7221165966101162,0.691771364614222,0.0
2011-02-17,0.0,22.29,30.32,15.87,58.34,1.96,80,0.0,0.0,0,0.733885366432199,0.6792733388972931,0.0
2011-02-18,0.0,22.25,30.14,15.92,58.16,2.0,80,0.0,0.0,0,0.7454378568683001,0.6665751282095632,0.0
2011-02-19,0.0,22.73,31.91,15.54,56.11,2.25,80,0.0,0.0,0,0.7567706633464625,0.653680474772006,0.0
2011-02-20,0.0,22.63,31.54,15.86,52.15,3.01,80,0.0,0.0,0,0.7678804460366,0.6405931786981751,0.0
2011-02-21,0.0,24.15,34.67,15.26,42.79,2.1,80,0.0,0.0,0,0.7787639308347607,0.6273170968742937,0.0
2011-02-22,0.0,25.58,35.86,17.6,41.38,2.86,80,0.0,0.0,0,0.7894179103280197,0.613856141822612,0.0
2011-02-23,0.0,26.57,34.53,21.56,42.04,1.56,80,0.0,0.0,0,0.7998392447397193,0.6002142805483682,0.0
2011-02-24,0.0,25.78,33.55,20.79,47.51,1.63,80,0.0,0.0,0,0.8100248628547753,0.5863955333706956,0.0
2011-02-25,0.0,24.83,32.93,18.7,47.86,1.7,80,0.0,0.0,0,0.8199717629247771,0.5724039727378148,0.0
2011-02-26,0.0,25.13,35.26,16.72,38.11,2.13,80,0.0,0.0,0,0.8296770135526188,0.5582437220268648,0.0
2011-02-27,0.0,26.88,36.9,17.62,40.72,2.02,80,0.0,0.0,0,0.8391377545563938,0.5439189543287247,0.0
2011-02-28,0.16,29.63,37.28,24.07,44.04,2.32,80,0.0,0.15999999999999823,0,0.8483511978123038,0.5294338912181853,0.0
2011-03-01,0.0,29.49,37.09,24.45,44.59,1.57,80,0.0,0.15999999999999823,0,0.8573146280763322,0.5147928015098309,0.0
2011-03-02,0.0,29.14,37.86,23.24,38.41,1.84,80,0.0,0.15999999999999823,0,0.8660254037844386,0.5000000000000001,0.0
2011-03-03,0.02,28.95,38.03,22.69,36.88,2.19,80,0.0,0.17999999999999822,0,0.8744809578310397,0.4850598461951962,0.0
2011-03-04,0.04,27.81,36.66,21.91,46.3,2.14,80,0.0,0.21999999999999822,0,0.8826787983255474,0.46997674302731995,0.0
2011-03-05,0.0,28.51,37.73,21.18,44.13,2.02,80,0.0,0.05999999999999822,0,0.8906165093267404,0.4547551355561058,0.0
2011-03-06,0.0,29.98,39.83,21.92,31.9,2.16,80,0.0,0.05999999999999822,0,0.8982917515547528,0.4393995096591417,0.0
2011-03-07,0.0,30.76,40.89,22.55,27.43,2.66,80,0.0,0.05999999999999822,0,0.9057022630804714,0.42391439070986076,0.0
2011-03-08,0.0,30.59,40.8,23.25,27.11,2.95,80,0.0,0.03999999999999822,0,0.9128458599921356,0.40830434224389334,0.0
2011-03-09,0.0,27.61,36.34,21.42,38.5,2.11,80,0.0,0.0,0,0.9197204370389467,0.3925739646141717,0.0
2011-03-10,0.0,26.54,36.54,18.56,40.9,2.18,80,0.0,0.0,0,0.926323968251495,0.3767278936351851,0.0
2011-03-11,0.0,27.51,38.98,18.24,28.97,2.29,80,0.0,0.0,0,0.9326545075388224,0.36077079921678346,0.0
2011-03-12,0.0,28.6,40.08,19.78,24.11,2.84,80,0.0,0.0,0,0.9387101892619443,0.3447073839879338,0.0
2011-03-13,0.0,29.38,40.59,20.98,22.9,2.7,80,0.0,0.0,0,0.9444892287836613,0.32854238191083485,0.0
2011-03-14,0.0,29.95,40.42,22.38,26.28,2.0,80,0.0,0.0,0,0.949989922994501,0.3122805568857947,0.0
2011-03-15,0.0,30.39,41.49,21.22,23.91,2.27,80,0.0,0.0,0,0.9552106508146316,0.2959267013472893,0.0
2011-03-16,0.0,31.37,41.92,22.66,19.02,2.42,80,0.0,0.0,0,0.9601498736716018,0.2794856348516095,0.0
2011-03-17,0.0,30.73,41.76,22.55,24.49,2.62,80,0.0,0.0,0,0.9648061359537645,0.2629622026565149,0.0
2011-03-18,0.0,29.92,40.16,23.52,36.5,1.79,80,0.0,0.0,0,0.9691780654392536,0.2463612742933148,0.0
2011-03-19,0.0,28.76,38.1,21.73,56.67,1.8,80,0.0,0.0,0,0.9732643737003824,0.22968774213179574,0.0
2011-03-20,0.0,28.13,37.79,20.55,55.94,2.03,80,0.0,0.0,0,0.9770638564833508,0.21294651993841582,0.0
2011-03-21,0.0,27.93,36.87,20.77,57.19,1.74,80,0.0,0.0,0,0.9805753940631429,0.19614254142819698,0.0
2011-03-22,0.0,27.26,36.48,20.07,57.75,2.03,80,0.0,0.0,0,0.9837979515735163,0.17928075881073577,0.0
2011-03-23,0.0,27.75,36.75,20.5,49.11,2.22,80,0.0,0.0,0,0.9867305793119814,0.162366141330764,0.0
2011-03-24,0.0,27.84,36.45,20.77,50.92,2.31,80,0.0,0.0,0,0.989372413019683,0.14540367380368976,0.0
2011-03-25,0.0,28.21,36.86,21.17,52.45,2.13,80,0.0,0.0,0,0.9917226741361015,0.12839835514655099,0.0
2011-03-26,0.0,29.79,39.96,21.73,49.72,1.9,80,0.0,0.0,0,0.9937806700284985,0.11135519690480875,0.0
2011-03-27,0.0,31.15,41.98,22.99,43.4,1.99,80,0.0,0.0,0,0.9955457941960382,0.09427922177542453,0.0
2011-03-28,0.0,30.51,40.8,22.78,51.92,2.05,80,0.0,0.0,0,0.9970175264485267,0.07717546212664653,0.0
2011-03-29,0.0,30.59,40.57,22.14,43.91,2.65,80,0.0,0.0,0,0.998195433059714,0.0600489585149486,0.0
2011-03-30,0.0,30.51,40.0,22.51,35.5,2.91,80,0.0,0.0,0,0.9990791668951153,0.042904758199554374,0.0
2011-03-31,0.0,30.69,39.75,23.63,29.33,3.0,80,0.0,0.0,0,0.999668467514313,0.025747913654988658,0.0
2011-04-01,0.0,28.25,36.87,21.56,52.88,2.44,80,0.0,0.0,0,0.9999631612477099,0.008583481082087055,0.0
2011-04-02,0.0,27.58,36.22,20.78,60.64,2.07,80,0.0,0.0,0,0.9999631612477099,-0.008583481082086933,0.0
2011-04-03,0.0,27.95,35.64,22.7,56.47,2.06,80,0.0,0.0,0,0.9996684675143132,-0.025747913654988314,0.0
2011-04-04,0.0,28.57,37.03,21.8,49.07,1.86,80,0.0,0.0,0,0.9990791668951153,-0.04290475819955447,0.0
2011-04-05,0.0,29.17,38.53,22.73,43.99,1.77,80,0.0,0.0,0,0.998195433059714,-0.06004895851494825,0.0
2011-04-06,0.0,29.22,39.41,21.87,48.16,2.33,80,0.0,0.0,0,0.9970175264485267,-0.07717546212664618,0.0
2011-04-07,0.0,29.19,37.82,22.2,53.79,2.64,80,0.0,0.0,0,0.9955457941960382,-0.0942792217754244,0.0
2011-04-08,0.0,29.95,38.85,23.57,56.4,1.78,80,0.0,0.0,0,0.9937806700284985,-0.11135519690480862,0.0
2011-04-09,0.0,29.88,38.54,23.51,56.11,1.78,80,0.0,0.0,0,0.9917226741361015,-0.12839835514655107,0.0
2011-04-10,0.0,30.51,40.28,23.65,52.97,1.95,80,0.0,0.0,0,0.9893724130196829,-0.14540367380368988,0.0
2011-04-11,0.0,30.32,38.74,24.05,54.42,2.07,80,0.0,0.0,0,0.9867305793119814,-0.16236614133076366,0.0
2011-04-12,0.04,30.95,40.47,24.83,51.24,2.27,80,0.0,0.039999999999998224,0,0.9837979515735163,-0.17928075881073566,0.0
2011-04-13,0.0,31.48,39.95,25.78,53.41,1.92,80,0.0,0.039999999999998224,0,0.980575394063143,-0.19614254142819687,0.0
2011-04-14,0.0,30.32,38.22,24.13,60.41,2.1,80,0.0,0.039999999999998224,0,0.9770638564833507,-0.21294651993841593,0.0
2011-04-15,0.0,30.34,37.93,24.52,59.8,1.94,80,0.0,0.039999999999998224,0,0.9732643737003824,-0.22968774213179563,0.0
2011-04-16,0.0,31.05,39.11,25.05,57.71,2.22,80,0.0,0.039999999999998224,0,0.9691780654392537,-0.2463612742933147,0.0
2011-04-17,0.0,31.45,39.76,25.23,54.63,2.19,80,0.0,0.0,0,0.9648061359537646,-0.26296220265651454,0.0
2011-04-18,0.0,30.78,37.53,24.8,58.57,2.17,80,0.0,0.0,0,0.9601498736716018,-0.2794856348516094,0.0
2011-04-19,0.0,30.98,38.97,24.07,55.43,2.08,80,0.0,0.0,0,0.9552106508146317,-0.2959267013472892,0.0
2011-04-20,0.0,30.55,38.43,24.91,56.05,2.03,80,0.0,0.0,0,0.949989922994501,-0.31228055688579476,0.0
2011-04-21,0.0,30.64,38.52,24.5,54.77,1.84,80,0.0,0.0,0,0.9444892287836613,-0.32854238191083474,0.0
2011-04-22,0.0,30.43,38.83,24.42,56.85,1.87,80,0.0,0.0,0,0.9387101892619443,-0.3447073839879337,0.0
2011-04-23,0.0,30.74,39.88,23.0,55.3,2.06,80,0.0,0.0,0,0.9326545075388225,-0.3607707992167831,0.0
2011-04-24,0.25,31.15,38.6,26.1,52.46,2.21,80,0.0,0.24999999999999822,0,0.926323968251495,-0.376727893635185,0.0
2011-04-25,6.6,30.93,39.1,25.5,53.3,1.85,80,0.0,6.849999999999998,0,0.9197204370389467,-0.39257396461417177,0.0
2011-04-26,0.0,31.14,41.15,24.33,54.87,2.11,80,0.0,6.849999999999998,0,0.9128458599921355,-0.40830434224389345,0.0
2011-04-27,0.0,31.06,40.51,25.12,57.22,2.0,80,0.0,6.849999999999998,0,0.9057022630804715,-0.42391439070986064,0.0
2011-04-28,0.0,31.06,40.01,25.0,60.92,2.21,80,0.0,6.849999999999998,0,0.898291751554753,-0.43939950965914143,0.0
2011-04-29,0.0,31.25,39.46,25.65,59.06,3.19,80,0.0,6.599999999999998,0,0.8906165093267405,-0.4547551355561055,0.0
2011-04-30,0.0,32.04,41.38,25.47,56.3,3.09,80,0.0,0.0,0,0.8826787983255476,-0.4699767430273197,0.0
2011-05-01,0.0,31.65,39.29,26.68,59.38,2.64,80,0.0,0.0,0,0.8744809578310397,-0.4850598461951961,0.0
2011-05-02,0.0,31.48,38.75,26.58,55.75,2.58,80,0.0,0.0,0,0.8660254037844387,-0.4999999999999998,0.0
2011-05-03,0.0,30.46,38.15,24.67,58.63,2.73,80,0.0,0.0,0,0.8573146280763323,-0.5147928015098308,0.0
2011-05-04,0.0,30.08,36.9,25.46,61.06,2.9,80,0.0,0.0,0,0.848351197812304,-0.5294338912181852,0.0
2011-05-05,0.0,29.97,37.47,24.61,59.52,2.49,80,0.0,0.0,0,0.8391377545563939,-0.5439189543287246,0.0
2011-05-06,0.0,30.07,37.29,25.09,59.52,2.6,80,0.0,0.0,0,0.8296770135526188,-0.5582437220268649,0.0
2011-05-07,0.0,29.61,36.38,25.05,61.82,3.0,80,0.0,0.0,0,0.8199717629247771,-0.5724039727378148,0.0
2011-05-08,0.0,30.31,37.48,25.87,61.14,2.69,80,0.0,0.0,0,0.8100248628547753,-0.5863955333706956,0.0
2011-05-09,0.0,30.53,37.09,26.36,59.65,2.79,80,0.0,0.0,0,0.7998392447397195,-0.6002142805483681,0.0
2011-05-10,0.0,30.11,36.74,25.81,60.56,2.55,80,0.0,0.0,0,0.7894179103280199,-0.6138561418226116,0.0
2011-05-11,0.0,29.94,37.34,25.24,58.38,2.66,80,0.0,0.0,0,0.7787639308347607,-0.6273170968742938,0.0
2011-05-12,0.0,29.57,36.72,24.21,62.16,2.59,80,0.0,0.0,0,0.7678804460366001,-0.6405931786981751,0.0
2011-05-13,0.0,30.04,37.25,24.98,61.95,2.71,80,0.0,0.0,0,0.7567706633464627,-0.6536804747720057,0.0
2011-05-14,0.0,30.44,38.53,25.51,62.24,2.62,80,0.0,0.0,0,0.7454378568683001,-0.6665751282095632,0.0
2011-05-15,0.0,30.88,39.08,25.13,59.57,2.43,80,0.0,0.0,0,0.7338853664321991,-0.6792733388972931,0.0
2011-05-16,0.0,31.35,38.4,25.9,54.18,1.88,80,0.0,0.0,0,0.722116596610116,-0.6917713646142222,0.0
2011-05-17,0.0,31.73,39.93,25.43,52.91,3.24,80,0.0,0.0,0,0.7101350157125357,-0.7040655221348058,0.0
2011-05-18,0.0,30.95,36.9,25.92,56.5,1.95,80,0.0,0.0,0,0.6979441547663435,-0.7161521883143933,0.0
2011-05-19,0.0,31.01,37.42,26.82,60.12,2.8,80,0.0,0.0,0,0.6855476064742155,-0.7280278011569847,0.0
2011-05-20,0.0,30.2,36.05,26.07,65.8,3.83,80,0.0,0.0,0,0.672949024155833,-0.7396888608649667,0.0
2011-05-21,0.0,30.67,35.15,27.51,66.54,4.85,80,0.0,0.0,0,0.660152120671232,-0.7511319308705197,0.0
2011-05-22,0.05,30.64,35.18,27.95,68.22,4.39,80,0.0,0.049999999999998226,0,0.647160667326606,-0.7623536388483902,0.0
2011-05-23,0.01,30.83,35.48,27.83,67.67,3.12,80,0.0,0.05999999999999823,0,0.6339784927628868,-0.7733506777097298,0.0
2011-05-24,0.0,30.99,36.36,27.26,64.08,2.65,80,0.0,0.05999999999999823,0,0.620609481827423,-0.7841198065767103,0.0
2011-05-25,0.07,31.01,37.32,26.78,62.96,2.62,80,0.0,0.12999999999999823,0,0.6070575744291006,-0.7946578517376249,0.0
2011-05-26,0.34,30.15,34.26,27.04,65.07,2.18,80,0.0,0.46999999999999825,0,0.593326764377232,-0.8049617075821959,0.0
2011-05-27,1.43,31.79,38.72,26.69,59.16,2.96,80,0.0,1.8499999999999983,0,0.5794210982045638,-0.8150283375168113,0.0
2011-05-28,0.13,31.96,38.47,27.7,57.1,3.2,80,0.0,1.969999999999998,0,0.5653446739747428,-0.8248547748594245,0.0
2011-05-29,0.06,31.75,37.69,27.99,62.63,3.39,80,0.0,2.029999999999998,0,0.5511016400746,-0.8344381237138473,0.0
2011-05-30,0.0,32.16,37.99,28.41,60.98,3.61,80,0.0,1.959999999999998,0,0.5366961939916005,-0.8437755598231856,0.0
2011-05-31,0.0,31.43,36.09,28.3,64.53,3.33,80,0.0,1.6199999999999979,0,0.522132581076825,-0.8528643314021596,0.0
2011-06-01,0.0,30.35,33.74,28.12,69.13,2.91,80,0.0,0.18999999999999823,0,0.5074150932938458,-0.861701759948068,0.0
2011-06-02,8.29,30.89,36.51,27.22,51.93,2.05,80,0.0,8.349999999999998,0,0.4925480679538644,-0.8702852410301553,1.0
2011-06-03,46.18,29.35,34.25,25.68,70.72,1.48,80,11.558160445452668,54.47,1,0.47753588643748834,-0.8786122450571482,1.0
2011-06-04,75.74,28.71,32.13,25.93,81.45,2.15,92,54.45817566235732,130.20999999999998,1,0.4623829729035151,-0.8866803180227399,1.0
2011-06-05,51.52,27.82,29.45,26.75,88.84,2.4,92,32.06633455441996,181.73,1,0.44709379298511426,-0.8944870822287954,0.0
2011-06-06,21.45,29.49,33.32,26.87,83.53,2.79,92,7.415976056150863,203.18,0,0.43167285247378384,-0.9020302369860707,0.0
2011-06-07,1.23,29.4,33.41,26.66,79.72,4.06,92,0.0,196.12,0,0.4161246959914746,-0.9093075592922357,0.0
2011-06-08,9.6,27.71,28.73,26.77,87.46,7.2,92,0.9849600709849158,159.54,0,0.4004539056512664,-0.9163169044870048,0.0
2011-06-09,0.84,27.81,29.08,26.77,88.81,8.23,92,0.0,84.64,0,0.3846650997070012,-0.923056206884176,0.0
2011-06-10,0.0,27.4,29.16,26.2,88.02,7.82,92,0.0,33.12,0,0.3687629311922603,-0.9295234803804002,0.0
2011-06-11,0.0,26.66,28.93,24.94,84.34,4.12,80,0.0,11.67,0,0.352752086549095,-0.9357168190404935,0.0
2011-06-12,0.0,27.84,31.79,24.69,82.59,5.03,80,0.0,10.44,0,0.3366372842469106,-0.9416343976591258,0.0
2011-06-13,3.63,28.43,31.7,26.13,83.17,4.41,80,0.0,4.47,0,0.3204232733919116,-0.9472744722987168,0.0
2011-06-14,14.96,28.04,31.85,25.24,82.52,3.77,80,0.07767031630170314,18.59,0,0.30411483232751846,-0.9526353808033824,0.0
2011-06-15,20.05,27.98,31.14,25.92,83.72,4.36,80,0.7624911785462243,38.64,0,0.2877167672261668,-0.9577155432887804,0.0
2011-06-16,14.7,27.76,30.28,26.16,85.78,5.48,86,0.8653975674497855,53.34,0,0.27123391067291,-0.9625134626077081,0.0
2011-06-17,7.71,28.01,30.6,26.49,84.89,4.92,92,0.4271653958538009,61.05,0,0.2546711202412288,-0.9670277247913204,0.0
2011-06-18,0.85,28.08,31.2,25.84,82.21,5.33,92,0.0,58.269999999999996,0,0.2380332770614858,-0.9712569994658313,0.0
2011-06-19,1.4,28.1,31.34,26.05,82.87,4.79,92,0.0,44.71,0,0.22132528438243243,-0.9752000402445825,0.0
2011-06-20,8.62,27.94,30.66,25.97,83.28,4.82,86,0.0029416206516131634,33.28,0,0.2045520661262008,-0.9788556850953578,0.0
2011-06-21,4.21,27.79,30.13,26.04,84.44,4.61,80,0.0,22.79,0,0.18771856543719884,-0.9822228566828406,0.0
2011-06-22,4.12,27.99,30.56,26.37,84.68,4.78,80,0.0,19.199999999999996,0,0.17082974322534442,-0.985300562686109,0.0
2011-06-23,2.5,28.11,31.07,26.11,83.71,4.89,80,0.0,20.85,0,0.15389057670406214,-0.9880878960910771,0.0
2011-06-24,1.33,28.16,31.12,26.1,83.15,4.72,80,0.0,20.779999999999998,0,0.13690605792347574,-0.9905840354577969,0.0
2011-06-25,1.91,27.85,30.45,26.14,84.51,4.53,80,0.0,14.07,0,0.11988119229922782,-0.9927882451625399,0.0
2011-06-26,9.31,27.59,29.72,26.25,85.11,5.12,80,0.0,19.17,0,0.10282099713736025,-0.9946998756145891,0.0
2011-06-27,14.32,27.72,30.11,26.31,85.13,5.13,80,0.04030098280098276,29.37,0,0.0857305001556943,-0.9963183634476755,0.0
2011-06-28,16.17,27.35,29.49,26.07,86.66,4.96,80,0.17979543078990598,43.040000000000006,0,0.0686147380021341,-0.9976432316860063,0.0
2011-06-29,7.55,27.52,29.68,25.92,85.47,4.5,86,0.0,49.260000000000005,0,0.05147875477034673,-0.9986740898848305,0.0
2011-06-30,2.05,27.85,30.4,26.03,84.65,3.72,86,0.0,49.4,0,0.03432760051324382,-0.9994106342455052,0.0
2011-07-01,2.06,27.92,30.89,25.94,84.49,3.64,86,0.0,42.150000000000006,0,0.01716632975470737,-0.9998526477050269,0.0
2011-07-02,16.27,27.78,31.13,25.44,84.66,3.59,86,1.29695901636919,44.1,0,1.2246467991473532e-16,-1.0,0.0
2011-07-03,9.2,27.29,29.55,25.82,87.86,3.27,86,0.020467162995369464,37.129999999999995,0,-0.017166329754707124,-0.9998526477050269,0.0
2011-07-04,8.55,27.57,30.49,25.32,86.04,2.41,86,0.0018864290525859686,38.129999999999995,0,-0.03432760051324313,-0.9994106342455054,0.0
2011-07-05,4.91,27.56,30.97,24.81,85.02,2.09,86,0.0,40.99,0,-0.051478754770346045,-0.9986740898848305,0.0
2011-07-06,20.82,26.34,28.49,24.62,82.0,1.74,86,2.9222830364788575,59.75,0,-0.06861473800213432,-0.9976432316860063,1.0
2011-07-07,27.93,26.28,29.0,24.2,86.68,2.55,92,12.123860502599895,71.41,1,-0.0857305001556945,-0.9963183634476755,1.0
2011-07-08,80.73,25.94,27.48,24.58,90.05,3.61,92,59.18333310792365,142.94,1,-0.10282099713736044,-0.9946998756145891,1.0
2011-07-09,49.99,26.62,28.68,25.09,90.26,3.63,92,30.695773120238627,184.38,1,-0.11988119229922714,-0.99278824516254,0.0
2011-07-10,14.8,27.27,29.94,25.37,86.69,3.98,92,3.3199878903611943,194.27,0,-0.13690605792347504,-0.990584035457797,1.0
2011-07-11,42.0,26.96,29.03,25.39,88.93,3.95,92,23.67123794558565,215.45000000000002,1,-0.15389057670406148,-0.9880878960910772,1.0
2011-07-12,38.75,26.87,29.21,25.18,89.18,3.71,92,20.892185455648093,226.27,1,-0.17082974322534417,-0.985300562686109,1.0
2011-07-13,56.15,26.52,28.29,25.59,90.91,4.01,92,36.254112234014634,201.69000000000003,1,-0.1877185654371986,-0.9822228566828407,1.0
2011-07-14,65.07,25.8,27.65,24.17,90.96,3.61,92,44.46166633728763,216.77,1,-0.20455206612620058,-0.9788556850953579,0.0
2011-07-15,22.47,26.44,29.36,23.89,90.05,3.12,92,8.119088459312335,224.44000000000003,0,-0.22132528438243218,-0.9752000402445826,1.0
2011-07-16,59.12,26.5,28.34,25.16,92.11,4.08,92,38.96851596487393,241.56,1,-0.23803327706148514,-0.9712569994658315,1.0
2011-07-17,55.76,26.31,27.9,25.25,92.75,4.36,92,35.89921116747296,258.57,1,-0.254671120241229,-0.9670277247913203,1.0
2011-07-18,65.82,26.51,27.65,25.65,94.18,5.13,92,45.15870150735929,268.24,1,-0.2712339106729102,-0.9625134626077081,1.0
2011-07-19,71.7,26.44,27.39,25.68,94.99,4.09,92,50.6542626886508,274.87,1,-0.287716767226167,-0.9577155432887803,0.0
2011-07-20,23.13,26.19,27.33,25.4,93.67,3.94,92,8.582486659620987,275.53000000000003,0,-0.3041148323275178,-0.9526353808033826,0.0
2011-07-21,2.81,26.19,27.55,25.26,92.39,4.16,92,0.0,219.22000000000003,0,-0.32042327339191096,-0.947274472298717,0.0
2011-07-22,3.14,26.11,27.72,25.09,92.57,3.73,92,0.0,166.60000000000002,0,-0.3366372842469099,-0.941634397659126,0.0
2011-07-23,2.57,26.1,28.18,24.9,92.14,3.57,92,0.0,103.35000000000004,0,-0.35275208654909473,-0.9357168190404936,0.0
2011-07-24,1.52,26.6,29.42,24.55,89.6,3.02,92,0.0,33.17000000000003,0,-0.36876293119226006,-0.9295234803804003,0.0
2011-07-25,4.22,26.46,29.45,24.17,88.75,2.06,80,0.0,14.260000000000028,0,-0.38466509970700097,-0.9230562068841761,0.0
2011-07-26,26.53,25.82,28.03,24.3,91.42,3.26,80,2.4734113539376694,37.98000000000003,0,-0.40045390565126615,-0.9163169044870049,0.0
2011-07-27,11.34,25.7,27.98,24.11,91.19,3.13,86,0.21221353824859562,46.18000000000003,0,-0.4161246959914748,-0.9093075592922356,1.0
2011-07-28,71.3,26.15,28.36,24.38,90.24,3.01,86,38.061368291407796,114.91000000000003,1,-0.431672852473784,-0.9020302369860707,1.0
2011-07-29,57.04,26.13,28.0,24.78,92.42,3.41,92,37.06538698060998,170.43000000000004,1,-0.44709379298511404,-0.8944870822287955,1.0
2011-07-30,101.51,25.98,27.17,25.32,94.68,3.98,92,79.09891805807156,267.72,1,-0.4623829729035149,-0.88668031802274,1.0
2011-07-31,65.02,25.68,26.59,24.75,94.39,4.37,92,44.415231487344876,306.21000000000004,1,-0.4775358864374881,-0.8786122450571483,1.0
2011-08-01,30.38,25.31,26.28,24.33,94.5,4.1,92,14.028369398014492,325.25,1,-0.4925480679538642,-0.8702852410301554,0.0
2011-08-02,14.05,26.01,27.44,24.96,93.38,4.0,92,2.9252339887899934,268.00000000000006,0,-0.5074150932938452,-0.8617017599480683,0.0
2011-08-03,4.09,25.95,27.95,24.83,92.7,3.48,92,0.0,215.05,0,-0.5221325810768248,-0.8528643314021597,0.0
2011-08-04,6.72,26.07,28.12,24.56,92.24,3.94,92,0.21738832808353395,120.26000000000002,0,-0.5366961939916004,-0.8437755598231858,0.0
2011-08-05,8.22,26.42,28.84,25.0,90.54,4.25,92,0.5585197268023703,63.46000000000003,0,-0.5511016400745999,-0.8344381237138474,0.0
2011-08-06,5.5,26.19,28.09,25.05,91.45,4.19,92,0.0505853941109761,38.58000000000003,0,-0.5653446739747425,-0.8248547748594246,0.0
2011-08-07,2.47,26.22,28.04,25.0,91.19,3.95,86,0.0,27.00000000000003,0,-0.5794210982045637,-0.8150283375168114,0.0
2011-08-08,2.89,26.57,28.83,24.84,89.36,4.26,80,0.0,25.80000000000003,0,-0.5933267643772321,-0.8049617075821958,0.0
2011-08-09,2.86,26.21,27.79,24.99,90.44,4.45,80,0.0,21.94000000000003,0,-0.6070575744291004,-0.794657851737625,0.0
2011-08-10,2.78,26.47,28.93,24.91,88.69,4.71,80,0.0,16.50000000000003,0,-0.6206094818274228,-0.7841198065767104,0.0
2011-08-11,4.53,26.41,28.62,24.98,88.93,5.19,80,0.0,15.53000000000003,0,-0.6339784927628865,-0.77335067770973,0.0
2011-08-12,7.57,26.38,28.34,24.92,88.98,4.84,80,0.0,20.630000000000027,0,-0.6471606673266059,-0.7623536388483905,0.0
2011-08-13,9.22,25.92,27.73,24.79,91.33,4.01,80,0.0,26.96000000000003,0,-0.6601521206712315,-0.7511319308705201,0.0
2011-08-14,9.71,26.14,28.02,25.01,90.69,4.23,80,0.0,33.81000000000003,0,-0.6729490241558326,-0.7396888608649671,0.0
2011-08-15,3.92,26.45,29.1,24.96,89.71,3.75,80,0.0,34.95000000000003,0,-0.6855476064742154,-0.7280278011569848,0.0
2011-08-16,3.75,26.4,28.86,24.56,89.95,3.43,80,0.0,34.17000000000003,0,-0.6979441547663433,-0.7161521883143935,0.0
2011-08-17,3.56,26.38,28.94,24.79,89.4,3.07,80,0.0,30.160000000000032,0,-0.7101350157125356,-0.7040655221348059,0.0
2011-08-18,22.47,25.91,28.33,24.33,91.59,2.42,80,1.3027555616213995,43.410000000000025,0,-0.7221165966101161,-0.691771364614222,0.0
2011-08-19,12.1,25.73,27.79,24.03,91.09,1.78,86,0.32472296408379203,45.800000000000026,0,-0.7338853664321993,-0.6792733388972929,0.0
2011-08-20,1.7,26.31,28.87,24.12,89.77,1.88,86,0.0,43.58000000000003,0,-0.7454378568683002,-0.6665751282095631,0.0
2011-08-21,2.58,26.34,29.1,24.56,88.53,1.61,86,0.0,42.410000000000025,0,-0.7567706633464625,-0.653680474772006,0.0
2011-08-22,7.95,26.75,29.94,24.58,87.33,1.36,86,0.0,46.80000000000003,0,-0.7678804460366,-0.6405931786981752,0.0
2011-08-23,5.8,25.92,27.68,24.37,91.7,2.04,86,0.0,30.130000000000027,0,-0.7787639308347605,-0.627317096874294,0.0
2011-08-24,21.06,25.18,26.69,24.11,93.97,2.25,80,0.9725800166991366,39.09000000000003,0,-0.7894179103280194,-0.6138561418226122,0.0
2011-08-25,15.02,25.74,28.51,23.9,91.57,2.52,86,0.9473289152841442,52.410000000000025,0,-0.7998392447397191,-0.6002142805483686,1.0
2011-08-26,34.5,25.66,27.54,24.51,93.0,2.58,86,10.181038336599885,84.33000000000003,1,-0.8100248628547748,-0.5863955333706962,1.0
2011-08-27,145.0,25.5,26.97,24.53,94.18,3.65,92,121.49457608288921,221.38000000000002,1,-0.8199717629247767,-0.5724039727378154,1.0
2011-08-28,140.99,25.4,26.42,24.36,94.98,4.67,92,117.56037160683712,356.57000000000005,1,-0.8296770135526184,-0.5582437220268655,1.0
2011-08-29,84.56,25.83,27.18,25.02,94.21,5.06,92,62.82759507864726,420.07000000000005,1,-0.8391377545563938,-0.5439189543287248,0.0
2011-08-30,19.6,26.1,27.98,25.03,93.24,4.52,92,6.184982450445334,424.65000000000003,0,-0.8483511978123038,-0.5294338912181854,0.0
2011-08-31,4.8,26.49,29.05,24.71,92.67,3.2,92,0.006515008749495238,394.95000000000005,0,-0.8573146280763322,-0.514792801509831,0.0
2011-09-01,21.47,26.18,27.86,25.08,94.28,2.95,92,7.429603821910156,271.42,0,-0.8660254037844384,-0.5000000000000004,1.0
2011-09-02,46.23,26.12,27.41,25.16,94.57,3.18,92,27.360033514905687,176.66000000000003,1,-0.8744809578310394,-0.4850598461951967,1.0
2011-09-03,67.8,26.01,27.18,24.81,94.62,4.81,92,47.00334060256473,159.90000000000003,1,-0.8826787983255475,-0.4699767430273199,1.0
2011-09-04,28.15,26.67,28.31,25.56,92.85,4.83,92,12.292493672270002,168.45000000000002,1,-0.8906165093267404,-0.45475513555610575,0.0
2011-09-05,10.79,26.34,28.59,24.7,90.23,4.95,92,1.4269417427039723,174.44,0,-0.8982917515547529,-0.4393995096591416,0.0
2011-09-06,20.14,26.29,28.11,25.2,92.12,5.3,92,6.53803932352262,173.11,0,-0.9057022630804714,-0.42391439070986087,0.0
2011-09-07,9.69,26.15,27.91,24.88,92.14,4.15,92,1.0161127282752067,136.57000000000002,0,-0.9128458599921354,-0.40830434224389367,0.0
2011-09-08,2.09,26.1,28.63,24.55,90.99,3.49,92,0.0,70.86000000000003,0,-0.9197204370389468,-0.3925739646141714,0.0
2011-09-09,0.43,25.97,28.36,24.32,90.29,3.06,92,0.0,43.14000000000003,0,-0.9263239682514951,-0.3767278936351848,0.0
2011-09-10,2.56,26.07,28.59,24.22,90.82,3.05,86,0.0,34.910000000000025,0,-0.9326545075388225,-0.3607707992167831,0.0
2011-09-11,18.87,26.08,28.58,24.48,90.87,3.01,80,0.5464173962968278,33.64000000000003,0,-0.9387101892619443,-0.3447073839879337,0.0
2011-09-12,10.99,26.03,28.67,24.14,90.73,3.07,80,0.0,34.94000000000003,0,-0.9444892287836613,-0.32854238191083474,0.0
2011-09-13,11.79,26.06,29.12,23.84,90.43,2.62,80,0.0,44.64000000000003,0,-0.9499899229945009,-0.3122805568857948,0.0
2011-09-14,18.28,26.12,28.91,24.03,91.88,2.27,86,1.9510625157693156,62.49000000000003,0,-0.9552106508146316,-0.29592670134728966,0.0
2011-09-15,12.37,25.68,27.48,24.22,92.66,1.88,92,2.105356206339088,72.30000000000004,0,-0.9601498736716017,-0.2794856348516098,0.0
2011-09-16,1.71,25.88,28.67,23.75,90.39,2.35,92,0.0,55.14000000000003,0,-0.9648061359537644,-0.2629622026565152,0.0
2011-09-17,0.84,25.96,28.89,24.04,90.07,2.45,92,0.0,44.99000000000003,0,-0.9691780654392534,-0.24636127429331536,0.0
2011-09-18,1.84,25.79,28.9,23.47,89.26,2.09,86,0.0,35.04000000000003,0,-0.9732643737003823,-0.2296877421317963,0.0
2011-09-19,1.88,25.83,28.77,23.57,87.92,1.73,86,0.0,18.64000000000003,0,-0.9770638564833508,-0.21294651993841573,0.0
2011-09-20,5.5,25.63,28.66,23.39,89.2,1.88,80,0.0,11.770000000000028,0,-0.9805753940631429,-0.19614254142819712,0.0
2011-09-21,8.01,25.29,28.32,22.96,87.24,1.83,80,0.0,18.07000000000003,0,-0.9837979515735163,-0.1792807588107359,0.0
2011-09-22,4.4,25.46,28.61,22.97,84.54,1.61,80,0.0,21.630000000000027,0,-0.9867305793119814,-0.16236614133076413,0.0
2011-09-23,4.31,25.5,28.65,23.07,83.85,1.52,80,0.0,24.100000000000026,0,-0.9893724130196829,-0.14540367380369032,0.0
2011-09-24,0.89,25.68,29.21,23.13,84.83,1.44,80,0.0,23.110000000000028,0,-0.9917226741361014,-0.12839835514655154,0.0
2011-09-25,0.16,25.76,29.18,23.55,84.11,1.5,80,0.0,17.770000000000028,0,-0.9937806700284985,-0.11135519690480865,0.0
2011-09-26,0.0,25.54,29.54,22.9,81.76,1.24,80,0.0,9.760000000000028,0,-0.9955457941960382,-0.09427922177542443,0.0
2011-09-27,0.0,25.86,29.95,22.92,78.83,0.95,80,0.0,5.360000000000028,0,-0.9970175264485267,-0.07717546212664643,0.0
2011-09-28,16.51,25.99,29.66,23.21,80.91,1.03,80,0.2156603773584906,17.56000000000003,0,-0.998195433059714,-0.06004895851494849,0.0
2011-09-29,14.82,26.47,30.75,22.89,83.05,1.06,80,0.0684913136238951,31.49000000000003,0,-0.9990791668951153,-0.04290475819955383,0.0
2011-09-30,5.74,26.78,31.18,23.25,80.83,1.21,80,0.0,37.07000000000003,0,-0.9996684675143132,-0.025747913654988113,0.0
2011-10-01,3.03,26.81,31.26,23.18,85.78,1.33,86,0.0,40.10000000000003,0,-0.9999631612477099,-0.008583481082086734,0.0
2011-10-02,6.65,26.62,30.03,24.35,87.12,1.67,86,0.0,46.75000000000003,0,-0.9999631612477099,0.008583481082087254,0.0
2011-10-03,0.79,25.86,29.2,23.29,86.12,1.66,86,0.0,31.03000000000003,0,-0.999668467514313,0.025747913654988634,0.0
2011-10-04,0.69,25.24,29.04,22.32,84.38,1.55,80,0.0,16.900000000000027,0,-0.9990791668951153,0.04290475819955435,0.0
2011-10-05,0.0,26.28,31.08,22.79,82.84,1.71,80,0.0,11.160000000000029,0,-0.998195433059714,0.06004895851494813,0.0
2011-10-06,1.05,26.47,32.12,21.79,78.96,1.6,80,0.0,9.180000000000028,0,-0.9970175264485267,0.07717546212664607,0.0
2011-10-07,0.71,26.77,31.89,22.47,81.25,1.7,80,0.0,3.2400000000000286,0,-0.9955457941960382,0.09427922177542405,0.0
2011-10-08,5.16,27.03,31.37,23.34,83.11,1.33,80,0.0,7.610000000000029,0,-0.9937806700284985,0.11135519690480827,0.0
2011-10-09,3.02,27.14,31.61,24.11,80.73,1.32,80,0.0,9.940000000000028,0,-0.9917226741361016,0.1283983551465503,0.0
2011-10-10,0.14,27.05,32.05,23.0,79.82,1.72,80,0.0,10.080000000000028,0,-0.9893724130196829,0.14540367380368996,0.0
2011-10-11,36.64,27.13,31.36,23.5,80.75,1.51,80,6.554478499542542,45.67000000000003,0,-0.9867305793119814,0.16236614133076377,1.0
2011-10-12,38.75,26.79,30.45,23.35,82.58,1.48,86,12.934102861225975,83.71000000000004,1,-0.9837979515735163,0.17928075881073555,0.0
2011-10-13,17.09,27.02,31.07,24.04,83.49,1.23,92,4.620167431575594,95.64000000000003,0,-0.980575394063143,0.19614254142819676,0.0
2011-10-14,3.51,27.33,31.86,23.49,84.6,1.34,92,0.0,96.13000000000002,0,-0.9770638564833509,0.21294651993841537,0.0
2011-10-15,16.27,26.92,30.32,24.86,86.67,1.16,92,4.139249633647711,112.26000000000003,0,-0.9732643737003827,0.22968774213179508,1.0
2011-10-16,28.98,27.76,32.03,23.76,78.62,0.81,92,12.933062572484706,104.60000000000004,1,-0.9691780654392538,0.24636127429331414,0.0
2011-10-17,2.41,27.52,31.85,23.92,81.89,1.17,92,0.0,68.26000000000002,0,-0.9648061359537647,0.262962202656514,0.0
2011-10-18,0.9,27.75,31.98,24.29,79.14,1.09,92,0.0,52.07000000000003,0,-0.9601498736716018,0.2794856348516095,0.0
2011-10-19,0.2,27.04,31.11,23.76,79.95,1.23,86,0.0,48.760000000000026,0,-0.9552106508146317,0.2959267013472893,0.0
2011-10-20,0.06,27.35,31.74,23.71,75.79,0.99,86,0.0,32.550000000000026,0,-0.9499899229945011,0.3122805568857945,0.0
2011-10-21,0.0,26.29,32.13,21.51,71.5,1.34,80,0.0,3.5700000000000287,0,-0.9444892287836614,0.3285423819108344,0.0
2011-10-22,0.0,24.82,32.67,18.8,65.83,2.56,80,0.0,1.1600000000000286,0,-0.938710189261944,0.3447073839879342,0.0
2011-10-23,0.0,25.01,32.09,19.55,67.68,2.5,80,0.0,0.26000000000002843,0,-0.9326545075388223,0.3607707992167836,0.0
2011-10-24,0.0,24.21,31.24,19.11,68.51,2.75,80,0.0,0.06000000000002842,0,-0.9263239682514949,0.3767278936351853,0.0
2011-10-25,0.0,24.32,31.42,18.05,71.72,2.81,80,0.0,0.0,0,-0.9197204370389466,0.3925739646141719,0.0
2011-10-26,0.0,25.24,32.44,19.98,73.98,3.02,80,0.0,0.0,0,-0.9128458599921356,0.40830434224389334,0.0
2011-10-27,0.0,25.98,32.1,20.47,76.97,2.67,80,0.0,0.0,0,-0.9057022630804715,0.42391439070986053,0.0
2011-10-28,0.0,26.52,31.15,23.36,80.41,2.13,80,0.0,0.0,0,-0.898291751554753,0.4393995096591413,0.0
2011-10-29,1.04,26.16,29.97,23.08,79.41,2.11,80,0.0,1.0400000000000285,0,-0.8906165093267405,0.4547551355561054,0.0
2011-10-30,0.64,26.63,31.16,22.61,80.34,1.73,80,0.0,1.6800000000000286,0,-0.8826787983255476,0.46997674302731957,0.0
2011-10-31,0.0,26.4,32.2,21.52,74.13,1.99,80,0.0,1.6800000000000286,0,-0.8744809578310401,0.4850598461951956,0.0
2011-11-01,0.0,25.76,31.84,20.13,71.72,2.39,80,0.0,1.6800000000000286,0,-0.8660254037844386,0.5000000000000001,0.0
2011-11-02,0.0,25.87,32.01,20.38,69.21,2.3,80,0.0,1.6800000000000286,0,-0.8573146280763323,0.5147928015098308,0.0
2011-11-03,0.0,25.46,31.82,20.05,71.16,2.27,80,0.0,0.6400000000000284,0,-0.848351197812304,0.5294338912181851,0.0
2011-11-04,0.0,25.23,31.38,19.39,72.59,2.28,80,0.0,0.0,0,-0.8391377545563939,0.5439189543287245,0.0
2011-11-05,0.0,25.75,32.0,20.33,72.23,2.17,80,0.0,0.0,0,-0.8296770135526191,0.5582437220268645,0.0
2011-11-06,0.0,26.37,32.71,19.81,65.22,1.96,80,0.0,0.0,0,-0.8199717629247775,0.5724039727378144,0.0
2011-11-07,0.0,26.04,32.77,19.45,62.84,1.56,80,0.0,0.0,0,-0.8100248628547756,0.5863955333706952,0.0
2011-11-08,0.0,25.63,32.21,20.47,66.63,1.33,80,0.0,0.0,0,-0.7998392447397199,0.6002142805483676,0.0
2011-11-09,0.0,25.23,32.19,19.1,66.79,1.9,80,0.0,0.0,0,-0.7894179103280197,0.613856141822612,0.0
2011-11-10,0.0,24.47,31.54,18.48,65.8,2.03,80,0.0,0.0,0,-0.7787639308347607,0.6273170968742937,0.0
2011-11-11,0.0,24.43,32.26,18.16,67.86,1.7,80,0.0,0.0,0,-0.7678804460366002,0.640593178698175,0.0
2011-11-12,0.0,24.83,32.58,18.48,66.07,1.68,80,0.0,0.0,0,-0.7567706633464628,0.6536804747720056,0.0
2011-11-13,0.0,25.09,32.79,18.48,64.95,1.58,80,0.0,0.0,0,-0.7454378568682999,0.6665751282095634,0.0
2011-11-14,0.0,25.33,32.14,19.2,68.61,1.74,80,0.0,0.0,0,-0.7338853664321989,0.6792733388972934,0.0
2011-11-15,0.0,25.56,32.18,19.73,69.25,2.0,80,0.0,0.0,0,-0.7221165966101161,0.6917713646142221,0.0
2011-11-16,0.0,24.69,31.36,19.5,65.1,2.43,80,0.0,0.0,0,-0.7101350157125358,0.7040655221348057,0.0
2011-11-17,0.0,23.17,30.51,16.65,57.38,2.48,80,0.0,0.0,0,-0.6979441547663436,0.7161521883143933,0.0
2011-11-18,0.0,23.24,31.33,16.25,58.89,2.21,80,0.0,0.0,0,-0.6855476064742156,0.7280278011569846,0.0
2011-11-19,0.0,23.53,31.91,16.89,60.69,2.3,80,0.0,0.0,0,-0.6729490241558331,0.7396888608649665,0.0
2011-11-20,0.0,24.16,32.41,17.46,59.24,2.29,80,0.0,0.0,0,-0.6601521206712321,0.7511319308705195,0.0
2011-11-21,0.0,23.94,31.71,17.54,59.43,2.72,80,0.0,0.0,0,-0.6471606673266065,0.7623536388483899,0.0
2011-11-22,0.0,23.4,30.68,17.27,59.78,2.43,80,0.0,0.0,0,-0.6339784927628872,0.7733506777097294,0.0
2011-11-23,0.0,22.57,30.38,16.56,60.63,2.91,80,0.0,0.0,0,-0.6206094818274227,0.7841198065767104,0.0
2011-11-24,0.0,22.76,30.26,16.91,66.99,3.16,80,0.0,0.0,0,-0.607057574429101,0.7946578517376245,0.0
2011-11-25,0.0,23.03,30.33,17.47,65.56,3.15,80,0.0,0.0,0,-0.5933267643772321,0.8049617075821959,0.0
2011-11-26,0.0,24.15,31.41,18.19,69.2,2.83,80,0.0,0.0,0,-0.5794210982045647,0.8150283375168107,0.0
2011-11-27,0.0,26.08,32.21,21.75,72.58,2.43,80,0.0,0.0,0,-0.5653446739747432,0.8248547748594242,0.0
2011-11-28,0.07,25.99,31.43,22.08,74.6,2.51,80,0.0,0.07000000000002843,0,-0.5511016400745998,0.8344381237138475,0.0
2011-11-29,0.34,27.19,32.34,22.14,71.78,2.09,80,0.0,0.41000000000002845,0,-0.5366961939916011,0.8437755598231853,0.0
2011-11-30,0.0,26.74,32.08,22.4,75.55,1.45,80,0.0,0.41000000000002845,0,-0.5221325810768248,0.8528643314021598,0.0
2011-12-01,0.0,25.84,32.15,21.07,76.16,1.48,80,0.0,0.41000000000002845,0,-0.5074150932938463,0.8617017599480677,0.0
2011-12-02,0.0,24.95,32.38,19.75,66.94,1.83,80,0.0,0.41000000000002845,0,-0.4925480679538645,0.8702852410301551,0.0
2011-12-03,0.0,23.79,33.02,16.88,57.96,2.06,80,0.0,0.34000000000002845,0,-0.47753588643748845,0.8786122450571482,0.0
2011-12-04,0.0,24.75,32.25,18.85,65.7,1.73,80,0.0,0.0,0,-0.4623829729035152,0.8866803180227398,0.0
2011-12-05,0.0,24.99,31.99,19.76,70.36,1.36,80,0.0,0.0,0,-0.44709379298511437,0.8944870822287954,0.0
2011-12-06,0.0,24.89,32.2,19.6,71.22,1.46,80,0.0,0.0,0,-0.43167285247378356,0.9020302369860709,0.0
2011-12-07,0.0,24.64,32.35,18.84,66.88,1.63,80,0.0,0.0,0,-0.4161246959914751,0.9093075592922355,0.0
2011-12-08,0.0,23.99,31.47,17.78,62.89,1.8,80,0.0,0.0,0,-0.4004539056512665,0.9163169044870048,0.0
2011-12-09,0.0,23.42,31.67,17.05,60.39,1.71,80,0.0,0.0,0,-0.3846650997070013,0.923056206884176,0.0
2011-12-10,0.0,23.26,32.03,17.13,61.04,1.8,80,0.0,0.0,0,-0.3687629311922604,0.9295234803804002,0.0
2011-12-11,0.0,22.47,31.53,16.2,58.39,1.58,80,0.0,0.0,0,-0.3527520865490943,0.9357168190404939,0.0
2011-12-12,0.0,23.28,32.1,16.39,60.45,1.55,80,0.0,0.0,0,-0.3366372842469107,0.9416343976591258,0.0
2011-12-13,0.0,24.17,32.33,17.87,63.07,2.29,80,0.0,0.0,0,-0.3204232733919109,0.947274472298717,0.0
2011-12-14,0.0,23.73,31.04,18.17,59.53,2.06,80,0.0,0.0,0,-0.30411483232751857,0.9526353808033823,0.0
2011-12-15,0.0,23.54,31.46,17.69,57.59,1.76,80,0.0,0.0,0,-0.28771676722616696,0.9577155432887803,0.0
2011-12-16,0.0,23.51,31.51,17.18,50.42,2.05,80,0.0,0.0,0,-0.27123391067291097,0.9625134626077079,0.0
2011-12-17,0.0,22.93,31.65,15.54,51.1,1.98,80,0.0,0.0,0,-0.25467112024122895,0.9670277247913203,0.0
2011-12-18,0.0,22.91,31.8,16.34,56.07,1.86,80,0.0,0.0,0,-0.23803327706148678,0.9712569994658311,0.0
2011-12-19,0.0,22.81,31.17,16.91,60.48,2.27,80,0.0,0.0,0,-0.22132528438243296,0.9752000402445824,0.0
2011-12-20,0.0,23.37,31.74,17.28,58.12,1.83,80,0.0,0.0,0,-0.2045520661262005,0.9788556850953579,0.0
2011-12-21,0.0,22.98,31.84,17.25,56.58,2.19,80,0.0,0.0,0,-0.1877185654371994,0.9822228566828405,0.0
2011-12-22,0.0,22.33,30.87,16.7,55.91,2.22,80,0.0,0.0,0,-0.17082974322534408,0.985300562686109,0.0
2011-12-23,0.0,22.65,31.76,15.56,52.07,1.96,80,0.0,0.0,0,-0.1538905767040627,0.9880878960910771,0.0
2011-12-24,0.0,22.42,32.13,15.13,53.53,1.56,80,0.0,0.0,0,-0.1369060579234754,0.9905840354577969,0.0
2011-12-25,0.0,22.31,32.51,15.25,51.35,1.83,80,0.0,0.0,0,-0.1198811922992275,0.99278824516254,0.0
2011-12-26,0.0,21.93,32.05,15.11,52.72,1.88,80,0.0,0.0,0,-0.1028209971373608,0.9946998756145891,0.0
2011-12-27,0.0,20.91,30.64,14.21,51.62,1.67,80,0.0,0.0,0,-0.08573050015569487,0.9963183634476755,0.0
2011-12-28,0.0,20.38,30.83,12.6,50.31,2.04,80,0.0,0.0,0,-0.06861473800213468,0.9976432316860063,0.0
2011-12-29,0.0,20.92,31.35,13.37,51.01,1.94,80,0.0,0.0,0,-0.05147875477034641,0.9986740898848305,0.0
2011-12-30,0.0,21.96,32.33,14.99,51.46,1.96,80,0.0,0.0,0,-0.034327600513243496,0.9994106342455052,0.0
2011-12-31,0.0,23.03,31.37,16.52,61.59,2.38,80,0.0,0.0,0,-0.017166329754707492,0.9998526477050269,0.0
2012-01-01,0.0,22.52,29.78,17.59,55.57,2.24,80,0.0,0.0,0,0.01716632975470737,0.9998526477050269,0.0
2012-01-02,0.0,22.42,31.23,16.21,60.0,1.57,80,0.0,0.0,0,0.034327600513243496,0.9994106342455052,0.0
2012-01-03,0.0,23.1,31.16,17.35,59.93,1.48,80,0.0,0.0,0,0.05147875477034653,0.9986740898848305,0.0
2012-01-04,0.0,23.06,31.79,17.36,60.26,1.4,80,0.0,0.0,0,0.06861473800213404,0.9976432316860063,0.0
2012-01-05,0.0,22.98,33.23,15.63,47.91,2.13,80,0.0,0.0,0,0.08573050015569435,0.9963183634476755,0.0
2012-01-06,0.0,23.03,32.03,17.22,53.27,1.83,80,0.0,0.0,0,0.1028209971373604,0.9946998756145891,0.0
2012-01-07,0.0,21.72,29.96,15.81,60.62,1.81,80,0.0,0.0,0,0.11988119229922722,0.99278824516254,0.0
2012-01-08,0.0,20.75,29.07,15.11,60.16,2.11,80,0.0,0.0,0,0.13690605792347524,0.990584035457797,0.0
2012-01-09,0.0,19.06,29.26,11.26,41.7,2.54,80,0.0,0.0,0,0.15389057670406178,0.9880878960910772,0.0
2012-01-10,0.0,20.06,29.99,12.05,47.27,2.21,80,0.0,0.0,0,0.17082974322534417,0.985300562686109,0.0
2012-01-11,0.0,21.64,31.44,14.13,44.12,2.98,80,0.0,0.0,0,0.1877185654371987,0.9822228566828407,0.0
2012-01-12,0.0,21.78,31.36,14.05,38.63,3.33,80,0.0,0.0,0,0.2045520661262008,0.9788556850953578,0.0
2012-01-13,0.0,21.55,31.18,14.05,40.53,3.15,80,0.0,0.0,0,0.22132528438243257,0.9752000402445825,0.0
2012-01-14,0.0,21.67,31.35,14.61,43.77,2.42,80,0.0,0.0,0,0.2380332770614856,0.9712569994658314,0.0
2012-01-15,0.0,21.89,31.73,14.95,46.99,1.82,80,0.0,0.0,0,0.2546711202412287,0.9670277247913204,0.0
2012-01-16,0.0,21.63,30.86,14.97,53.34,1.63,80,0.0,0.0,0,0.27123391067291003,0.9625134626077081,0.0
2012-01-17,0.0,21.04,29.8,14.53,69.32,1.94,80,0.0,0.0,0,0.287716767226167,0.9577155432887803,0.0
2012-01-18,0.0,20.6,27.34,16.21,74.14,1.99,80,0.0,0.0,0,0.30411483232751785,0.9526353808033825,0.0
2012-01-19,0.0,19.63,26.71,13.53,72.57,1.76,80,0.0,0.0,0,0.3204232733919111,0.9472744722987169,0.0
2012-01-20,0.0,20.05,28.84,13.0,61.23,2.05,80,0.0,0.0,0,0.33663728424691025,0.9416343976591259,0.0
2012-01-21,0.0,20.73,31.3,12.31,48.67,2.52,80,0.0,0.0,0,0.3527520865490948,0.9357168190404936,0.0
2012-01-22,0.0,21.6,28.96,15.74,65.4,1.8,80,0.0,0.0,0,0.3687629311922601,0.9295234803804003,0.0
2012-01-23,0.0,21.23,30.02,14.54,64.21,1.6,80,0.0,0.0,0,0.3846650997070012,0.9230562068841761,0.0
2012-01-24,0.0,21.9,30.69,14.69,53.94,1.75,80,0.0,0.0,0,0.40045390565126643,0.9163169044870048,0.0
2012-01-25,0.0,22.19,30.09,16.5,54.86,1.9,80,0.0,0.0,0,0.41612469599147445,0.9093075592922358,0.0
2012-01-26,0.0,21.56,29.62,15.58,59.65,2.18,80,0.0,0.0,0,0.43167285247378384,0.9020302369860707,0.0
2012-01-27,0.0,21.8,31.19,15.03,53.69,2.02,80,0.0,0.0,0,0.44709379298511387,0.8944870822287956,0.0
2012-01-28,0.0,21.15,29.25,15.12,53.04,1.91,80,0.0,0.0,0,0.4623829729035149,0.88668031802274,0.0
2012-01-29,0.0,19.22,28.22,11.73,40.72,2.08,80,0.0,0.0,0,0.47753588643748823,0.8786122450571483,0.0
2012-01-30,0.0,21.16,31.76,13.01,50.78,1.96,80,0.0,0.0,0,0.4925480679538643,0.8702852410301553,0.0
2012-01-31,0.0,23.71,32.98,16.74,51.44,1.71,80,0.0,0.0,0,0.5074150932938455,0.8617017599480682,0.0
2012-02-01,0.0,24.86,34.27,17.91,48.82,2.27,80,0.0,0.0,0,0.5221325810768248,0.8528643314021597,0.0
2012-02-02,0.0,25.2,34.23,18.68,46.71,2.43,80,0.0,0.0,0,0.5366961939916004,0.8437755598231856,0.0
2012-02-03,0.0,25.3,34.53,18.59,40.77,2.51,80,0.0,0.0,0,0.5511016400746002,0.8344381237138473,0.0
2012-02-04,0.0,24.97,33.37,19.06,44.2,2.2,80,0.0,0.0,0,0.5653446739747429,0.8248547748594244,0.0
2012-02-05,0.0,23.99,32.93,17.45,51.27,2.5,80,0.0,0.0,0,0.5794210982045637,0.8150283375168114,0.0
2012-02-06,0.0,23.94,32.76,17.65,48.19,2.18,80,0.0,0.0,0,0.593326764377232,0.8049617075821959,0.0
2012-02-07,0.0,22.82,30.6,16.92,41.3,2.68,80,0.0,0.0,0,0.6070575744291002,0.7946578517376252,0.0
2012-02-08,0.0,20.15,28.62,13.79,25.92,3.38,80,0.0,0.0,0,0.6206094818274227,0.7841198065767105,0.0
2012-02-09,0.0,19.96,31.34,11.18,22.73,2.81,80,0.0,0.0,0,0.6339784927628866,0.7733506777097299,0.0
2012-02-10,0.0,22.48,34.39,13.62,28.88,2.49,80,0.0,0.0,0,0.647160667326606,0.7623536388483904,0.0
2012-02-11,0.0,24.1,34.98,16.74,41.15,2.93,80,0.0,0.0,0,0.6601521206712317,0.7511319308705199,0.0
2012-02-12,0.0,23.75,32.93,16.3,53.65,1.69,80,0.0,0.0,0,0.6729490241558329,0.7396888608649669,0.0
2012-02-13,0.0,24.27,34.51,16.82,46.55,1.54,80,0.0,0.0,0,0.6855476064742154,0.7280278011569848,0.0
2012-02-14,0.0,24.04,33.55,16.99,51.61,2.13,80,0.0,0.0,0,0.6979441547663435,0.7161521883143933,0.0
2012-02-15,0.0,23.82,32.95,17.49,37.59,2.28,80,0.0,0.0,0,0.7101350157125358,0.7040655221348057,0.0
2012-02-16,0.0,22.5,31.76,15.14,41.11,2.32,80,0.0,0.0,0,0.7221165966101162,0.691771364614222,0.0
2012-02-17,0.0,23.93,35.75,14.49,28.03,1.99,80,0.0,0.0,0,0.733885366432199,0.6792733388972931,0.0
2012-02-18,0.0,26.38,37.51,17.74,29.36,2.18,80,0.0,0.0,0,0.7454378568683001,0.6665751282095632,0.0
2012-02-19,0.0,27.73,38.06,19.92,31.0,2.06,80,0.0,0.0,0,0.7567706633464625,0.653680474772006,0.0
2012-02-20,0.0,28.57,39.25,20.64,27.75,2.53,80,0.0,0.0,0,0.7678804460366,0.6405931786981751,0.0
2012-02-21,0.0,28.69,39.53,20.72,24.64,2.44,80,0.0,0.0,0,0.7787639308347607,0.6273170968742937,0.0
2012-02-22,0.0,28.3,39.08,20.51,24.59,2.39,80,0.0,0.0,0,0.7894179103280197,0.613856141822612,0.0
2012-02-23,0.0,27.97,38.63,19.99,25.37,2.53,80,0.0,0.0,0,0.7998392447397193,0.6002142805483682,0.0
2012-02-24,0.0,27.52,37.97,19.53,25.24,2.49,80,0.0,0.0,0,0.8100248628547753,0.5863955333706956,0.0
2012-02-25,0.0,27.96,38.9,19.92,20.98,2.84,80,0.0,0.0,0,0.8199717629247771,0.5724039727378148,0.0
2012-02-26,0.0,28.6,40.33,19.45,20.81,2.48,80,0.0,0.0,0,0.8296770135526188,0.5582437220268648,0.0
2012-02-27,0.0,27.93,37.85,20.92,25.51,2.34,80,0.0,0.0,0,0.8391377545563938,0.5439189543287247,0.0
2012-02-28,0.0,26.18,36.0,19.32,33.42,2.16,80,0.0,0.0,0,0.8483511978123038,0.5294338912181853,0.0
2012-02-29,0.0,24.81,33.38,17.74,51.33,1.85,80,0.0,0.0,0,0.8573146280763322,0.5147928015098309,0.0
2012-03-01,0.0,24.09,32.65,17.95,54.73,1.78,80,0.0,0.0,0,0.8660254037844386,0.5000000000000001,0.0
2012-03-02,0.0,23.11,31.72,16.0,64.03,2.03,80,0.0,0.0,0,0.8744809578310397,0.4850598461951962,0.0
2012-03-03,0.0,24.68,33.9,17.85,62.65,2.17,80,0.0,0.0,0,0.8826787983255474,0.46997674302731995,0.0
2012-03-04,0.0,26.68,38.21,17.55,50.22,2.32,80,0.0,0.0,0,0.8906165093267404,0.4547551355561058,0.0
2012-03-05,0.0,28.01,39.39,19.85,36.61,2.27,80,0.0,0.0,0,0.8982917515547528,0.4393995096591417,0.0
2012-03-06,0.0,25.9,34.65,19.91,48.54,2.42,80,0.0,0.0,0,0.9057022630804714,0.42391439070986076,0.0
2012-03-07,0.0,24.38,33.27,17.91,59.84,2.17,80,0.0,0.0,0,0.9128458599921356,0.40830434224389334,0.0
2012-03-08,0.0,23.52,31.3,17.57,57.22,2.38,80,0.0,0.0,0,0.9197204370389467,0.3925739646141717,0.0
2012-03-09,0.0,23.73,33.0,16.53,44.54,2.1,80,0.0,0.0,0,0.926323968251495,0.3767278936351851,0.0
2012-03-10,0.0,24.62,35.98,15.51,24.04,2.1,80,0.0,0.0,0,0.9326545075388224,0.36077079921678346,0.0
2012-03-11,0.0,24.85,34.31,17.58,33.67,2.03,80,0.0,0.0,0,0.9387101892619443,0.3447073839879338,0.0
2012-03-12,0.0,25.71,34.9,18.15,43.28,2.11,80,0.0,0.0,0,0.9444892287836613,0.32854238191083485,0.0
2012-03-13,0.0,27.28,38.23,17.81,32.49,2.98,80,0.0,0.0,0,0.949989922994501,0.3122805568857947,0.0
2012-03-14,0.0,29.22,40.63,20.6,17.76,3.39,80,0.0,0.0,0,0.9552106508146316,0.2959267013472893,0.0
2012-03-15,0.0,29.03,39.74,20.15,17.89,2.13,80,0.0,0.0,0,0.9601498736716018,0.2794856348516095,0.0
2012-03-16,0.0,29.52,40.24,21.53,25.32,1.95,80,0.0,0.0,0,0.9648061359537645,0.2629622026565149,0.0
2012-03-17,0.0,29.0,38.56,22.53,34.08,2.11,80,0.0,0.0,0,0.9691780654392536,0.2463612742933148,0.0
2012-03-18,0.0,28.85,38.65,22.03,29.86,2.45,80,0.0,0.0,0,0.9732643737003824,0.22968774213179574,0.0
2012-03-19,0.0,28.36,39.1,20.12,34.83,2.39,80,0.0,0.0,0,0.9770638564833508,0.21294651993841582,0.0
2012-03-20,0.0,28.98,39.68,20.11,38.28,2.71,80,0.0,0.0,0,0.9805753940631429,0.19614254142819698,0.0
2012-03-21,0.0,28.77,39.35,21.09,27.21,2.78,80,0.0,0.0,0,0.9837979515735163,0.17928075881073577,0.0
2012-03-22,0.0,28.97,40.28,20.13,24.32,2.48,80,0.0,0.0,0,0.9867305793119814,0.162366141330764,0.0
2012-03-23,0.0,29.85,41.2,20.98,18.56,2.27,80,0.0,0.0,0,0.989372413019683,0.14540367380368976,0.0
2012-03-24,0.0,31.46,42.93,22.19,14.85,2.94,80,0.0,0.0,0,0.9917226741361015,0.12839835514655099,0.0
2012-03-25,0.0,31.22,42.45,22.32,15.28,2.82,80,0.0,0.0,0,0.9937806700284985,0.11135519690480875,0.0
2012-03-26,0.0,31.01,41.9,22.62,19.25,2.16,80,0.0,0.0,0,0.9955457941960382,0.09427922177542453,0.0
2012-03-27,0.0,30.61,41.56,23.22,27.8,1.99,80,0.0,0.0,0,0.9970175264485267,0.07717546212664653,0.0
2012-03-28,0.0,31.17,42.15,23.37,38.27,1.83,80,0.0,0.0,0,0.998195433059714,0.0600489585149486,0.0
2012-03-29,0.0,30.89,41.1,24.2,49.85,2.04,80,0.0,0.0,0,0.9990791668951153,0.042904758199554374,0.0
2012-03-30,0.0,29.5,38.22,22.82,60.73,2.1,80,0.0,0.0,0,0.999668467514313,0.025747913654988658,0.0
2012-03-31,0.0,29.78,38.89,22.51,57.26,2.12,80,0.0,0.0,0,0.9999631612477099,0.008583481082087055,0.0
2012-04-01,0.0,31.19,41.89,23.09,47.8,2.15,80,0.0,0.0,0,0.9999631612477099,-0.008583481082086933,0.0
2012-04-02,0.0,31.34,41.53,24.17,50.84,1.9,80,0.0,0.0,0,0.9996684675143132,-0.025747913654988314,0.0
2012-04-03,0.0,30.84,39.41,24.43,58.02,2.03,80,0.0,0.0,0,0.9990791668951153,-0.04290475819955447,0.0
2012-04-04,0.0,30.88,39.78,24.83,58.23,1.91,80,0.0,0.0,0,0.998195433059714,-0.06004895851494825,0.0
2012-04-05,0.01,30.25,38.95,23.83,59.18,1.99,80,0.0,0.010000000000028422,0,0.9970175264485267,-0.07717546212664618,0.0
2012-04-06,0.0,29.62,38.46,22.62,54.71,2.08,80,0.0,0.010000000000028422,0,0.9955457941960382,-0.0942792217754244,0.0
2012-04-07,0.0,29.33,38.73,21.74,54.62,1.97,80,0.0,0.010000000000028422,0,0.9937806700284985,-0.11135519690480862,0.0
2012-04-08,0.0,30.22,40.65,22.24,52.36,2.07,80,0.0,0.010000000000028422,0,0.9917226741361015,-0.12839835514655107,0.0
2012-04-09,0.0,30.43,39.26,24.23,52.73,1.97,80,0.0,0.010000000000028422,0,0.9893724130196829,-0.14540367380368988,0.0
2012-04-10,0.0,30.29,38.78,24.06,58.64,1.93,80,0.0,0.0,0,0.9867305793119814,-0.16236614133076366,0.0
2012-04-11,0.0,29.66,37.34,24.22,60.66,1.79,80,0.0,0.0,0,0.9837979515735163,-0.17928075881073566,0.0
2012-04-12,0.0,29.29,37.2,22.7,59.73,2.05,80,0.0,0.0,0,0.980575394063143,-0.19614254142819687,0.0
2012-04-13,0.0,29.15,36.42,23.09,56.34,2.05,80,0.0,0.0,0,0.9770638564833507,-0.21294651993841593,0.0
2012-04-14,0.0,30.95,40.63,23.09,48.49,2.44,80,0.0,0.0,0,0.9732643737003824,-0.22968774213179563,0.0
2012-04-15,0.0,31.99,41.61,24.75,41.53,2.94,80,0.0,0.0,0,0.9691780654392537,-0.2463612742933147,0.0
2012-04-16,0.03,32.62,41.31,26.62,41.67,2.21,80,0.0,0.03000000000002842,0,0.9648061359537646,-0.26296220265651454,0.0
2012-04-17,1.4,30.24,35.6,25.33,56.02,1.92,80,0.0,1.4300000000000284,0,0.9601498736716018,-0.2794856348516094,0.0
2012-04-18,0.0,29.84,37.97,24.1,56.52,2.26,80,0.0,1.4300000000000284,0,0.9552106508146317,-0.2959267013472892,0.0
2012-04-19,0.29,29.86,35.74,25.44,54.18,0.93,80,0.0,1.7200000000000284,0,0.949989922994501,-0.31228055688579476,0.0
2012-04-20,0.71,32.04,39.66,26.05,39.15,2.45,80,0.0,2.430000000000028,0,0.9444892287836613,-0.32854238191083474,0.0
2012-04-21,0.01,32.99,39.43,27.87,39.47,2.5,80,0.0,2.4100000000000286,0,0.9387101892619443,-0.3447073839879337,0.0
2012-04-22,0.0,31.22,39.66,25.15,49.62,3.42,80,0.0,1.0100000000000284,0,0.9326545075388225,-0.3607707992167831,0.0
2012-04-23,0.0,29.47,38.47,22.7,54.46,2.66,80,0.0,1.0100000000000284,0,0.926323968251495,-0.376727893635185,0.0
2012-04-24,0.0,29.4,37.43,23.03,61.56,2.73,80,0.0,0.7200000000000284,0,0.9197204370389467,-0.39257396461417177,0.0
2012-04-25,0.0,29.93,38.71,22.62,58.9,2.65,80,0.0,0.010000000000028422,0,0.9128458599921355,-0.40830434224389345,0.0
2012-04-26,0.0,30.74,39.63,23.2,52.5,2.96,80,0.0,0.0,0,0.9057022630804715,-0.42391439070986064,0.0
2012-04-27,0.0,31.17,39.9,24.08,47.76,3.2,80,0.0,0.0,0,0.898291751554753,-0.43939950965914143,0.0
2012-04-28,0.0,30.68,39.66,23.47,54.52,2.87,80,0.0,0.0,0,0.8906165093267405,-0.4547551355561055,0.0
2012-04-29,0.0,29.88,38.08,23.06,58.51,2.73,80,0.0,0.0,0,0.8826787983255476,-0.4699767430273197,0.0
2012-04-30,0.0,29.99,38.47,23.75,61.01,2.5,80,0.0,0.0,0,0.8744809578310397,-0.4850598461951961,0.0
2012-05-01,0.0,29.81,37.43,24.51,61.01,2.37,80,0.0,0.0,0,0.8660254037844387,-0.4999999999999998,0.0
2012-05-02,0.0,29.53,37.54,23.66,61.18,2.24,80,0.0,0.0,0,0.8573146280763323,-0.5147928015098308,0.0
2012-05-03,0.0,29.93,38.31,24.17,61.34,2.32,80,0.0,0.0,0,0.848351197812304,-0.5294338912181852,0.0
2012-05-04,0.0,29.45,36.51,24.78,62.59,3.26,80,0.0,0.0,0,0.8391377545563939,-0.5439189543287246,0.0
2012-05-05,0.0,29.6,36.29,24.68,61.26,3.47,80,0.0,0.0,0,0.8296770135526188,-0.5582437220268649,0.0
2012-05-06,0.0,29.32,35.19,25.31,59.48,3.06,80,0.0,0.0,0,0.8199717629247771,-0.5724039727378148,0.0
2012-05-07,0.0,30.05,36.88,24.7,57.85,2.82,80,0.0,0.0,0,0.8100248628547753,-0.5863955333706956,0.0
2012-05-08,0.01,30.44,38.39,25.23,60.79,3.21,80,0.0,0.010000000000028422,0,0.7998392447397195,-0.6002142805483681,0.0
2012-05-09,0.07,30.47,37.92,25.99,61.97,3.04,80,0.0,0.08000000000002842,0,0.7894179103280199,-0.6138561418226116,0.0
2012-05-10,0.04,30.32,37.53,25.91,63.13,3.06,80,0.0,0.12000000000002842,0,0.7787639308347607,-0.6273170968742938,0.0
2012-05-11,0.14,31.04,38.9,25.78,59.63,3.27,80,0.0,0.26000000000002843,0,0.7678804460366001,-0.6405931786981751,0.0
2012-05-12,1.56,30.36,37.66,25.73,62.35,3.11,80,0.0,1.8200000000000285,0,0.7567706633464627,-0.6536804747720057,0.0
2012-05-13,0.0,30.09,37.42,25.65,57.29,2.61,80,0.0,1.8100000000000285,0,0.7454378568683001,-0.6665751282095632,0.0
2012-05-14,0.0,30.2,37.53,24.22,59.34,2.68,80,0.0,1.7400000000000284,0,0.7338853664321991,-0.6792733388972931,0.0
2012-05-15,0.0,31.05,38.61,25.41,60.61,3.08,80,0.0,1.7000000000000284,0,0.722116596610116,-0.6917713646142222,0.0
2012-05-16,0.0,30.46,38.14,25.36,61.87,2.76,80,0.0,1.5600000000000285,0,0.7101350157125357,-0.7040655221348058,0.0
2012-05-17,0.0,30.5,38.33,24.94,59.97,2.57,80,0.0,0.0,0,0.6979441547663435,-0.7161521883143933,0.0
2012-05-18,0.0,30.84,39.01,24.39,58.04,3.01,80,0.0,0.0,0,0.6855476064742155,-0.7280278011569847,0.0
2012-05-19,0.0,30.92,38.78,24.99,61.67,3.19,80,0.0,0.0,0,0.672949024155833,-0.7396888608649667,0.0
2012-05-20,0.0,30.89,39.2,25.01,64.31,3.04,80,0.0,0.0,0,0.660152120671232,-0.7511319308705197,0.0
2012-05-21,0.0,30.57,37.49,25.56,62.39,2.91,80,0.0,0.0,0,0.647160667326606,-0.7623536388483902,0.0
2012-05-22,0.0,30.57,38.17,24.96,63.41,2.93,80,0.0,0.0,0,0.6339784927628868,-0.7733506777097298,0.0
2012-05-23,0.0,30.81,38.03,26.13,62.51,3.08,80,0.0,0.0,0,0.620609481827423,-0.7841198065767103,0.0
2012-05-24,0.0,30.97,38.55,25.89,61.52,3.1,80,0.0,0.0,0,0.6070575744291006,-0.7946578517376249,0.0
2012-05-25,0.0,30.78,37.51,26.29,62.21,3.15,80,0.0,0.0,0,0.593326764377232,-0.8049617075821959,0.0
2012-05-26,0.0,31.06,37.91,26.65,62.45,3.51,80,0.0,0.0,0,0.5794210982045638,-0.8150283375168113,0.0
2012-05-27,0.0,30.93,37.51,27.04,62.15,3.74,80,0.0,0.0,0,0.5653446739747428,-0.8248547748594245,0.0
2012-05-28,0.0,31.02,37.44,26.74,61.5,3.27,80,0.0,0.0,0,0.5511016400746,-0.8344381237138473,0.0
2012-05-29,0.0,31.09,37.48,26.58,59.47,3.29,80,0.0,0.0,0,0.5366961939916005,-0.8437755598231856,0.0
2012-05-30,0.0,30.23,36.15,26.32,63.77,3.52,80,0.0,0.0,0,0.522132581076825,-0.8528643314021596,0.0
2012-05-31,0.0,29.92,35.43,25.99,62.67,3.58,80,0.0,0.0,0,0.5074150932938458,-0.861701759948068,0.0
2012-06-01,0.0,30.74,37.03,26.46,61.0,3.51,80,0.0,0.0,0,0.4925480679538644,-0.8702852410301553,0.0
2012-06-02,0.0,31.03,36.8,27.22,62.98,3.75,80,0.0,0.0,0,0.47753588643748834,-0.8786122450571482,0.0
2012-06-03,0.0,31.11,36.82,27.17,62.34,3.79,80,0.0,0.0,0,0.4623829729035151,-0.8866803180227399,0.0
2012-06-04,0.0,31.52,37.45,27.13,63.0,3.46,80,0.0,0.0,0,0.44709379298511426,-0.8944870822287954,0.0
2012-06-05,0.24,30.97,35.81,27.85,64.74,3.04,80,0.0,0.2400000000000284,0,0.43167285247378384,-0.9020302369860707,0.0
2012-06-06,9.95,29.12,32.22,26.13,66.93,3.28,80,0.0,10.190000000000028,0,0.4161246959914746,-0.9093075592922357,0.0
2012-06-07,3.54,29.27,34.68,25.4,66.28,2.62,80,0.0,13.730000000000029,0,0.4004539056512664,-0.9163169044870048,0.0
2012-06-08,3.39,29.38,34.74,25.18,66.66,2.61,80,0.0,17.12000000000003,0,0.3846650997070012,-0.923056206884176,0.0
2012-06-09,5.1,29.52,34.16,26.14,73.08,3.41,80,0.0,22.220000000000027,0,0.3687629311922603,-0.9295234803804002,0.0
2012-06-10,2.39,29.47,33.52,26.52,74.09,4.17,80,0.0,24.37000000000003,0,0.352752086549095,-0.9357168190404935,0.0
2012-06-11,6.24,29.12,33.1,26.44,76.77,4.46,80,0.0,20.66000000000003,0,0.3366372842469106,-0.9416343976591258,0.0
2012-06-12,0.0,29.68,34.13,26.79,74.39,2.87,80,0.0,17.12000000000003,0,0.3204232733919116,-0.9472744722987168,0.0
2012-06-13,0.04,29.41,33.94,26.67,73.48,4.07,80,0.0,13.770000000000028,0,0.30411483232751846,-0.9526353808033824,0.0
2012-06-14,0.54,30.43,36.28,25.94,66.32,4.74,80,0.0,9.21000000000003,0,0.2877167672261668,-0.9577155432887804,0.0
2012-06-15,3.49,29.88,34.46,26.66,71.68,4.72,80,0.0,10.310000000000029,0,0.27123391067291,-0.9625134626077081,0.0
2012-06-16,24.36,29.26,33.51,26.81,76.56,4.25,80,1.8088823842469397,28.430000000000028,0,0.2546711202412288,-0.9670277247913204,1.0
2012-06-17,52.27,27.55,29.44,26.05,85.86,5.81,80,15.191470845056758,80.70000000000003,1,0.2380332770614858,-0.9712569994658313,0.0
2012-06-18,10.41,27.81,29.4,26.4,86.9,4.81,92,1.278914352881934,91.07000000000002,0,0.22132528438243243,-0.9752000402445825,0.0
2012-06-19,0.86,28.02,29.92,26.66,83.58,4.7,92,0.0,91.39000000000003,0,0.2045520661262008,-0.9788556850953578,0.0
2012-06-20,0.07,28.28,31.48,26.03,79.05,4.7,92,0.0,87.97000000000004,0,0.18771856543719884,-0.9822228566828406,0.0
2012-06-21,0.01,28.73,32.35,26.15,77.34,4.06,92,0.0,63.62000000000003,0,0.17082974322534442,-0.985300562686109,0.0
2012-06-22,0.28,28.76,32.04,26.54,77.62,3.82,92,0.0,11.63000000000003,0,0.15389057670406214,-0.9880878960910771,0.0
2012-06-23,9.25,28.87,32.37,26.31,77.65,3.63,80,0.0,10.470000000000029,0,0.13690605792347574,-0.9905840354577969,0.0
2012-06-24,21.06,28.18,30.8,26.61,82.58,4.16,80,0.9725800166991366,30.67000000000003,0,0.11988119229922782,-0.9927882451625399,0.0
2012-06-25,7.25,28.65,31.58,26.55,81.55,4.28,80,0.0,37.85000000000002,0,0.10282099713736025,-0.9946998756145891,0.0
2012-06-26,5.59,28.8,31.81,26.67,80.27,4.1,86,0.0,43.43000000000003,0,0.0857305001556943,-0.9963183634476755,0.0
2012-06-27,27.89,28.45,31.22,26.52,81.94,4.53,86,6.313915024517043,71.04000000000002,0,0.0686147380021341,-0.9976432316860063,1.0
2012-06-28,26.53,26.93,29.33,24.27,84.6,4.0,92,11.062721113252879,88.32000000000002,1,0.05147875477034673,-0.9986740898848305,0.0
2012-06-29,5.0,27.19,31.43,23.96,79.86,2.57,92,0.014973065826120346,72.26000000000002,0,0.03432760051324382,-0.9994106342455052,0.0
2012-06-30,9.8,27.78,31.71,24.86,78.23,3.04,92,1.0547118653398853,74.81000000000003,0,0.01716632975470737,-0.9998526477050269,0.0
2012-07-01,12.12,27.61,31.2,25.2,83.91,2.68,92,1.991643056398125,81.34000000000002,0,1.2246467991473532e-16,-1.0,1.0
2012-07-02,27.16,26.67,28.3,24.97,90.23,3.74,92,11.537614691897561,80.61000000000001,1,-0.017166329754707124,-0.9998526477050269,1.0
2012-07-03,32.94,26.46,28.97,24.41,88.91,3.93,92,16.074811220186717,87.02000000000001,1,-0.03432760051324313,-0.9994106342455054,1.0
2012-07-04,56.48,26.41,27.69,25.52,91.85,6.24,92,36.55470151780288,138.5,1,-0.051478754770346045,-0.9986740898848305,1.0
2012-07-05,27.11,26.96,28.67,25.75,89.19,4.43,92,11.499765281642192,155.81,1,-0.06861473800213432,-0.9976432316860063,0.0
2012-07-06,15.1,27.22,29.16,25.9,89.05,3.84,92,3.4824425587392054,158.79000000000002,0,-0.0857305001556945,-0.9963183634476755,0.0
2012-07-07,7.2,27.03,29.0,25.73,88.34,3.68,92,0.31134083307996374,138.83,0,-0.10282099713736044,-0.9946998756145891,0.0
2012-07-08,18.46,27.4,29.69,25.67,87.94,3.76,92,5.457991475753617,124.35000000000002,0,-0.11988119229922714,-0.99278824516254,0.0
2012-07-09,15.9,27.1,29.23,25.67,88.83,2.92,92,3.92767382012918,83.77000000000002,0,-0.13690605792347504,-0.990584035457797,0.0
2012-07-10,8.69,27.11,29.52,25.36,88.28,2.5,92,0.6925449989637278,65.35000000000002,0,-0.15389057670406148,-0.9880878960910772,1.0
2012-07-11,25.11,27.14,30.0,24.94,86.7,3.94,92,10.00907915860045,75.36000000000001,1,-0.17082974322534417,-0.985300562686109,1.0
2012-07-12,29.53,26.91,29.28,24.95,88.65,3.72,92,13.361206032223715,97.69000000000003,1,-0.1877185654371986,-0.9822228566828407,0.0
2012-07-13,13.75,27.01,29.38,25.09,88.91,3.1,92,2.7720811686455953,92.98000000000002,0,-0.20455206612620058,-0.9788556850953579,0.0
2012-07-14,2.37,27.02,29.29,25.25,86.51,3.68,92,0.0,79.45000000000002,0,-0.22132528438243218,-0.9752000402445826,0.0
2012-07-15,5.66,27.09,29.58,25.32,86.19,3.66,92,0.06618538991714036,76.42000000000002,0,-0.23803327706148514,-0.9712569994658315,0.0
2012-07-16,4.15,27.28,29.84,25.34,87.14,2.77,92,0.0,55.46000000000002,0,-0.254671120241229,-0.9670277247913203,1.0
2012-07-17,28.83,26.8,28.6,25.33,90.77,2.58,92,12.816796469833042,54.76000000000002,1,-0.2712339106729102,-0.9625134626077081,1.0
2012-07-18,47.32,26.56,28.04,25.59,90.38,4.38,92,28.321990256978875,88.33000000000001,1,-0.287716767226167,-0.9577155432887803,1.0
2012-07-19,31.94,26.61,28.51,25.49,89.75,5.17,92,15.269111633908027,117.90000000000002,1,-0.3041148323275178,-0.9526353808033826,0.0
2012-07-20,8.0,26.95,29.49,25.39,88.33,4.55,92,0.5000117827265231,120.24000000000002,0,-0.32042327339191096,-0.947274472298717,0.0
2012-07-21,2.31,26.78,28.72,25.62,89.93,3.75,92,0.0,118.40000000000002,0,-0.3366372842469099,-0.941634397659126,0.0
2012-07-22,2.71,26.59,28.18,25.38,90.33,3.75,92,0.0,92.28000000000002,0,-0.35275208654909473,-0.9357168190404936,0.0
2012-07-23,4.24,26.94,28.95,25.5,87.84,4.13,92,0.0,49.200000000000024,0,-0.36876293119226006,-0.9295234803804003,0.0
2012-07-24,7.16,26.93,29.53,25.27,87.8,4.54,86,0.0,24.420000000000023,0,-0.38466509970700097,-0.9230562068841761,0.0
2012-07-25,4.92,26.83,28.73,25.53,88.89,4.21,80,0.0,21.34000000000002,0,-0.40045390565126615,-0.9163169044870049,0.0
2012-07-26,4.82,26.4,28.04,25.23,89.92,4.68,80,0.0,23.850000000000023,0,-0.4161246959914748,-0.9093075592922356,0.0
2012-07-27,3.07,26.8,29.08,25.32,88.17,3.97,80,0.0,24.210000000000022,0,-0.431672852473784,-0.9020302369860707,0.0
2012-07-28,5.65,26.38,27.87,25.37,89.7,4.26,80,0.0,25.62000000000002,0,-0.44709379298511404,-0.8944870822287955,0.0
2012-07-29,16.63,26.36,27.89,25.29,89.32,3.73,80,0.22905086756636486,35.090000000000025,0,-0.4623829729035149,-0.88668031802274,0.0
2012-07-30,32.3,26.72,28.73,25.15,88.03,4.8,86,8.83236911831736,62.47000000000002,0,-0.4775358864374881,-0.8786122450571483,1.0
2012-07-31,68.85,26.23,27.35,25.51,91.95,4.73,92,47.98407219102074,126.50000000000001,1,-0.4925480679538642,-0.8702852410301554,1.0
2012-08-01,31.04,26.19,27.62,25.23,91.78,3.98,92,14.550803124573106,154.47000000000003,1,-0.5074150932938452,-0.8617017599480683,0.0
2012-08-02,7.23,26.39,28.37,24.5,90.54,4.33,92,0.3177070605768204,156.05,0,-0.5221325810768248,-0.8528643314021597,0.0
2012-08-03,6.49,26.02,27.31,25.14,91.51,4.74,92,0.1778056337785722,145.91000000000003,0,-0.5366961939916004,-0.8437755598231858,0.0
2012-08-04,6.05,26.01,27.18,25.2,91.5,4.88,92,0.11237183855144198,119.66000000000001,0,-0.5511016400745999,-0.8344381237138474,0.0
2012-08-05,2.32,26.06,27.87,24.71,91.51,4.68,92,0.0,53.13000000000002,0,-0.5653446739747425,-0.8248547748594246,0.0
2012-08-06,9.86,26.29,27.78,25.35,91.11,4.25,92,1.0760064381719878,31.950000000000014,0,-0.5794210982045637,-0.8150283375168114,0.0
2012-08-07,10.47,26.35,28.31,25.14,90.63,4.29,80,0.0,35.19000000000001,0,-0.5933267643772321,-0.8049617075821958,0.0
2012-08-08,8.91,26.31,28.25,25.07,90.23,4.68,86,0.009762010227236122,37.610000000000014,0,-0.6070575744291004,-0.794657851737625,0.0
2012-08-09,13.4,26.39,28.32,25.13,89.58,4.94,86,0.5662610338865125,44.960000000000015,0,-0.6206094818274228,-0.7841198065767104,0.0
2012-08-10,17.15,26.12,27.78,25.17,91.26,4.59,86,1.5699779162097298,59.79000000000001,0,-0.6339784927628865,-0.77335067770973,0.0
2012-08-11,10.57,26.41,28.67,25.0,89.93,4.03,92,1.3404807570656947,60.500000000000014,0,-0.6471606673266059,-0.7623536388483905,0.0
2012-08-12,9.64,26.28,28.19,24.89,90.68,4.0,92,0.9987578114400743,59.670000000000016,0,-0.6601521206712315,-0.7511319308705201,0.0
2012-08-13,4.85,26.3,28.68,24.72,89.6,4.06,92,0.008310563802952285,55.610000000000014,0,-0.6729490241558326,-0.7396888608649671,0.0
2012-08-14,1.65,26.36,28.7,24.74,88.93,3.96,92,0.0,43.860000000000014,0,-0.6855476064742154,-0.7280278011569848,0.0
2012-08-15,0.71,26.21,28.83,24.53,88.82,3.97,86,0.0,27.420000000000016,0,-0.6979441547663433,-0.7161521883143935,0.0
2012-08-16,0.21,25.86,28.11,24.31,89.37,3.12,80,0.0,17.060000000000013,0,-0.7101350157125356,-0.7040655221348059,0.0
2012-08-17,0.49,25.84,28.42,24.06,88.49,2.84,80,0.0,7.9100000000000135,0,-0.7221165966101161,-0.691771364614222,0.0
2012-08-18,39.19,25.95,28.32,24.15,89.76,3.29,80,7.797756417379706,42.250000000000014,0,-0.7338853664321993,-0.6792733388972929,0.0
2012-08-19,26.86,26.0,27.92,24.68,89.78,3.74,86,5.76580096932761,67.46000000000001,0,-0.7454378568683002,-0.6665751282095631,0.0
2012-08-20,4.89,26.05,28.4,24.46,89.49,3.64,92,0.009900854783932657,71.64,0,-0.7567706633464625,-0.653680474772006,0.0
2012-08-21,1.99,26.02,28.21,24.67,89.9,3.27,92,0.0,73.42000000000002,0,-0.7678804460366,-0.6405931786981752,0.0
2012-08-22,17.98,26.33,28.92,24.54,90.38,2.96,92,5.159792370809742,90.91000000000003,0,-0.7787639308347605,-0.627317096874294,0.0
2012-08-23,8.33,26.54,29.58,24.3,89.22,2.68,92,0.5887985694104237,60.05000000000001,0,-0.7894179103280194,-0.6138561418226122,0.0
2012-08-24,0.1,26.53,29.51,24.05,87.65,1.89,92,0.0,33.29000000000001,0,-0.7998392447397191,-0.6002142805483686,0.0
2012-08-25,4.81,26.35,29.09,24.16,88.34,2.0,80,0.0,33.210000000000015,0,-0.8100248628547748,-0.5863955333706962,0.0
2012-08-26,15.82,26.32,28.27,24.77,90.03,3.1,80,0.1461182827979585,47.04000000000001,0,-0.8199717629247767,-0.5724039727378154,1.0
2012-08-27,44.53,25.94,27.08,25.08,92.49,3.99,86,16.941376428170294,73.59000000000002,1,-0.8296770135526184,-0.5582437220268655,1.0
2012-08-28,27.38,26.14,27.44,25.17,92.76,3.27,92,11.70447251966118,92.64000000000001,1,-0.8391377545563938,-0.5439189543287248,0.0
2012-08-29,21.77,26.7,29.27,24.91,91.14,2.6,92,7.634795842314315,114.31,0,-0.8483511978123038,-0.5294338912181854,0.0
2012-08-30,21.83,26.13,27.79,24.77,90.49,1.79,92,7.676007062842454,131.33,0,-0.8573146280763322,-0.514792801509831,0.0
2012-08-31,22.13,26.1,28.23,24.54,92.5,2.12,92,7.882912918561201,137.64000000000001,0,-0.8660254037844384,-0.5000000000000004,0.0
2012-09-01,9.38,26.39,28.74,24.74,91.9,2.69,92,0.9104577048923707,102.49000000000001,0,-0.8744809578310394,-0.4850598461951967,0.0
2012-09-02,5.7,26.79,28.98,25.43,92.38,3.15,92,0.0703943377148636,80.81000000000002,0,-0.8826787983255475,-0.4699767430273199,1.0
2012-09-03,87.25,26.51,28.14,25.58,93.82,3.36,92,65.39524872325455,146.29000000000002,1,-0.8906165093267404,-0.45475513555610575,1.0
2012-09-04,62.16,26.06,27.09,25.32,94.08,3.98,92,41.76659173702766,186.62,1,-0.8982917515547529,-0.4393995096591416,0.0
2012-09-05,22.74,25.78,27.01,25.08,93.62,3.92,92,8.30788422513152,187.23000000000002,0,-0.9057022630804714,-0.42391439070986087,0.0
2012-09-06,21.25,26.13,27.77,25.13,92.48,4.6,92,7.280058600817451,199.10000000000002,0,-0.9128458599921354,-0.40830434224389367,0.0
2012-09-07,4.85,26.39,28.62,24.72,91.35,4.64,92,0.008310563802952285,198.25,0,-0.9197204370389468,-0.3925739646141714,0.0
2012-09-08,17.0,26.42,28.78,24.99,91.57,4.86,92,4.5666001461270875,128.00000000000003,0,-0.9263239682514951,-0.3767278936351848,0.0
2012-09-09,23.57,26.37,28.59,24.88,91.19,3.98,92,8.894914820636306,89.41000000000003,0,-0.9326545075388225,-0.3607707992167831,1.0
2012-09-10,42.95,26.13,28.2,24.89,91.95,3.32,92,24.493114187930246,109.62000000000003,1,-0.9387101892619443,-0.3447073839879337,0.0
2012-09-11,20.64,25.82,27.47,24.67,92.14,3.19,92,6.8696429050773355,109.01000000000003,0,-0.9444892287836613,-0.32854238191083474,0.0
2012-09-12,1.86,25.86,28.37,24.22,90.94,3.24,92,0.0,106.02000000000002,0,-0.9499899229945009,-0.3122805568857948,0.0
2012-09-13,5.81,25.89,28.64,23.87,90.53,3.59,92,0.08259773812888016,94.83000000000004,0,-0.9552106508146316,-0.29592670134728966,0.0
2012-09-14,10.59,26.03,28.45,24.48,90.12,3.79,92,1.3482549294917294,81.85000000000004,0,-0.9601498736716017,-0.2794856348516098,0.0
2012-09-15,5.93,26.0,28.64,24.37,89.98,3.76,92,0.09695030586735047,44.83000000000003,0,-0.9648061359537644,-0.2629622026565152,0.0
2012-09-16,1.04,25.97,28.75,24.14,89.11,3.08,86,0.0,25.23000000000003,0,-0.9691780654392534,-0.24636127429331536,0.0
2012-09-17,0.33,26.1,29.49,23.98,87.26,2.62,80,0.0,23.700000000000028,0,-0.9732643737003823,-0.2296877421317963,0.0
2012-09-18,1.12,25.8,28.69,23.65,87.87,2.17,80,0.0,19.01000000000003,0,-0.9770638564833508,-0.21294651993841573,0.0
2012-09-19,21.59,25.7,28.77,23.5,86.96,1.44,80,1.0917543859649121,30.010000000000026,0,-0.9805753940631429,-0.19614254142819712,0.0
2012-09-20,12.58,25.44,28.56,22.74,88.02,1.77,80,0.0,36.66000000000003,0,-0.9837979515735163,-0.1792807588107359,0.0
2012-09-21,5.52,25.47,28.47,23.47,88.42,1.92,86,0.0,41.14000000000003,0,-0.9867305793119814,-0.16236614133076413,0.0
2012-09-22,2.47,24.91,27.0,23.43,90.45,1.65,86,0.0,43.28000000000003,0,-0.9893724130196829,-0.14540367380369032,0.0
2012-09-23,0.37,24.77,27.52,22.45,87.33,1.49,86,0.0,42.53000000000003,0,-0.9917226741361014,-0.12839835514655154,0.0
2012-09-24,4.46,24.9,28.28,22.18,85.96,1.6,86,0.0,25.40000000000003,0,-0.9937806700284985,-0.11135519690480865,0.0
2012-09-25,6.38,25.16,28.51,22.57,85.57,1.61,80,0.0,19.20000000000003,0,-0.9955457941960382,-0.09427922177542443,0.0
2012-09-26,0.77,25.73,30.41,22.18,84.04,1.39,80,0.0,14.450000000000031,0,-0.9970175264485267,-0.07717546212664643,0.0
2012-09-27,0.0,25.92,30.28,22.13,85.89,1.91,80,0.0,11.98000000000003,0,-0.998195433059714,-0.06004895851494849,0.0
2012-09-28,0.01,26.07,30.43,22.55,84.71,1.98,80,0.0,11.620000000000031,0,-0.9990791668951153,-0.04290475819955383,0.0
2012-09-29,0.41,26.7,31.4,22.48,83.66,1.77,80,0.0,7.570000000000032,0,-0.9996684675143132,-0.025747913654988113,0.0
2012-09-30,9.61,27.98,32.67,23.53,80.2,1.5,80,0.0,10.800000000000033,0,-0.9999631612477099,-0.008583481082086734,0.0
2012-10-01,33.22,28.57,31.81,25.91,82.42,0.78,80,5.011549631040226,43.25000000000003,0,-0.9999631612477099,0.008583481082087254,0.0
2012-10-02,17.68,27.01,29.41,25.42,90.24,1.41,86,1.7445646108957895,60.93000000000003,0,-0.999668467514313,0.025747913654988634,0.0
2012-10-03,22.08,26.31,29.12,24.45,88.86,1.14,92,7.848331025246916,83.00000000000003,0,-0.9990791668951153,0.04290475819955435,1.0
2012-10-04,26.45,25.71,28.56,23.81,90.2,1.33,92,11.002734128131795,109.04000000000003,1,-0.998195433059714,0.06004895851494813,0.0
2012-10-05,18.78,25.74,27.95,23.63,91.24,1.54,92,5.659451006180953,118.21000000000004,0,-0.9970175264485267,0.07717546212664607,1.0
2012-10-06,29.96,26.55,29.07,24.95,90.82,1.36,92,13.697896590099083,114.95000000000003,1,-0.9955457941960382,0.09427922177542405,0.0
2012-10-07,24.36,25.98,27.69,24.81,93.51,2.19,92,9.462568540284005,121.63000000000002,0,-0.9937806700284985,0.11135519690480827,0.0
2012-10-08,13.36,26.02,28.86,24.13,91.74,1.92,92,2.5772275480912166,112.91000000000003,0,-0.9917226741361016,0.1283983551465503,0.0
2012-10-09,6.4,27.23,31.65,23.6,81.92,1.11,92,0.16330736365921103,92.86000000000003,0,-0.9893724130196829,0.14540367380368996,0.0
2012-10-10,5.75,27.57,31.85,23.96,78.22,1.07,92,0.07582745107535352,79.83000000000003,0,-0.9867305793119814,0.16236614133076377,0.0
2012-10-11,0.38,27.33,32.09,23.58,75.5,1.52,92,0.0,50.25000000000003,0,-0.9837979515735163,0.17928075881073555,0.0
2012-10-12,0.0,26.34,32.0,21.39,74.1,1.36,86,0.0,25.89000000000003,0,-0.980575394063143,0.19614254142819676,0.0
2012-10-13,0.0,26.84,32.29,22.24,73.42,1.28,80,0.0,12.53000000000003,0,-0.9770638564833509,0.21294651993841537,0.0
2012-10-14,0.0,26.62,32.41,22.21,73.27,1.3,80,0.0,6.130000000000028,0,-0.9732643737003827,0.22968774213179508,0.0
2012-10-15,0.0,26.36,31.98,21.3,72.39,1.39,80,0.0,0.3800000000000284,0,-0.9691780654392538,0.24636127429331414,0.0
2012-10-16,0.0,26.95,32.56,21.71,70.53,1.32,80,0.0,0.0,0,-0.9648061359537647,0.262962202656514,0.0
2012-10-17,0.0,26.61,32.53,21.78,70.17,1.4,80,0.0,0.0,0,-0.9601498736716018,0.2794856348516095,0.0
2012-10-18,0.0,26.4,33.01,21.33,70.27,1.62,80,0.0,0.0,0,-0.9552106508146317,0.2959267013472893,0.0
2012-10-19,0.0,26.22,32.37,21.57,74.52,2.28,80,0.0,0.0,0,-0.9499899229945011,0.3122805568857945,0.0
2012-10-20,0.01,25.49,32.49,20.47,71.44,2.75,80,0.0,0.010000000000028422,0,-0.9444892287836614,0.3285423819108344,0.0
2012-10-21,0.01,25.92,30.66,21.84,79.7,2.4,80,0.0,0.020000000000028422,0,-0.938710189261944,0.3447073839879342,0.0
2012-10-22,0.42,25.94,29.12,23.13,80.26,1.88,80,0.0,0.4400000000000284,0,-0.9326545075388223,0.3607707992167836,0.0
2012-10-23,0.17,26.11,30.14,23.41,82.95,1.72,80,0.0,0.6100000000000284,0,-0.9263239682514949,0.3767278936351853,0.0
2012-10-24,4.92,26.84,30.96,23.51,79.92,1.45,80,0.0,5.530000000000029,0,-0.9197204370389466,0.3925739646141719,0.0
2012-10-25,0.57,27.22,32.02,23.78,77.82,1.17,80,0.0,6.090000000000029,0,-0.9128458599921356,0.40830434224389334,0.0
2012-10-26,1.95,26.74,31.87,23.02,71.93,1.35,80,0.0,8.03000000000003,0,-0.9057022630804715,0.42391439070986053,0.0
2012-10-27,0.41,26.69,31.95,21.56,75.04,1.68,80,0.0,8.020000000000028,0,-0.898291751554753,0.4393995096591413,0.0
2012-10-28,0.0,26.83,31.99,22.86,75.89,1.81,80,0.0,7.850000000000028,0,-0.8906165093267405,0.4547551355561054,0.0
2012-10-29,0.0,26.12,31.37,21.99,75.5,2.13,80,0.0,2.9300000000000286,0,-0.8826787983255476,0.46997674302731957,0.0
2012-10-30,0.0,24.08,31.85,18.11,64.1,2.84,80,0.0,2.3600000000000287,0,-0.8744809578310401,0.4850598461951956,0.0
2012-10-31,0.0,24.0,31.32,18.33,65.76,2.33,80,0.0,0.4100000000000284,0,-0.8660254037844386,0.5000000000000001,0.0
2012-11-01,0.0,24.09,30.6,18.76,76.68,2.02,80,0.0,0.0,0,-0.8573146280763323,0.5147928015098308,0.0
2012-11-02,0.34,26.22,30.83,22.8,81.69,1.59,80,0.0,0.34000000000002845,0,-0.848351197812304,0.5294338912181851,0.0
2012-11-03,0.0,26.43,31.3,22.29,79.94,1.22,80,0.0,0.34000000000002845,0,-0.8391377545563939,0.5439189543287245,0.0
2012-11-04,0.0,26.24,30.82,22.29,78.11,1.14,80,0.0,0.34000000000002845,0,-0.8296770135526191,0.5582437220268645,0.0
2012-11-05,0.0,25.43,30.82,19.94,67.96,1.23,80,0.0,0.34000000000002845,0,-0.8199717629247775,0.5724039727378144,0.0
2012-11-06,0.0,24.75,31.16,19.09,67.02,1.39,80,0.0,0.34000000000002845,0,-0.8100248628547756,0.5863955333706952,0.0
2012-11-07,0.0,24.84,30.81,19.45,65.03,1.37,80,0.0,0.0,0,-0.7998392447397199,0.6002142805483676,0.0
2012-11-08,0.0,24.8,30.73,18.97,62.92,1.26,80,0.0,0.0,0,-0.7894179103280197,0.613856141822612,0.0
2012-11-09,0.0,24.43,30.63,18.4,66.54,1.32,80,0.0,0.0,0,-0.7787639308347607,0.6273170968742937,0.0
2012-11-10,0.0,24.75,31.18,18.97,67.62,1.33,80,0.0,0.0,0,-0.7678804460366002,0.640593178698175,0.0
2012-11-11,0.0,25.04,30.84,19.49,62.48,1.22,80,0.0,0.0,0,-0.7567706633464628,0.6536804747720056,0.0
2012-11-12,0.0,24.78,30.69,19.29,74.24,1.5,80,0.0,0.0,0,-0.7454378568682999,0.6665751282095634,0.0
2012-11-13,0.0,25.55,30.74,21.66,75.41,1.71,80,0.0,0.0,0,-0.7338853664321989,0.6792733388972934,0.0
2012-11-14,0.0,24.61,30.78,19.43,65.87,1.62,80,0.0,0.0,0,-0.7221165966101161,0.6917713646142221,0.0
2012-11-15,0.0,24.31,30.69,19.45,70.29,1.52,80,0.0,0.0,0,-0.7101350157125358,0.7040655221348057,0.0
2012-11-16,0.0,23.13,30.67,18.03,67.72,2.37,80,0.0,0.0,0,-0.6979441547663436,0.7161521883143933,0.0
2012-11-17,0.0,21.82,30.25,15.64,64.13,2.48,80,0.0,0.0,0,-0.6855476064742156,0.7280278011569846,0.0
2012-11-18,0.0,21.52,29.49,15.63,62.84,2.3,80,0.0,0.0,0,-0.6729490241558331,0.7396888608649665,0.0
2012-11-19,0.0,21.43,30.23,14.91,60.64,2.28,80,0.0,0.0,0,-0.6601521206712321,0.7511319308705195,0.0
2012-11-20,0.0,22.1,30.97,14.82,55.11,2.31,80,0.0,0.0,0,-0.6471606673266065,0.7623536388483899,0.0
2012-11-21,0.0,22.62,30.15,15.99,63.9,1.94,80,0.0,0.0,0,-0.6339784927628872,0.7733506777097294,0.0
2012-11-22,0.0,23.93,31.67,18.28,64.82,1.23,80,0.0,0.0,0,-0.6206094818274227,0.7841198065767104,0.0
2012-11-23,0.0,23.22,30.48,17.95,60.82,1.62,80,0.0,0.0,0,-0.607057574429101,0.7946578517376245,0.0
2012-11-24,0.0,23.15,30.24,17.76,65.1,1.52,80,0.0,0.0,0,-0.5933267643772321,0.8049617075821959,0.0
2012-11-25,0.0,24.14,31.94,18.27,66.22,1.42,80,0.0,0.0,0,-0.5794210982045647,0.8150283375168107,0.0
2012-11-26,0.0,24.09,31.31,19.2,66.31,1.64,80,0.0,0.0,0,-0.5653446739747432,0.8248547748594242,0.0
2012-11-27,0.0,24.17,31.2,18.58,64.33,1.25,80,0.0,0.0,0,-0.5511016400745998,0.8344381237138475,0.0
2012-11-28,0.0,23.74,29.69,18.79,67.23,1.17,80,0.0,0.0,0,-0.5366961939916011,0.8437755598231853,0.0
2012-11-29,0.0,22.9,29.29,18.16,66.6,1.48,80,0.0,0.0,0,-0.5221325810768248,0.8528643314021598,0.0
2012-11-30,0.0,21.74,29.53,15.2,62.36,1.75,80,0.0,0.0,0,-0.5074150932938463,0.8617017599480677,0.0
2012-12-01,0.0,22.06,29.41,16.7,66.87,1.46,80,0.0,0.0,0,-0.4925480679538645,0.8702852410301551,0.0
2012-12-02,0.0,21.83,28.51,15.96,65.97,1.33,80,0.0,0.0,0,-0.47753588643748845,0.8786122450571482,0.0
2012-12-03,0.0,23.42,31.0,18.11,70.64,2.03,80,0.0,0.0,0,-0.4623829729035152,0.8866803180227398,0.0
2012-12-04,0.0,23.55,31.47,17.44,62.83,2.49,80,0.0,0.0,0,-0.44709379298511437,0.8944870822287954,0.0
2012-12-05,0.0,23.33,31.44,17.84,63.66,2.63,80,0.0,0.0,0,-0.43167285247378356,0.9020302369860709,0.0
2012-12-06,0.0,25.6,31.88,20.84,67.41,2.18,80,0.0,0.0,0,-0.4161246959914751,0.9093075592922355,0.0
2012-12-07,0.0,25.52,31.86,21.31,67.93,1.65,80,0.0,0.0,0,-0.4004539056512665,0.9163169044870048,0.0
2012-12-08,0.0,25.63,32.31,21.48,69.45,1.3,80,0.0,0.0,0,-0.3846650997070013,0.923056206884176,0.0
2012-12-09,0.0,24.77,31.19,20.56,64.55,1.33,80,0.0,0.0,0,-0.3687629311922604,0.9295234803804002,0.0
2012-12-10,0.0,23.65,29.68,18.98,70.99,1.37,80,0.0,0.0,0,-0.3527520865490943,0.9357168190404939,0.0
2012-12-11,0.0,22.61,28.44,17.69,75.47,1.43,80,0.0,0.0,0,-0.3366372842469107,0.9416343976591258,0.0
2012-12-12,0.0,22.07,28.9,15.63,69.9,1.36,80,0.0,0.0,0,-0.3204232733919109,0.947274472298717,0.0
2012-12-13,0.0,21.97,28.12,16.55,73.19,1.23,80,0.0,0.0,0,-0.30411483232751857,0.9526353808033823,0.0
2012-12-14,0.0,21.69,28.74,15.74,73.82,1.27,80,0.0,0.0,0,-0.28771676722616696,0.9577155432887803,0.0
2012-12-15,0.0,21.92,29.22,15.34,72.84,1.48,80,0.0,0.0,0,-0.27123391067291097,0.9625134626077079,0.0
2012-12-16,0.0,23.57,31.75,17.65,65.57,1.47,80,0.0,0.0,0,-0.25467112024122895,0.9670277247913203,0.0
2012-12-17,0.0,23.96,32.57,17.66,62.1,2.29,80,0.0,0.0,0,-0.23803327706148678,0.9712569994658311,0.0
2012-12-18,0.0,24.02,32.05,19.02,60.83,2.46,80,0.0,0.0,0,-0.22132528438243296,0.9752000402445824,0.0
2012-12-19,0.0,23.09,31.36,16.75,53.16,2.66,80,0.0,0.0,0,-0.2045520661262005,0.9788556850953579,0.0
2012-12-20,0.0,22.88,31.9,16.34,51.55,2.21,80,0.0,0.0,0,-0.1877185654371994,0.9822228566828405,0.0
2012-12-21,0.0,23.66,32.64,17.16,55.45,2.09,80,0.0,0.0,0,-0.17082974322534408,0.985300562686109,0.0
2012-12-22,0.0,24.33,32.97,18.26,60.36,1.67,80,0.0,0.0,0,-0.1538905767040627,0.9880878960910771,0.0
2012-12-23,0.0,24.23,32.34,18.45,63.03,1.46,80,0.0,0.0,0,-0.1369060579234754,0.9905840354577969,0.0
2012-12-24,0.0,24.05,31.89,18.22,64.12,1.51,80,0.0,0.0,0,-0.1198811922992275,0.99278824516254,0.0
2012-12-25,0.0,24.23,31.95,18.5,57.2,1.62,80,0.0,0.0,0,-0.1028209971373608,0.9946998756145891,0.0
2012-12-26,0.0,23.0,31.86,16.14,44.81,2.87,80,0.0,0.0,0,-0.08573050015569487,0.9963183634476755,0.0
2012-12-27,0.0,22.2,31.75,15.65,47.91,2.01,80,0.0,0.0,0,-0.06861473800213468,0.9976432316860063,0.0
2012-12-28,0.0,21.7,30.9,15.21,51.97,1.55,80,0.0,0.0,0,-0.05147875477034641,0.9986740898848305,0.0
2012-12-29,0.0,21.85,30.87,15.31,53.49,1.58,80,0.0,0.0,0,-0.034327600513243496,0.9994106342455052,0.0
2012-12-30,0.0,22.9,30.36,17.01,60.86,1.27,80,0.0,0.0,0,-0.017166329754707492,0.9998526477050269,0.0
2012-12-31,0.0,24.51,31.73,19.07,66.07,1.28,80,0.0,0.0,0,-2.4492935982947064e-16,1.0,0.0
2013-01-01,0.0,24.84,30.68,21.07,71.11,1.24,80,0.0,0.0,0,0.01716632975470737,0.9998526477050269,0.0
2013-01-02,0.0,23.13,29.5,17.94,61.19,1.67,80,0.0,0.0,0,0.034327600513243496,0.9994106342455052,0.0
2013-01-03,0.0,21.5,29.93,15.76,46.05,1.75,80,0.0,0.0,0,0.05147875477034653,0.9986740898848305,0.0
2013-01-04,0.0,21.04,29.35,14.91,56.11,1.46,80,0.0,0.0,0,0.06861473800213404,0.9976432316860063,0.0
2013-01-05,0.0,20.42,28.14,14.23,66.62,1.45,80,0.0,0.0,0,0.08573050015569435,0.9963183634476755,0.0
2013-01-06,0.0,19.8,28.4,13.4,49.93,1.79,80,0.0,0.0,0,0.1028209971373604,0.9946998756145891,0.0
2013-01-07,0.0,19.71,29.62,12.01,47.11,1.93,80,0.0,0.0,0,0.11988119229922722,0.99278824516254,0.0
2013-01-08,0.0,21.22,30.29,13.33,53.4,2.12,80,0.0,0.0,0,0.13690605792347524,0.990584035457797,0.0
2013-01-09,0.0,22.82,30.91,15.83,65.14,1.56,80,0.0,0.0,0,0.15389057670406178,0.9880878960910772,0.0
2013-01-10,0.0,22.98,31.93,16.83,54.26,1.66,80,0.0,0.0,0,0.17082974322534417,0.985300562686109,0.0
2013-01-11,0.0,23.81,34.33,16.58,48.76,2.26,80,0.0,0.0,0,0.1877185654371987,0.9822228566828407,0.0
2013-01-12,0.0,23.7,33.62,17.13,43.77,2.47,80,0.0,0.0,0,0.2045520661262008,0.9788556850953578,0.0
2013-01-13,0.0,24.02,33.76,17.03,45.73,1.63,80,0.0,0.0,0,0.22132528438243257,0.9752000402445825,0.0
2013-01-14,0.0,23.89,33.25,17.12,49.41,1.65,80,0.0,0.0,0,0.2380332770614856,0.9712569994658314,0.0
2013-01-15,0.0,23.45,33.22,16.98,54.4,1.54,80,0.0,0.0,0,0.2546711202412287,0.9670277247913204,0.0
2013-01-16,0.0,23.8,32.8,17.02,49.58,1.63,80,0.0,0.0,0,0.27123391067291003,0.9625134626077081,0.0
2013-01-17,0.0,23.13,31.13,17.29,60.56,2.03,80,0.0,0.0,0,0.287716767226167,0.9577155432887803,0.0
2013-01-18,0.0,21.62,28.44,15.11,65.01,2.8,80,0.0,0.0,0,0.30411483232751785,0.9526353808033825,0.0
2013-01-19,0.0,20.2,30.72,12.43,44.57,2.25,80,0.0,0.0,0,0.3204232733919111,0.9472744722987169,0.0
2013-01-20,0.0,21.28,31.37,14.21,46.61,1.78,80,0.0,0.0,0,0.33663728424691025,0.9416343976591259,0.0
2013-01-21,0.0,22.08,31.73,14.57,48.42,1.69,80,0.0,0.0,0,0.3527520865490948,0.9357168190404936,0.0
2013-01-22,0.0,22.7,32.28,15.55,53.36,1.91,80,0.0,0.0,0,0.3687629311922601,0.9295234803804003,0.0
2013-01-23,0.0,22.92,31.72,16.11,52.19,1.58,80,0.0,0.0,0,0.3846650997070012,0.9230562068841761,0.0
2013-01-24,0.0,22.45,31.43,15.18,53.73,1.74,80,0.0,0.0,0,0.40045390565126643,0.9163169044870048,0.0
2013-01-25,0.0,22.59,31.94,15.55,54.17,1.68,80,0.0,0.0,0,0.41612469599147445,0.9093075592922358,0.0
2013-01-26,0.0,23.3,33.04,16.27,54.81,1.69,80,0.0,0.0,0,0.43167285247378384,0.9020302369860707,0.0
2013-01-27,0.0,23.26,31.35,17.29,54.99,1.79,80,0.0,0.0,0,0.44709379298511387,0.8944870822287956,0.0
2013-01-28,0.0,23.51,32.46,16.94,52.38,1.99,80,0.0,0.0,0,0.4623829729035149,0.88668031802274,0.0
2013-01-29,0.0,23.46,32.17,16.98,48.73,1.75,80,0.0,0.0,0,0.47753588643748823,0.8786122450571483,0.0
2013-01-30,0.0,23.12,31.96,16.76,54.03,1.36,80,0.0,0.0,0,0.4925480679538643,0.8702852410301553,0.0
2013-01-31,0.0,24.0,33.32,17.18,53.33,1.74,80,0.0,0.0,0,0.5074150932938455,0.8617017599480682,0.0
2013-02-01,0.0,25.02,33.5,19.1,53.42,1.53,80,0.0,0.0,0,0.5221325810768248,0.8528643314021597,0.0
2013-02-02,0.0,25.57,33.84,20.65,52.83,1.71,80,0.0,0.0,0,0.5366961939916004,0.8437755598231856,0.0
2013-02-03,0.0,25.68,33.58,20.62,54.27,1.63,80,0.0,0.0,0,0.5511016400746002,0.8344381237138473,0.0
2013-02-04,0.0,24.99,32.31,19.84,67.62,1.9,80,0.0,0.0,0,0.5653446739747429,0.8248547748594244,0.0
2013-02-05,0.0,24.48,30.61,20.53,69.8,2.06,80,0.0,0.0,0,0.5794210982045637,0.8150283375168114,0.0
2013-02-06,0.0,22.55,29.08,18.14,59.94,3.04,80,0.0,0.0,0,0.593326764377232,0.8049617075821959,0.0
2013-02-07,0.0,22.2,31.57,15.24,41.28,2.42,80,0.0,0.0,0,0.6070575744291002,0.7946578517376252,0.0
2013-02-08,0.0,22.89,32.96,14.56,44.41,1.79,80,0.0,0.0,0,0.6206094818274227,0.7841198065767105,0.0
2013-02-09,0.0,25.83,36.47,17.88,59.89,2.27,80,0.0,0.0,0,0.6339784927628866,0.7733506777097299,0.0
2013-02-10,0.0,26.72,35.23,19.91,58.11,1.89,80,0.0,0.0,0,0.647160667326606,0.7623536388483904,0.0
2013-02-11,4.75,27.52,34.96,22.7,52.6,1.26,80,0.0,4.750000000000028,0,0.6601521206712317,0.7511319308705199,0.0
2013-02-12,1.98,27.92,35.59,23.18,52.02,1.41,80,0.0,6.730000000000029,0,0.6729490241558329,0.7396888608649669,0.0
2013-02-13,0.0,28.59,36.77,23.48,45.78,1.97,80,0.0,6.730000000000029,0,0.6855476064742154,0.7280278011569848,0.0
2013-02-14,0.0,28.82,36.79,24.03,45.49,1.54,80,0.0,6.730000000000029,0,0.6979441547663435,0.7161521883143933,0.0
2013-02-15,0.0,27.38,33.96,23.65,51.34,1.48,80,0.0,6.730000000000029,0,0.7101350157125358,0.7040655221348057,0.0
2013-02-16,0.0,24.48,29.57,19.66,63.0,2.62,80,0.0,1.9800000000000284,0,0.7221165966101162,0.691771364614222,0.0
2013-02-17,0.0,23.2,30.68,17.98,51.02,1.97,80,0.0,0.0,0,0.733885366432199,0.6792733388972931,0.0
2013-02-18,0.0,24.06,34.58,15.29,39.35,1.87,80,0.0,0.0,0,0.7454378568683001,0.6665751282095632,0.0
2013-02-19,0.0,25.22,35.48,17.0,40.48,2.28,80,0.0,0.0,0,0.7567706633464625,0.653680474772006,0.0
2013-02-20,0.0,26.12,36.02,18.65,39.05,1.79,80,0.0,0.0,0,0.7678804460366,0.6405931786981751,0.0
2013-02-21,0.0,26.42,35.96,19.32,43.71,1.86,80,0.0,0.0,0,0.7787639308347607,0.6273170968742937,0.0
2013-02-22,0.0,26.78,36.28,19.54,51.07,1.71,80,0.0,0.0,0,0.7894179103280197,0.613856141822612,0.0
2013-02-23,0.0,26.01,34.4,19.79,56.43,1.79,80,0.0,0.0,0,0.7998392447397193,0.6002142805483682,0.0
2013-02-24,0.0,25.94,36.41,18.13,43.55,2.53,80,0.0,0.0,0,0.8100248628547753,0.5863955333706956,0.0
2013-02-25,0.0,26.6,36.93,18.19,36.22,1.92,80,0.0,0.0,0,0.8199717629247771,0.5724039727378148,0.0
2013-02-26,0.0,27.09,35.91,20.83,45.68,1.84,80,0.0,0.0,0,0.8296770135526188,0.5582437220268648,0.0
2013-02-27,0.0,24.89,33.81,18.22,54.19,2.49,80,0.0,0.0,0,0.8391377545563938,0.5439189543287247,0.0
2013-02-28,0.0,26.98,37.66,17.89,30.14,2.74,80,0.0,0.0,0,0.8483511978123038,0.5294338912181853,0.0
2013-03-01,0.0,29.3,39.26,21.11,23.98,3.36,80,0.0,0.0,0,0.8573146280763322,0.5147928015098309,0.0
2013-03-02,0.0,29.42,39.95,21.04,21.52,3.24,80,0.0,0.0,0,0.8660254037844386,0.5000000000000001,0.0
2013-03-03,0.0,29.48,40.57,20.76,20.24,2.98,80,0.0,0.0,0,0.8744809578310397,0.4850598461951962,0.0
2013-03-04,0.0,29.2,40.44,20.57,18.47,2.66,80,0.0,0.0,0,0.8826787983255474,0.46997674302731995,0.0
2013-03-05,0.0,29.43,40.87,20.35,22.64,2.48,80,0.0,0.0,0,0.8906165093267404,0.4547551355561058,0.0
2013-03-06,0.0,29.94,40.03,22.33,28.75,3.12,80,0.0,0.0,0,0.8982917515547528,0.4393995096591417,0.0
2013-03-07,0.0,31.0,41.17,22.8,28.27,2.39,80,0.0,0.0,0,0.9057022630804714,0.42391439070986076,0.0
2013-03-08,0.0,30.9,40.39,24.04,28.92,2.58,80,0.0,0.0,0,0.9128458599921356,0.40830434224389334,0.0
2013-03-09,0.0,29.58,39.18,22.82,53.07,1.97,80,0.0,0.0,0,0.9197204370389467,0.3925739646141717,0.0
2013-03-10,0.0,28.54,37.4,21.8,38.09,2.26,80,0.0,0.0,0,0.926323968251495,0.3767278936351851,0.0
2013-03-11,0.0,28.34,37.3,21.73,49.49,1.77,80,0.0,0.0,0,0.9326545075388224,0.36077079921678346,0.0
2013-03-12,0.0,28.23,36.32,22.69,50.99,1.68,80,0.0,0.0,0,0.9387101892619443,0.3447073839879338,0.0
2013-03-13,0.0,27.15,35.17,21.31,55.59,1.99,80,0.0,0.0,0,0.9444892287836613,0.32854238191083485,0.0
2013-03-14,0.0,27.23,36.15,19.74,55.39,2.46,80,0.0,0.0,0,0.949989922994501,0.3122805568857947,0.0
2013-03-15,0.0,28.64,38.08,20.87,47.98,2.47,80,0.0,0.0,0,0.9552106508146316,0.2959267013472893,0.0
2013-03-16,0.05,29.12,37.78,23.24,42.87,1.75,80,0.0,0.050000000000028424,0,0.9601498736716018,0.2794856348516095,0.0
2013-03-17,0.73,29.0,37.97,21.87,48.19,1.66,80,0.0,0.7800000000000284,0,0.9648061359537645,0.2629622026565149,0.0
2013-03-18,0.0,29.29,38.28,22.58,38.16,2.21,80,0.0,0.7800000000000284,0,0.9691780654392536,0.2463612742933148,0.0
2013-03-19,0.0,28.71,37.64,21.63,45.51,2.19,80,0.0,0.7800000000000284,0,0.9732643737003824,0.22968774213179574,0.0
2013-03-20,0.0,27.83,36.59,20.63,38.64,2.55,80,0.0,0.7800000000000284,0,0.9770638564833508,0.21294651993841582,0.0
2013-03-21,0.0,27.64,38.26,19.06,44.24,2.61,80,0.0,0.7300000000000284,0,0.9805753940631429,0.19614254142819698,0.0
2013-03-22,0.0,28.11,36.55,21.03,51.64,2.09,80,0.0,0.0,0,0.9837979515735163,0.17928075881073577,0.0
2013-03-23,0.0,28.4,36.63,23.0,58.33,2.19,80,0.0,0.0,0,0.9867305793119814,0.162366141330764,0.0
2013-03-24,0.0,28.66,36.77,21.51,54.24,2.67,80,0.0,0.0,0,0.989372413019683,0.14540367380368976,0.0
2013-03-25,0.0,29.76,39.0,24.03,46.57,2.41,80,0.0,0.0,0,0.9917226741361015,0.12839835514655099,0.0
2013-03-26,0.0,28.52,35.73,23.4,56.48,2.09,80,0.0,0.0,0,0.9937806700284985,0.11135519690480875,0.0
2013-03-27,0.0,28.14,35.67,22.49,57.29,2.63,80,0.0,0.0,0,0.9955457941960382,0.09427922177542453,0.0
2013-03-28,0.0,27.82,35.71,21.87,58.48,3.15,80,0.0,0.0,0,0.9970175264485267,0.07717546212664653,0.0
2013-03-29,0.0,27.39,35.91,20.92,49.47,3.17,80,0.0,0.0,0,0.998195433059714,0.0600489585149486,0.0
2013-03-30,0.0,28.42,38.06,20.62,47.94,2.52,80,0.0,0.0,0,0.9990791668951153,0.042904758199554374,0.0
2013-03-31,0.0,28.95,38.29,21.35,41.59,2.17,80,0.0,0.0,0,0.999668467514313,0.025747913654988658,0.0
2013-04-01,0.0,28.76,37.77,22.06,53.15,2.12,80,0.0,0.0,0,0.9999631612477099,0.008583481082087055,0.0
2013-04-02,0.0,28.25,35.63,23.16,53.37,2.26,80,0.0,0.0,0,0.9999631612477099,-0.008583481082086933,0.0
2013-04-03,0.0,27.7,35.99,21.56,54.1,2.46,80,0.0,0.0,0,0.9996684675143132,-0.025747913654988314,0.0
2013-04-04,0.0,27.86,36.3,20.61,57.17,2.41,80,0.0,0.0,0,0.9990791668951153,-0.04290475819955447,0.0
2013-04-05,0.0,28.95,38.5,21.41,55.67,2.11,80,0.0,0.0,0,0.998195433059714,-0.06004895851494825,0.0
2013-04-06,0.0,28.66,37.16,21.93,59.16,1.94,80,0.0,0.0,0,0.9970175264485267,-0.07717546212664618,0.0
2013-04-07,0.0,28.7,37.73,21.53,53.76,2.16,80,0.0,0.0,0,0.9955457941960382,-0.0942792217754244,0.0
2013-04-08,0.0,28.76,38.35,20.69,50.42,2.67,80,0.0,0.0,0,0.9937806700284985,-0.11135519690480862,0.0
2013-04-09,0.0,28.88,38.38,21.1,60.72,2.72,80,0.0,0.0,0,0.9917226741361015,-0.12839835514655107,0.0
2013-04-10,0.0,29.65,38.24,23.33,55.79,2.93,80,0.0,0.0,0,0.9893724130196829,-0.14540367380368988,0.0
2013-04-11,0.0,29.09,37.41,22.26,50.78,2.93,80,0.0,0.0,0,0.9867305793119814,-0.16236614133076366,0.0
2013-04-12,0.0,29.25,38.03,21.98,53.05,2.48,80,0.0,0.0,0,0.9837979515735163,-0.17928075881073566,0.0
2013-04-13,0.0,31.01,41.08,23.21,52.9,2.3,80,0.0,0.0,0,0.980575394063143,-0.19614254142819687,0.0
2013-04-14,0.0,30.44,38.87,24.23,55.55,2.02,80,0.0,0.0,0,0.9770638564833507,-0.21294651993841593,0.0
2013-04-15,0.0,28.91,37.88,22.23,57.47,2.48,80,0.0,0.0,0,0.9732643737003824,-0.22968774213179563,0.0
2013-04-16,0.0,27.6,35.04,21.84,59.88,2.24,80,0.0,0.0,0,0.9691780654392537,-0.2463612742933147,0.0
2013-04-17,0.0,28.13,35.63,22.89,61.9,2.51,80,0.0,0.0,0,0.9648061359537646,-0.26296220265651454,0.0
2013-04-18,0.0,28.12,35.02,23.46,62.84,2.39,80,0.0,0.0,0,0.9601498736716018,-0.2794856348516094,0.0
2013-04-19,0.0,28.31,35.12,23.48,63.24,2.37,80,0.0,0.0,0,0.9552106508146317,-0.2959267013472892,0.0
2013-04-20,0.01,28.76,35.51,24.19,61.66,2.43,80,0.0,0.010000000000028422,0,0.949989922994501,-0.31228055688579476,0.0
2013-04-21,0.01,29.57,36.65,24.89,57.55,2.21,80,0.0,0.020000000000028422,0,0.9444892287836613,-0.32854238191083474,0.0
2013-04-22,0.0,29.96,38.2,23.75,57.2,2.64,80,0.0,0.020000000000028422,0,0.9387101892619443,-0.3447073839879337,0.0
2013-04-23,0.0,30.31,38.77,24.08,57.46,2.42,80,0.0,0.020000000000028422,0,0.9326545075388225,-0.3607707992167831,0.0
2013-04-24,0.0,31.25,39.32,24.54,58.59,2.5,80,0.0,0.020000000000028422,0,0.926323968251495,-0.376727893635185,0.0
2013-04-25,0.0,32.48,40.21,26.46,53.66,2.05,80,0.0,0.010000000000028422,0,0.9197204370389467,-0.39257396461417177,0.0
2013-04-26,0.0,33.04,41.3,25.6,48.23,2.47,80,0.0,0.0,0,0.9128458599921355,-0.40830434224389345,0.0
2013-04-27,0.0,32.84,41.53,25.85,45.46,2.32,80,0.0,0.0,0,0.9057022630804715,-0.42391439070986064,0.0
2013-04-28,0.0,32.19,41.21,24.93,52.48,2.36,80,0.0,0.0,0,0.898291751554753,-0.43939950965914143,0.0
2013-04-29,0.0,32.39,41.47,25.42,53.31,2.34,80,0.0,0.0,0,0.8906165093267405,-0.4547551355561055,0.0
2013-04-30,0.0,32.56,41.42,26.07,56.68,2.74,80,0.0,0.0,0,0.8826787983255476,-0.4699767430273197,0.0
2013-05-01,0.0,32.83,41.48,26.76,54.79,2.1,80,0.0,0.0,0,0.8744809578310397,-0.4850598461951961,0.0
2013-05-02,0.0,31.54,38.95,25.95,58.47,2.67,80,0.0,0.0,0,0.8660254037844387,-0.4999999999999998,0.0
2013-05-03,0.0,30.66,38.22,24.25,56.55,2.26,80,0.0,0.0,0,0.8573146280763323,-0.5147928015098308,0.0
2013-05-04,0.0,30.47,37.51,25.09,63.16,2.82,80,0.0,0.0,0,0.848351197812304,-0.5294338912181852,0.0
2013-05-05,0.0,30.89,38.5,25.21,59.02,2.79,80,0.0,0.0,0,0.8391377545563939,-0.5439189543287246,0.0
2013-05-06,0.0,30.75,38.17,26.12,58.07,2.42,80,0.0,0.0,0,0.8296770135526188,-0.5582437220268649,0.0
2013-05-07,0.0,30.53,37.99,25.4,61.65,2.59,80,0.0,0.0,0,0.8199717629247771,-0.5724039727378148,0.0
2013-05-08,0.0,30.99,38.55,25.83,57.61,2.42,80,0.0,0.0,0,0.8100248628547753,-0.5863955333706956,0.0
2013-05-09,0.0,31.0,38.78,25.45,55.82,2.39,80,0.0,0.0,0,0.7998392447397195,-0.6002142805483681,0.0
2013-05-10,0.0,31.23,38.89,25.66,54.64,2.4,80,0.0,0.0,0,0.7894179103280199,-0.6138561418226116,0.0
2013-05-11,0.0,31.56,38.65,26.25,57.86,2.58,80,0.0,0.0,0,0.7787639308347607,-0.6273170968742938,0.0
2013-05-12,0.0,30.45,36.9,25.46,62.58,2.53,80,0.0,0.0,0,0.7678804460366001,-0.6405931786981751,0.0
2013-05-13,0.0,30.45,37.1,25.0,62.27,2.73,80,0.0,0.0,0,0.7567706633464627,-0.6536804747720057,0.0
2013-05-14,0.0,30.55,37.01,25.41,58.77,2.81,80,0.0,0.0,0,0.7454378568683001,-0.6665751282095632,0.0
2013-05-15,0.0,30.13,36.1,25.76,62.23,2.74,80,0.0,0.0,0,0.7338853664321991,-0.6792733388972931,0.0
2013-05-16,0.0,30.88,37.19,26.29,60.79,3.03,80,0.0,0.0,0,0.722116596610116,-0.6917713646142222,0.0
2013-05-17,0.0,31.16,37.83,26.26,58.15,2.9,80,0.0,0.0,0,0.7101350157125357,-0.7040655221348058,0.0
2013-05-18,0.0,31.01,38.34,25.98,59.32,2.72,80,0.0,0.0,0,0.6979441547663435,-0.7161521883143933,0.0
2013-05-19,0.0,31.55,38.74,26.75,57.83,2.68,80,0.0,0.0,0,0.6855476064742155,-0.7280278011569847,0.0
2013-05-20,0.0,32.08,39.77,27.59,60.08,2.84,80,0.0,0.0,0,0.672949024155833,-0.7396888608649667,0.0
2013-05-21,0.0,31.54,37.47,27.45,60.85,3.16,80,0.0,0.0,0,0.660152120671232,-0.7511319308705197,0.0
2013-05-22,0.0,31.88,38.69,27.36,59.23,3.09,80,0.0,0.0,0,0.647160667326606,-0.7623536388483902,0.0
2013-05-23,0.0,31.55,38.47,26.96,60.6,3.2,80,0.0,0.0,0,0.6339784927628868,-0.7733506777097298,0.0
2013-05-24,0.0,31.65,37.67,27.79,60.78,3.5,80,0.0,0.0,0,0.620609481827423,-0.7841198065767103,0.0
2013-05-25,0.0,31.54,37.3,27.86,62.89,3.58,80,0.0,0.0,0,0.6070575744291006,-0.7946578517376249,0.0
2013-05-26,0.16,32.09,38.0,28.19,60.61,3.57,80,0.0,0.16000000000002843,0,0.593326764377232,-0.8049617075821959,0.0
2013-05-27,0.07,31.93,37.58,28.02,63.1,3.45,80,0.0,0.23000000000002843,0,0.5794210982045638,-0.8150283375168113,0.0
2013-05-28,0.1,30.92,35.12,28.34,68.31,3.33,80,0.0,0.33000000000002844,0,0.5653446739747428,-0.8248547748594245,0.0
2013-05-29,0.07,30.36,33.28,28.45,69.67,3.88,80,0.0,0.40000000000002844,0,0.5511016400746,-0.8344381237138473,0.0
2013-05-30,0.0,31.26,36.1,28.08,64.93,4.05,80,0.0,0.40000000000002844,0,0.5366961939916005,-0.8437755598231856,0.0
2013-05-31,0.0,32.02,37.77,28.24,60.1,3.84,80,0.0,0.24000000000002844,0,0.522132581076825,-0.8528643314021596,0.0
2013-06-01,0.26,31.24,36.15,27.97,60.09,2.94,80,0.0,0.43000000000002847,0,0.5074150932938458,-0.861701759948068,0.0
2013-06-02,13.26,29.91,32.93,27.48,68.48,3.02,80,0.004895410552606908,13.590000000000028,0,0.4925480679538644,-0.8702852410301553,0.0
2013-06-03,9.9,27.88,30.84,26.02,79.96,2.17,80,0.0,23.42000000000003,0,0.47753588643748834,-0.8786122450571482,0.0
2013-06-04,19.02,29.33,34.44,25.64,72.24,2.63,80,0.5720767688341446,42.440000000000026,0,0.4623829729035151,-0.8866803180227399,0.0
2013-06-05,5.68,29.8,34.07,26.56,73.15,2.18,86,0.0,48.120000000000026,0,0.44709379298511426,-0.8944870822287954,0.0
2013-06-06,33.5,28.85,30.89,27.4,84.09,2.22,86,9.561032275778269,81.36000000000003,0,0.43167285247378384,-0.9020302369860707,1.0
2013-06-07,36.64,28.3,30.73,26.52,85.68,3.12,92,19.118114958147935,104.74000000000002,1,0.4161246959914746,-0.9093075592922357,1.0
2013-06-08,27.83,26.98,29.38,25.56,89.45,3.51,92,12.047373273057309,122.67000000000003,1,0.4004539056512664,-0.9163169044870048,1.0
2013-06-09,94.73,26.89,28.35,25.69,91.04,4.44,92,72.56582597662907,198.38000000000005,1,0.3846650997070012,-0.923056206884176,1.0
2013-06-10,84.7,27.4,28.98,26.33,90.46,4.26,92,62.96106899831035,277.40000000000003,1,0.3687629311922603,-0.9295234803804002,0.0
2013-06-11,17.27,27.64,29.69,26.13,87.18,3.87,92,4.727865079481016,261.17,0,0.352752086549095,-0.9357168190404935,0.0
2013-06-12,12.17,27.7,30.56,25.72,83.85,4.32,92,2.0142029935768666,236.70000000000005,0,0.3366372842469106,-0.9416343976591258,0.0
2013-06-13,11.52,27.74,30.35,25.81,84.7,4.18,92,1.728256310357691,220.39000000000004,0,0.3204232733919116,-0.9472744722987168,1.0
2013-06-14,57.65,27.13,29.06,26.03,90.11,4.16,92,37.62250379918708,183.31000000000003,1,0.30411483232751846,-0.9526353808033824,1.0
2013-06-15,59.51,26.92,28.29,25.95,90.54,4.45,92,39.32641398462183,158.12000000000003,1,0.2877167672261668,-0.9577155432887804,1.0
2013-06-16,165.46,26.91,27.93,25.74,93.96,6.2,92,141.61952377659006,306.31000000000006,1,0.27123391067291,-0.9625134626077081,1.0
2013-06-17,29.72,26.97,28.89,25.8,90.55,4.39,92,13.509767474514424,323.86,1,0.2546711202412288,-0.9670277247913204,1.0
2013-06-18,38.14,26.53,27.88,25.43,92.76,4.09,92,20.37669228940165,350.48,1,0.2380332770614858,-0.9712569994658313,1.0
2013-06-19,35.97,26.52,28.13,25.35,92.02,2.81,92,18.560312923232967,328.80000000000007,1,0.22132528438243243,-0.9752000402445825,0.0
2013-06-20,4.98,26.92,29.1,25.25,90.14,2.69,92,0.013975038433867928,274.27000000000004,0,0.2045520661262008,-0.9788556850953578,0.0
2013-06-21,4.06,27.05,29.23,25.38,89.17,3.13,92,0.0,112.87000000000003,0,0.18771856543719884,-0.9822228566828406,0.0
2013-06-22,3.62,26.97,28.95,25.36,89.14,2.98,92,0.0,86.77000000000002,0,0.17082974322534442,-0.985300562686109,0.0
2013-06-23,11.22,27.0,29.26,25.38,89.43,3.34,92,1.601806213348794,59.85000000000003,0,0.15389057670406214,-0.9880878960910771,1.0
2013-06-24,37.81,27.18,29.15,25.69,89.05,3.51,92,20.098685184926484,61.69000000000003,1,0.13690605792347574,-0.9905840354577969,1.0
2013-06-25,53.82,26.57,28.12,25.66,92.3,3.87,92,34.13949628192728,110.53000000000003,1,0.11988119229922782,-0.9927882451625399,1.0
2013-06-26,25.85,26.61,27.97,25.67,92.22,3.97,92,10.555177038335325,132.32000000000005,1,0.10282099713736025,-0.9946998756145891,0.0
2013-06-27,10.68,26.63,28.46,25.45,90.27,4.47,92,1.3834521755133724,139.38000000000002,0,0.0857305001556943,-0.9963183634476755,0.0
2013-06-28,12.77,26.71,28.95,25.28,88.82,5.03,92,2.2919536308890596,140.93000000000004,0,0.0686147380021341,-0.9976432316860063,0.0
2013-06-29,7.4,26.52,28.14,25.35,90.84,4.95,92,0.35485077440468143,110.52000000000002,0,0.05147875477034673,-0.9986740898848305,0.0
2013-06-30,6.39,26.57,28.2,25.55,90.62,4.95,92,0.16173131272338429,63.09000000000003,0,0.03432760051324382,-0.9994106342455052,0.0
2013-07-01,11.61,26.55,28.29,25.33,89.59,4.8,92,1.7668848381000837,48.85000000000002,0,0.01716632975470737,-0.9998526477050269,0.0
2013-07-02,10.71,26.47,27.94,25.21,91.33,3.73,86,0.13598678778583512,48.880000000000024,0,1.2246467991473532e-16,-1.0,0.0
2013-07-03,20.37,26.43,27.85,25.69,91.61,4.36,86,2.7393484788064226,56.48000000000003,0,-0.017166329754707124,-0.9998526477050269,0.0
2013-07-04,11.56,26.35,27.81,24.81,89.81,4.0,92,1.7453854889655196,60.64000000000003,0,-0.03432760051324313,-0.9994106342455054,0.0
2013-07-05,2.77,26.71,28.88,24.83,89.14,3.96,92,0.0,57.020000000000024,0,-0.051478754770346045,-0.9986740898848305,0.0
2013-07-06,7.79,26.54,28.52,25.32,90.51,3.92,92,0.44676683662369876,53.20000000000003,0,-0.06861473800213432,-0.9976432316860063,0.0
2013-07-07,8.55,26.5,28.53,25.17,90.46,3.66,92,0.6513629989581948,51.040000000000035,0,-0.0857305001556945,-0.9963183634476755,0.0
2013-07-08,14.51,26.34,28.35,24.94,90.97,3.85,86,0.8182656767606321,45.18000000000003,0,-0.10282099713736044,-0.9946998756145891,0.0
2013-07-09,15.08,26.37,28.56,25.0,90.32,4.19,86,0.9630432589314406,48.70000000000003,0,-0.11988119229922714,-0.99278824516254,0.0
2013-07-10,27.74,25.75,26.8,25.11,92.88,4.56,86,6.233077179864633,73.67000000000003,0,-0.13690605792347504,-0.990584035457797,1.0
2013-07-11,48.15,25.74,26.84,24.94,92.78,4.25,92,29.057333590858896,114.03000000000003,1,-0.15389057670406148,-0.9880878960910772,1.0
2013-07-12,77.54,25.69,27.35,24.42,92.9,3.73,92,56.15944039077264,183.02000000000004,1,-0.17082974322534417,-0.985300562686109,0.0
2013-07-13,23.98,25.64,27.48,24.05,91.65,3.65,92,9.18846708199025,192.49000000000004,0,-0.1877185654371986,-0.9822228566828407,0.0
2013-07-14,5.9,25.98,27.95,24.55,90.92,3.36,92,0.0932613106838945,183.31000000000003,0,-0.20455206612620058,-0.9788556850953579,0.0
2013-07-15,4.75,26.07,27.91,24.75,90.92,3.39,92,0.004934464310557821,160.32000000000005,0,-0.22132528438243218,-0.9752000402445826,0.0
2013-07-16,22.36,25.93,27.53,24.88,91.76,4.0,92,8.042485724162294,134.53000000000003,0,-0.23803327706148514,-0.9712569994658315,1.0
2013-07-17,48.86,25.55,26.42,24.76,93.68,4.12,92,29.68823651892048,105.85000000000002,1,-0.254671120241229,-0.9670277247913203,0.0
2013-07-18,22.06,26.17,28.24,24.82,90.97,4.96,92,7.834509134060429,103.93,0,-0.2712339106729102,-0.9625134626077081,1.0
2013-07-19,44.89,25.84,27.06,24.99,93.16,4.44,92,26.18355880414613,142.92000000000002,1,-0.287716767226167,-0.9577155432887803,1.0
2013-07-20,70.75,25.65,26.82,24.95,93.55,4.79,92,49.76291124653786,208.92000000000002,1,-0.3041148323275178,-0.9526353808033826,1.0
2013-07-21,35.31,25.7,27.15,24.86,92.87,4.56,92,18.01361087254458,221.87,1,-0.32042327339191096,-0.947274472298717,1.0
2013-07-22,36.83,25.47,26.35,24.83,93.21,4.52,92,19.276799700453726,209.84000000000003,1,-0.3366372842469099,-0.941634397659126,1.0
2013-07-23,150.5,25.49,26.69,24.74,93.58,5.0,92,126.89649602019746,338.28000000000003,1,-0.35275208654909473,-0.9357168190404936,1.0
2013-07-24,49.61,25.34,26.41,24.59,93.4,5.77,92,30.356496420853762,343.00000000000006,1,-0.36876293119226006,-0.9295234803804003,0.0
2013-07-25,16.77,25.63,26.86,24.8,92.17,5.69,92,4.430571077908042,289.02000000000004,0,-0.38466509970700097,-0.9230562068841761,0.0
2013-07-26,12.76,25.51,26.88,24.59,92.12,5.18,92,2.28722031851423,266.47,0,-0.40045390565126615,-0.9163169044870049,0.0
2013-07-27,14.28,25.87,27.33,24.58,92.01,4.76,92,3.044518747648113,243.92000000000002,0,-0.4161246959914748,-0.9093075592922356,0.0
2013-07-28,11.65,26.05,27.8,24.94,91.02,5.43,92,1.7841543064013339,105.07000000000002,0,-0.431672852473784,-0.9020302369860707,0.0
2013-07-29,7.45,25.96,27.89,24.76,90.2,5.01,92,0.36611762271179454,62.910000000000025,0,-0.44709379298511404,-0.8944870822287955,0.0
2013-07-30,20.56,25.51,27.4,24.44,90.46,5.41,92,6.8162903244947435,66.70000000000003,0,-0.4623829729035149,-0.88668031802274,1.0
2013-07-31,26.78,25.22,26.92,24.14,91.97,4.81,92,11.25064475274541,80.72000000000003,1,-0.4775358864374881,-0.8786122450571483,1.0
2013-08-01,67.46,25.05,25.7,24.39,94.07,4.72,92,46.68613660840342,133.90000000000003,1,-0.4925480679538642,-0.8702852410301554,1.0
2013-08-02,27.45,24.94,25.88,24.28,93.54,4.46,92,11.757672326207409,149.70000000000002,1,-0.5074150932938452,-0.8617017599480683,0.0
2013-08-03,8.21,25.52,27.6,23.93,91.47,3.89,92,0.5558007098461761,150.46,0,-0.5221325810768248,-0.8528643314021597,0.0
2013-08-04,5.02,25.41,27.76,23.73,91.12,3.15,92,0.016004592269457586,134.92000000000004,0,-0.5366961939916004,-0.8437755598231858,0.0
2013-08-05,1.36,25.74,28.13,23.67,89.83,2.77,92,0.0,109.50000000000003,0,-0.5511016400745999,-0.8344381237138474,0.0
2013-08-06,5.25,25.52,27.37,24.03,90.86,2.7,92,0.030246526646569582,47.29000000000003,0,-0.5653446739747425,-0.8248547748594246,0.0
2013-08-07,7.19,25.89,28.03,24.13,90.02,3.29,86,0.0,27.03000000000003,0,-0.5794210982045637,-0.8150283375168114,0.0
2013-08-08,7.45,25.83,27.78,24.26,89.44,3.43,80,0.0,26.270000000000028,0,-0.5933267643772321,-0.8049617075821958,0.0
2013-08-09,8.66,25.7,27.64,24.52,90.01,3.55,80,0.0,29.91000000000003,0,-0.6070575744291004,-0.794657851737625,0.0
2013-08-10,6.05,25.55,27.37,24.43,90.68,3.95,80,0.0,34.60000000000003,0,-0.6206094818274228,-0.7841198065767104,0.0
2013-08-11,4.75,25.57,27.75,24.18,89.74,4.16,80,0.0,34.10000000000003,0,-0.6339784927628865,-0.77335067770973,0.0
2013-08-12,4.29,25.63,27.97,24.03,89.8,4.2,80,0.0,31.200000000000028,0,-0.6471606673266059,-0.7623536388483905,0.0
2013-08-13,10.29,25.6,27.74,24.4,90.79,3.87,80,0.0,34.04000000000003,0,-0.6601521206712315,-0.7511319308705201,0.0
2013-08-14,10.21,25.67,28.0,24.32,89.87,4.14,80,0.0,35.59000000000003,0,-0.6729490241558326,-0.7396888608649671,0.0
2013-08-15,2.13,25.98,28.85,24.22,89.44,3.47,86,0.0,31.670000000000027,0,-0.6855476064742154,-0.7280278011569848,0.0
2013-08-16,3.91,25.87,28.35,24.15,90.47,3.06,80,0.0,30.830000000000027,0,-0.6979441547663433,-0.7161521883143935,0.0
2013-08-17,7.52,25.95,28.28,24.36,91.14,3.06,80,0.0,34.06000000000003,0,-0.7101350157125356,-0.7040655221348059,0.0
2013-08-18,3.55,25.74,28.02,24.34,91.66,3.14,80,0.0,27.32000000000003,0,-0.7221165966101161,-0.691771364614222,0.0
2013-08-19,1.76,25.95,28.85,23.97,89.15,3.35,80,0.0,18.87000000000003,0,-0.7338853664321993,-0.6792733388972929,0.0
2013-08-20,0.44,25.78,27.99,24.2,89.49,3.63,80,0.0,17.180000000000028,0,-0.7454378568683002,-0.6665751282095631,0.0
2013-08-21,0.76,25.95,28.41,24.35,87.9,3.94,80,0.0,14.03000000000003,0,-0.7567706633464625,-0.653680474772006,0.0
2013-08-22,2.07,25.81,28.06,24.11,88.87,3.35,80,0.0,8.580000000000028,0,-0.7678804460366,-0.6405931786981752,0.0
2013-08-23,5.68,25.82,27.99,24.46,88.65,3.62,80,0.0,10.71000000000003,0,-0.7787639308347605,-0.627317096874294,0.0
2013-08-24,6.75,26.08,28.95,24.14,88.19,3.46,80,0.0,15.700000000000028,0,-0.7894179103280194,-0.6138561418226122,0.0
2013-08-25,9.9,25.78,28.13,24.08,89.38,3.02,80,0.0,25.160000000000032,0,-0.7998392447397191,-0.6002142805483686,0.0
2013-08-26,2.24,25.78,28.27,23.81,90.21,2.56,80,0.0,26.64000000000003,0,-0.8100248628547748,-0.5863955333706962,0.0
2013-08-27,1.14,26.06,28.76,23.96,88.49,2.36,80,0.0,25.71000000000003,0,-0.8199717629247767,-0.5724039727378154,0.0
2013-08-28,1.93,26.11,29.12,24.17,88.45,2.37,80,0.0,21.96000000000003,0,-0.8296770135526184,-0.5582437220268655,0.0
2013-08-29,4.35,26.06,28.98,23.85,88.37,2.18,80,0.0,19.56000000000003,0,-0.8391377545563938,-0.5439189543287248,0.0
2013-08-30,6.12,25.98,28.74,23.96,88.48,2.53,80,0.0,15.78000000000003,0,-0.8483511978123038,-0.5294338912181854,0.0
2013-08-31,4.82,26.09,29.26,23.77,86.57,1.98,80,0.0,18.36000000000003,0,-0.8573146280763322,-0.514792801509831,0.0
2013-09-01,0.23,26.12,29.67,23.82,84.45,1.49,80,0.0,17.45000000000003,0,-0.8660254037844384,-0.5000000000000004,0.0
2013-09-02,0.0,26.16,29.91,23.34,85.15,1.61,80,0.0,15.52000000000003,0,-0.8744809578310394,-0.4850598461951967,0.0
2013-09-03,0.71,25.96,29.03,23.73,86.12,1.95,80,0.0,11.880000000000031,0,-0.8826787983255475,-0.4699767430273199,0.0
2013-09-04,0.56,25.88,29.08,23.65,85.96,2.13,80,0.0,6.3200000000000305,0,-0.8906165093267404,-0.45475513555610575,0.0
2013-09-05,7.54,25.71,28.82,23.32,87.13,2.22,80,0.0,9.040000000000031,0,-0.8982917515547529,-0.4393995096591416,0.0
2013-09-06,2.92,25.79,29.16,23.2,86.53,1.78,80,0.0,11.730000000000029,0,-0.9057022630804714,-0.42391439070986087,0.0
2013-09-07,0.56,25.78,28.92,23.61,86.14,1.75,80,0.0,12.29000000000003,0,-0.9128458599921354,-0.40830434224389367,0.0
2013-09-08,3.85,26.06,29.51,23.78,84.19,1.67,80,0.0,15.430000000000032,0,-0.9197204370389468,-0.3925739646141714,0.0
2013-09-09,14.01,25.87,29.02,23.55,87.37,2.1,80,0.026478938435426577,28.88000000000003,0,-0.9263239682514951,-0.3767278936351848,1.0
2013-09-10,55.71,26.3,29.16,24.25,91.96,2.38,80,17.367947610553,77.05000000000004,1,-0.9326545075388225,-0.3607707992167831,0.0
2013-09-11,15.51,26.97,30.98,24.33,89.35,2.05,92,3.708486439429376,89.64000000000003,0,-0.9387101892619443,-0.3447073839879337,0.0
2013-09-12,7.64,27.66,31.86,24.28,85.58,1.59,92,0.4103273492093369,96.72000000000003,0,-0.9444892287836613,-0.32854238191083474,0.0
2013-09-13,13.91,27.76,32.12,24.91,86.84,1.58,92,2.8534154675171615,106.78000000000003,0,-0.9499899229945009,-0.3122805568857948,0.0
2013-09-14,9.05,27.48,30.44,25.61,88.5,1.0,92,0.8031965772056618,101.82000000000002,0,-0.9552106508146316,-0.29592670134728966,1.0
2013-09-15,30.18,26.53,29.01,24.8,90.97,1.64,92,13.870805383286152,76.29000000000003,1,-0.9601498736716017,-0.2794856348516098,0.0
2013-09-16,5.91,26.34,28.56,24.54,89.85,1.66,92,0.09448353681658618,66.69000000000004,0,-0.9648061359537644,-0.2629622026565152,0.0
2013-09-17,7.14,26.51,29.26,24.21,90.33,2.06,92,0.2987798473971105,66.19000000000004,0,-0.9691780654392534,-0.24636127429331536,1.0
2013-09-18,52.9,26.21,27.67,25.1,93.54,2.67,92,33.30845724633217,105.18000000000004,1,-0.9732643737003823,-0.2296877421317963,0.0
2013-09-19,12.7,26.66,28.68,25.35,93.05,2.38,92,2.258893280632411,108.83000000000003,0,-0.9770638564833508,-0.21294651993841573,0.0
2013-09-20,1.24,26.5,29.11,24.84,90.29,2.52,92,0.0,79.89000000000003,0,-0.9805753940631429,-0.19614254142819712,0.0
2013-09-21,0.02,26.18,28.96,24.42,87.89,2.93,92,0.0,74.00000000000003,0,-0.9837979515735163,-0.1792807588107359,0.0
2013-09-22,4.54,25.91,28.6,24.45,87.85,3.34,92,0.0006768656703714308,71.40000000000003,0,-0.9867305793119814,-0.16236614133076413,0.0
2013-09-23,22.14,25.61,27.38,24.33,89.34,3.36,92,7.889833944782488,40.640000000000036,0,-0.9893724130196829,-0.14540367380369032,0.0
2013-09-24,18.33,25.32,27.36,23.97,90.59,3.18,86,1.9686852841664826,46.27000000000004,0,-0.9917226741361014,-0.12839835514655154,0.0
2013-09-25,10.74,25.4,27.87,23.89,89.96,2.74,86,0.13925555525659553,55.77000000000003,0,-0.9937806700284985,-0.11135519690480865,0.0
2013-09-26,6.96,26.1,29.02,24.16,90.68,3.13,92,0.2624836826043977,62.710000000000036,0,-0.9955457941960382,-0.09427922177542443,0.0
2013-09-27,6.13,25.92,29.07,23.96,90.53,2.61,92,0.12323874481035309,64.30000000000004,0,-0.9970175264485267,-0.07717546212664643,0.0
2013-09-28,1.3,25.74,28.82,23.44,89.99,2.32,92,0.0,43.460000000000036,0,-0.998195433059714,-0.06004895851494849,0.0
2013-09-29,2.32,25.98,28.81,24.04,89.48,2.7,86,0.0,27.450000000000035,0,-0.9990791668951153,-0.04290475819955383,0.0
2013-09-30,0.12,26.09,28.98,23.94,88.42,2.42,80,0.0,16.830000000000037,0,-0.9996684675143132,-0.025747913654988113,0.0
2013-10-01,0.73,25.97,29.02,23.77,86.04,2.0,80,0.0,10.600000000000037,0,-0.9999631612477099,-0.008583481082086734,0.0
2013-10-02,0.6,26.07,29.16,24.0,86.83,1.96,80,0.0,5.070000000000036,0,-0.9999631612477099,0.008583481082087254,0.0
2013-10-03,2.45,26.41,30.04,23.66,89.88,1.82,80,0.0,6.220000000000036,0,-0.999668467514313,0.025747913654988634,0.0
2013-10-04,3.82,26.18,28.69,24.33,91.78,2.6,80,0.0,7.720000000000036,0,-0.9990791668951153,0.04290475819955435,0.0
2013-10-05,3.09,26.17,30.23,23.3,87.64,1.63,80,0.0,10.690000000000035,0,-0.998195433059714,0.06004895851494813,0.0
2013-10-06,7.87,26.04,29.22,23.86,87.18,1.48,80,0.0,17.830000000000034,0,-0.9970175264485267,0.07717546212664607,0.0
2013-10-07,9.57,26.02,29.89,22.89,84.22,1.15,80,0.0,26.80000000000004,0,-0.9955457941960382,0.09427922177542405,0.0
2013-10-08,1.22,26.28,29.93,24.04,85.94,1.43,80,0.0,25.570000000000036,0,-0.9937806700284985,0.11135519690480827,0.0
2013-10-09,0.85,25.72,28.66,23.72,88.46,2.11,80,0.0,22.600000000000033,0,-0.9917226741361016,0.1283983551465503,0.0
2013-10-10,8.04,25.52,28.49,23.37,88.56,2.02,80,0.0,27.550000000000033,0,-0.9893724130196829,0.14540367380368996,0.0
2013-10-11,5.16,25.69,28.94,23.3,87.02,1.56,80,0.0,24.84000000000004,0,-0.9867305793119814,0.16236614133076377,0.0
2013-10-12,3.82,26.04,29.72,23.55,85.36,1.17,80,0.0,19.090000000000035,0,-0.9837979515735163,0.17928075881073555,0.0
2013-10-13,4.52,26.18,29.77,23.63,87.09,1.4,80,0.0,22.390000000000036,0,-0.980575394063143,0.19614254142819676,0.0
2013-10-14,4.3,26.56,29.92,24.26,86.5,1.27,80,0.0,25.840000000000035,0,-0.9770638564833509,0.21294651993841537,0.0
2013-10-15,17.02,26.55,30.41,23.84,86.44,1.29,80,0.27517546446475943,34.820000000000036,0,-0.9732643737003827,0.22968774213179508,0.0
2013-10-16,11.81,26.77,31.17,23.1,84.41,1.59,80,0.0,41.470000000000034,0,-0.9691780654392538,0.24636127429331414,0.0
2013-10-17,1.44,27.15,32.58,22.58,79.39,1.86,86,0.0,39.09000000000004,0,-0.9648061359537647,0.262962202656514,0.0
2013-10-18,0.12,26.89,32.9,22.8,75.53,1.93,86,0.0,34.69000000000003,0,-0.9601498736716018,0.2794856348516095,0.0
2013-10-19,0.0,26.9,33.44,21.51,72.51,2.1,80,0.0,30.390000000000036,0,-0.9552106508146317,0.2959267013472893,0.0
2013-10-20,0.0,26.76,33.36,21.36,70.13,1.99,80,0.0,13.370000000000037,0,-0.9499899229945011,0.3122805568857945,0.0
2013-10-21,0.0,25.99,32.47,20.72,68.71,2.0,80,0.0,1.5600000000000356,0,-0.9444892287836614,0.3285423819108344,0.0
2013-10-22,0.0,26.05,32.4,20.93,73.29,2.32,80,0.0,0.12000000000003552,0,-0.938710189261944,0.3447073839879342,0.0
2013-10-23,0.0,25.77,31.73,20.89,76.68,2.39,80,0.0,0.0,0,-0.9326545075388223,0.3607707992167836,0.0
2013-10-24,0.0,25.97,32.26,20.01,78.27,2.65,80,0.0,0.0,0,-0.9263239682514949,0.3767278936351853,0.0
2013-10-25,0.11,26.97,32.15,22.89,81.86,1.78,80,0.0,0.11000000000003553,0,-0.9197204370389466,0.3925739646141719,0.0
2013-10-26,1.8,26.98,31.69,22.91,82.64,1.31,80,0.0,1.9100000000000357,0,-0.9128458599921356,0.40830434224389334,0.0
2013-10-27,0.22,27.02,31.1,23.99,81.71,1.28,80,0.0,2.130000000000036,0,-0.9057022630804715,0.42391439070986053,0.0
2013-10-28,0.0,26.22,30.95,22.54,81.39,1.29,80,0.0,2.130000000000036,0,-0.898291751554753,0.4393995096591413,0.0
2013-10-29,0.0,25.91,31.48,21.69,78.31,1.14,80,0.0,2.130000000000036,0,-0.8906165093267405,0.4547551355561054,0.0
2013-10-30,0.0,25.5,31.97,20.88,73.25,1.61,80,0.0,2.020000000000036,0,-0.8826787983255476,0.46997674302731957,0.0
2013-10-31,0.0,24.58,31.14,19.46,75.0,1.86,80,0.0,0.22000000000003553,0,-0.8744809578310401,0.4850598461951956,0.0
2013-11-01,0.0,24.44,31.27,18.7,70.2,1.79,80,0.0,0.0,0,-0.8660254037844386,0.5000000000000001,0.0
2013-11-02,0.0,24.52,31.84,18.48,72.5,2.37,80,0.0,0.0,0,-0.8573146280763323,0.5147928015098308,0.0
2013-11-03,0.0,25.88,32.17,20.51,75.31,2.39,80,0.0,0.0,0,-0.848351197812304,0.5294338912181851,0.0
2013-11-04,0.0,26.43,31.87,22.35,75.69,2.41,80,0.0,0.0,0,-0.8391377545563939,0.5439189543287245,0.0
2013-11-05,0.0,25.11,32.12,20.48,71.01,2.58,80,0.0,0.0,0,-0.8296770135526191,0.5582437220268645,0.0
2013-11-06,0.0,25.04,30.76,19.96,70.7,1.88,80,0.0,0.0,0,-0.8199717629247775,0.5724039727378144,0.0
2013-11-07,0.0,24.99,31.06,19.41,72.97,1.64,80,0.0,0.0,0,-0.8100248628547756,0.5863955333706952,0.0
2013-11-08,0.0,25.84,31.06,21.87,75.3,1.31,80,0.0,0.0,0,-0.7998392447397199,0.6002142805483676,0.0
2013-11-09,0.0,25.48,30.95,20.44,74.84,1.51,80,0.0,0.0,0,-0.7894179103280197,0.613856141822612,0.0
2013-11-10,0.0,24.89,30.77,20.45,71.1,2.28,80,0.0,0.0,0,-0.7787639308347607,0.6273170968742937,0.0
2013-11-11,0.0,23.54,30.46,17.95,70.9,2.23,80,0.0,0.0,0,-0.7678804460366002,0.640593178698175,0.0
2013-11-12,0.0,23.57,30.69,18.21,70.75,1.8,80,0.0,0.0,0,-0.7567706633464628,0.6536804747720056,0.0
2013-11-13,0.0,23.2,30.32,17.58,68.65,1.75,80,0.0,0.0,0,-0.7454378568682999,0.6665751282095634,0.0
2013-11-14,0.0,23.44,30.54,17.72,68.99,1.79,80,0.0,0.0,0,-0.7338853664321989,0.6792733388972934,0.0
2013-11-15,0.0,23.09,30.55,17.8,70.73,2.71,80,0.0,0.0,0,-0.7221165966101161,0.6917713646142221,0.0
2013-11-16,0.0,22.6,29.62,17.59,68.47,2.81,80,0.0,0.0,0,-0.7101350157125358,0.7040655221348057,0.0
2013-11-17,0.0,22.85,31.07,15.8,68.34,2.87,80,0.0,0.0,0,-0.6979441547663436,0.7161521883143933,0.0
2013-11-18,0.0,25.42,31.73,20.16,75.22,2.44,80,0.0,0.0,0,-0.6855476064742156,0.7280278011569846,0.0
2013-11-19,0.0,25.62,32.54,20.82,70.06,2.54,80,0.0,0.0,0,-0.6729490241558331,0.7396888608649665,0.0
2013-11-20,0.0,22.98,31.13,17.58,63.62,2.25,80,0.0,0.0,0,-0.6601521206712321,0.7511319308705195,0.0
2013-11-21,0.0,22.59,30.8,15.92,63.78,1.95,80,0.0,0.0,0,-0.6471606673266065,0.7623536388483899,0.0
2013-11-22,0.0,23.17,30.97,17.22,66.14,2.12,80,0.0,0.0,0,-0.6339784927628872,0.7733506777097294,0.0
2013-11-23,0.0,23.23,31.4,17.64,69.09,2.41,80,0.0,0.0,0,-0.6206094818274227,0.7841198065767104,0.0
2013-11-24,1.18,24.83,31.58,19.03,75.55,1.52,80,0.0,1.1800000000000355,0,-0.607057574429101,0.7946578517376245,0.0
2013-11-25,1.0,25.78,30.93,21.25,78.37,1.26,80,0.0,2.1800000000000352,0,-0.5933267643772321,0.8049617075821959,0.0
2013-11-26,2.02,26.04,31.65,22.07,79.51,1.7,80,0.0,4.200000000000036,0,-0.5794210982045647,0.8150283375168107,0.0
2013-11-27,0.0,25.93,29.74,22.53,72.98,1.93,80,0.0,4.200000000000036,0,-0.5653446739747432,0.8248547748594242,0.0
2013-11-28,0.0,23.53,31.24,18.56,61.53,2.78,80,0.0,4.200000000000036,0,-0.5511016400745998,0.8344381237138475,0.0
2013-11-29,0.0,23.6,31.55,16.12,66.13,2.17,80,0.0,3.020000000000036,0,-0.5366961939916011,0.8437755598231853,0.0
2013-11-30,0.0,26.1,31.58,21.87,75.7,2.03,80,0.0,2.020000000000036,0,-0.5221325810768248,0.8528643314021598,0.0
2013-12-01,0.42,26.2,32.13,21.62,75.16,1.94,80,0.0,0.4200000000000355,0,-0.5074150932938463,0.8617017599480677,0.0
2013-12-02,1.76,26.0,31.35,22.25,77.73,1.74,80,0.0,2.1800000000000357,0,-0.4925480679538645,0.8702852410301551,0.0
2013-12-03,0.02,25.74,31.81,21.43,73.63,1.49,80,0.0,2.2000000000000353,0,-0.47753588643748845,0.8786122450571482,0.0
2013-12-04,0.0,26.2,32.04,21.95,72.33,1.74,80,0.0,2.2000000000000353,0,-0.4623829729035152,0.8866803180227398,0.0
2013-12-05,0.0,25.84,31.96,21.83,68.73,2.18,80,0.0,2.2000000000000353,0,-0.44709379298511437,0.8944870822287954,0.0
2013-12-06,0.0,24.13,31.45,18.98,65.34,2.28,80,0.0,1.7800000000000356,0,-0.43167285247378356,0.9020302369860709,0.0
2013-12-07,0.0,22.88,30.59,16.9,57.75,2.24,80,0.0,0.020000000000035528,0,-0.4161246959914751,0.9093075592922355,0.0
2013-12-08,0.0,21.72,30.58,15.09,59.27,2.3,80,0.0,0.0,0,-0.4004539056512665,0.9163169044870048,0.0
2013-12-09,0.0,21.94,30.78,14.99,57.82,2.0,80,0.0,0.0,0,-0.3846650997070013,0.923056206884176,0.0
2013-12-10,0.0,22.33,31.26,15.71,57.06,1.96,80,0.0,0.0,0,-0.3687629311922604,0.9295234803804002,0.0
2013-12-11,0.0,22.35,31.04,15.91,55.37,1.97,80,0.0,0.0,0,-0.3527520865490943,0.9357168190404939,0.0
2013-12-12,0.0,21.77,30.6,15.34,52.59,2.59,80,0.0,0.0,0,-0.3366372842469107,0.9416343976591258,0.0
2013-12-13,0.0,21.43,30.23,14.29,50.87,2.56,80,0.0,0.0,0,-0.3204232733919109,0.947274472298717,0.0
2013-12-14,0.0,22.01,31.43,14.65,51.06,2.07,80,0.0,0.0,0,-0.30411483232751857,0.9526353808033823,0.0
2013-12-15,0.0,21.96,31.54,15.08,52.47,1.81,80,0.0,0.0,0,-0.28771676722616696,0.9577155432887803,0.0
2013-12-16,0.0,21.86,31.22,14.62,56.03,1.77,80,0.0,0.0,0,-0.27123391067291097,0.9625134626077079,0.0
2013-12-17,0.0,22.28,31.29,14.79,50.45,1.74,80,0.0,0.0,0,-0.25467112024122895,0.9670277247913203,0.0
2013-12-18,0.0,21.73,31.17,14.66,52.06,2.05,80,0.0,0.0,0,-0.23803327706148678,0.9712569994658311,0.0
2013-12-19,0.0,22.03,30.99,14.98,53.99,1.44,80,0.0,0.0,0,-0.22132528438243296,0.9752000402445824,0.0
2013-12-20,0.0,21.7,30.09,15.37,60.38,1.45,80,0.0,0.0,0,-0.2045520661262005,0.9788556850953579,0.0
2013-12-21,0.0,21.41,29.85,14.81,61.77,1.53,80,0.0,0.0,0,-0.1877185654371994,0.9822228566828405,0.0
2013-12-22,0.0,21.38,30.84,14.37,53.26,1.63,80,0.0,0.0,0,-0.17082974322534408,0.985300562686109,0.0
2013-12-23,0.0,22.58,30.95,15.73,62.07,2.14,80,0.0,0.0,0,-0.1538905767040627,0.9880878960910771,0.0
2013-12-24,0.0,23.59,31.41,17.55,61.91,2.39,80,0.0,0.0,0,-0.1369060579234754,0.9905840354577969,0.0
2013-12-25,0.0,23.06,31.21,16.85,63.75,2.27,80,0.0,0.0,0,-0.1198811922992275,0.99278824516254,0.0
2013-12-26,0.0,23.33,30.98,17.43,62.86,2.09,80,0.0,0.0,0,-0.1028209971373608,0.9946998756145891,0.0
2013-12-27,0.0,22.9,30.54,17.31,61.86,1.54,80,0.0,0.0,0,-0.08573050015569487,0.9963183634476755,0.0
2013-12-28,0.0,21.73,29.8,16.22,63.34,1.77,80,0.0,0.0,0,-0.06861473800213468,0.9976432316860063,0.0
2013-12-29,0.0,21.58,29.23,16.46,60.27,1.52,80,0.0,0.0,0,-0.05147875477034641,0.9986740898848305,0.0
2013-12-30,0.0,22.11,28.68,17.32,68.94,1.57,80,0.0,0.0,0,-0.034327600513243496,0.9994106342455052,0.0
2013-12-31,0.0,22.27,29.57,17.13,68.05,1.69,80,0.0,0.0,0,-0.017166329754707492,0.9998526477050269,0.0
2014-01-01,0.0,23.11,31.53,16.83,64.54,2.33,80,0.0,0.0,0,0.01716632975470737,0.9998526477050269,0.0
2014-01-02,0.0,24.14,32.53,17.71,60.54,2.31,80,0.0,0.0,0,0.034327600513243496,0.9994106342455052,0.0
2014-01-03,0.0,24.0,32.45,17.85,60.46,2.35,80,0.0,0.0,0,0.05147875477034653,0.9986740898848305,0.0
2014-01-04,0.0,23.63,31.07,18.54,64.07,1.69,80,0.0,0.0,0,0.06861473800213404,0.9976432316860063,0.0
2014-01-05,0.0,22.0,29.73,16.26,59.47,1.99,80,0.0,0.0,0,0.08573050015569435,0.9963183634476755,0.0
2014-01-06,0.0,21.04,30.83,13.61,44.08,1.7,80,0.0,0.0,0,0.1028209971373604,0.9946998756145891,0.0
2014-01-07,0.0,22.98,32.55,15.99,59.23,2.07,80,0.0,0.0,0,0.11988119229922722,0.99278824516254,0.0
2014-01-08,0.0,23.77,32.52,17.91,61.31,2.37,80,0.0,0.0,0,0.13690605792347524,0.990584035457797,0.0
2014-01-09,0.0,22.77,31.34,17.49,68.62,1.65,80,0.0,0.0,0,0.15389057670406178,0.9880878960910772,0.0
2014-01-10,0.0,20.9,28.94,15.63,54.51,1.88,80,0.0,0.0,0,0.17082974322534417,0.985300562686109,0.0
2014-01-11,0.0,18.64,27.58,11.8,50.51,1.96,80,0.0,0.0,0,0.1877185654371987,0.9822228566828407,0.0
2014-01-12,0.0,20.75,30.73,12.76,55.39,2.16,80,0.0,0.0,0,0.2045520661262008,0.9788556850953578,0.0
2014-01-13,0.0,22.31,30.76,15.89,65.55,1.6,80,0.0,0.0,0,0.22132528438243257,0.9752000402445825,0.0
2014-01-14,0.0,22.84,31.31,17.02,66.86,1.49,80,0.0,0.0,0,0.2380332770614856,0.9712569994658314,0.0
2014-01-15,0.0,22.48,31.13,16.75,56.84,1.82,80,0.0,0.0,0,0.2546711202412287,0.9670277247913204,0.0
2014-01-16,0.0,22.3,31.27,15.55,51.34,1.85,80,0.0,0.0,0,0.27123391067291003,0.9625134626077081,0.0
2014-01-17,0.0,21.6,28.75,16.88,61.12,1.94,80,0.0,0.0,0,0.287716767226167,0.9577155432887803,0.0
2014-01-18,0.0,20.54,29.81,13.14,48.85,1.98,80,0.0,0.0,0,0.30411483232751785,0.9526353808033825,0.0
2014-01-19,0.0,22.3,31.7,14.71,55.6,2.33,80,0.0,0.0,0,0.3204232733919111,0.9472744722987169,0.0
2014-01-20,0.01,23.68,31.16,17.31,62.43,1.9,80,0.0,0.010000000000035527,0,0.33663728424691025,0.9416343976591259,0.0
2014-01-21,0.57,22.73,27.46,19.64,72.45,1.5,80,0.0,0.5800000000000355,0,0.3527520865490948,0.9357168190404936,0.0
2014-01-22,0.07,23.89,30.74,19.29,66.08,1.74,80,0.0,0.6500000000000354,0,0.3687629311922601,0.9295234803804003,0.0
2014-01-23,0.09,24.3,31.76,18.84,63.73,2.21,80,0.0,0.7400000000000355,0,0.3846650997070012,0.9230562068841761,0.0
2014-01-24,0.01,24.1,31.14,19.0,64.16,1.9,80,0.0,0.7500000000000355,0,0.40045390565126643,0.9163169044870048,0.0
2014-01-25,0.0,25.27,33.7,18.91,59.27,2.32,80,0.0,0.7400000000000355,0,0.41612469599147445,0.9093075592922358,0.0
2014-01-26,0.0,25.89,33.73,19.22,53.87,2.5,80,0.0,0.17000000000003554,0,0.43167285247378384,0.9020302369860707,0.0
2014-01-27,0.0,25.93,33.27,19.96,46.53,3.24,80,0.0,0.10000000000003552,0,0.44709379298511387,0.8944870822287956,0.0
2014-01-28,0.0,24.68,33.28,17.9,44.34,3.02,80,0.0,0.010000000000035527,0,0.4623829729035149,0.88668031802274,0.0
2014-01-29,0.0,24.4,34.02,16.76,40.45,2.45,80,0.0,0.0,0,0.47753588643748823,0.8786122450571483,0.0
2014-01-30,0.0,25.05,34.32,17.81,41.48,2.27,80,0.0,0.0,0,0.4925480679538643,0.8702852410301553,0.0
2014-01-31,0.0,25.68,34.1,19.55,40.59,2.32,80,0.0,0.0,0,0.5074150932938455,0.8617017599480682,0.0
2014-02-01,0.0,25.57,34.2,18.85,38.29,2.6,80,0.0,0.0,0,0.5221325810768248,0.8528643314021597,0.0
2014-02-02,0.0,25.58,33.76,18.88,38.37,2.63,80,0.0,0.0,0,0.5366961939916004,0.8437755598231856,0.0
2014-02-03,0.0,25.74,35.04,18.87,39.1,2.13,80,0.0,0.0,0,0.5511016400746002,0.8344381237138473,0.0
2014-02-04,0.0,25.76,35.75,18.26,40.71,2.1,80,0.0,0.0,0,0.5653446739747429,0.8248547748594244,0.0
2014-02-05,0.0,26.07,35.78,19.01,40.39,1.82,80,0.0,0.0,0,0.5794210982045637,0.8150283375168114,0.0
2014-02-06,0.0,25.39,34.48,18.87,47.38,2.04,80,0.0,0.0,0,0.593326764377232,0.8049617075821959,0.0
2014-02-07,0.0,24.82,34.76,17.25,47.18,2.08,80,0.0,0.0,0,0.6070575744291002,0.7946578517376252,0.0
2014-02-08,0.0,24.05,32.98,18.11,51.06,2.26,80,0.0,0.0,0,0.6206094818274227,0.7841198065767105,0.0
2014-02-09,0.0,22.38,31.29,16.03,49.91,2.55,80,0.0,0.0,0,0.6339784927628866,0.7733506777097299,0.0
2014-02-10,0.0,21.9,30.9,14.22,38.0,2.57,80,0.0,0.0,0,0.647160667326606,0.7623536388483904,0.0
2014-02-11,0.0,22.33,30.08,16.83,53.8,2.57,80,0.0,0.0,0,0.6601521206712317,0.7511319308705199,0.0
2014-02-12,0.0,22.51,31.3,14.92,49.68,2.19,80,0.0,0.0,0,0.6729490241558329,0.7396888608649669,0.0
2014-02-13,0.0,23.35,28.96,19.57,62.33,2.9,80,0.0,0.0,0,0.6855476064742154,0.7280278011569848,0.0
2014-02-14,0.06,23.35,28.89,19.84,54.29,2.57,80,0.0,0.060000000000035525,0,0.6979441547663435,0.7161521883143933,0.0
2014-02-15,0.17,22.23,28.47,16.74,59.07,2.39,80,0.0,0.23000000000003554,0,0.7101350157125358,0.7040655221348057,0.0
2014-02-16,0.0,21.99,28.84,16.43,57.28,2.28,80,0.0,0.23000000000003554,0,0.7221165966101162,0.691771364614222,0.0
2014-02-17,0.0,24.32,34.55,15.65,34.84,2.55,80,0.0,0.23000000000003554,0,0.733885366432199,0.6792733388972931,0.0
2014-02-18,0.0,25.52,35.84,16.72,30.02,2.99,80,0.0,0.23000000000003554,0,0.7454378568683001,0.6665751282095632,0.0
2014-02-19,0.0,26.55,36.52,18.62,33.97,2.09,80,0.0,0.17000000000003554,0,0.7567706633464625,0.653680474772006,0.0
2014-02-20,0.0,26.15,34.51,19.92,42.57,1.95,80,0.0,0.0,0,0.7678804460366,0.6405931786981751,0.0
2014-02-21,0.0,25.5,30.92,21.53,59.93,1.9,80,0.0,0.0,0,0.7787639308347607,0.6273170968742937,0.0
2014-02-22,0.0,24.42,30.78,19.9,63.51,2.02,80,0.0,0.0,0,0.7894179103280197,0.613856141822612,0.0
2014-02-23,0.0,25.62,33.63,18.98,52.84,1.9,80,0.0,0.0,0,0.7998392447397193,0.6002142805483682,0.0
2014-02-24,0.01,27.61,36.65,20.65,49.18,2.95,80,0.0,0.010000000000035527,0,0.8100248628547753,0.5863955333706956,0.0
2014-02-25,0.0,28.14,36.72,22.47,55.35,2.28,80,0.0,0.010000000000035527,0,0.8199717629247771,0.5724039727378148,0.0
2014-02-26,0.18,27.29,35.07,21.76,58.95,1.83,80,0.0,0.19000000000003553,0,0.8296770135526188,0.5582437220268648,0.0
2014-02-27,0.0,26.08,32.95,21.74,56.96,2.07,80,0.0,0.19000000000003553,0,0.8391377545563938,0.5439189543287247,0.0
2014-02-28,0.0,24.0,30.54,19.37,51.33,2.25,80,0.0,0.19000000000003553,0,0.8483511978123038,0.5294338912181853,0.0
2014-03-01,0.0,23.04,30.84,17.15,41.96,2.57,80,0.0,0.18000000000003552,0,0.8573146280763322,0.5147928015098309,0.0
2014-03-02,0.0,24.36,34.38,15.17,28.87,2.57,80,0.0,0.18000000000003552,0,0.8660254037844386,0.5000000000000001,0.0
2014-03-03,0.06,26.01,35.98,17.22,38.87,2.89,80,0.0,0.060000000000035525,0,0.8744809578310397,0.4850598461951962,0.0
2014-03-04,0.24,26.43,34.17,20.55,56.61,2.75,80,0.0,0.3000000000000355,0,0.8826787983255474,0.46997674302731995,0.0
2014-03-05,0.03,26.3,34.41,20.33,57.33,2.72,80,0.0,0.3300000000000355,0,0.8906165093267404,0.4547551355561058,0.0
2014-03-06,0.08,25.91,33.59,19.83,58.88,1.84,80,0.0,0.4100000000000355,0,0.8982917515547528,0.4393995096591417,0.0
2014-03-07,0.01,26.8,34.61,20.92,58.28,1.76,80,0.0,0.4200000000000355,0,0.9057022630804714,0.42391439070986076,0.0
2014-03-08,0.07,27.42,34.75,22.15,57.3,1.91,80,0.0,0.4300000000000355,0,0.9128458599921356,0.40830434224389334,0.0
2014-03-09,0.76,26.85,34.59,20.4,57.84,2.34,80,0.0,0.9500000000000355,0,0.9197204370389467,0.3925739646141717,0.0
2014-03-10,0.05,26.94,34.78,21.09,53.09,1.89,80,0.0,0.9700000000000355,0,0.926323968251495,0.3767278936351851,0.0
2014-03-11,0.0,26.63,34.58,20.61,44.22,1.67,80,0.0,0.8900000000000355,0,0.9326545075388224,0.36077079921678346,0.0
2014-03-12,0.3,28.59,38.11,20.28,34.14,1.91,80,0.0,1.1800000000000355,0,0.9387101892619443,0.3447073839879338,0.0
2014-03-13,2.35,29.88,38.3,22.85,45.54,2.31,80,0.0,3.4600000000000355,0,0.9444892287836613,0.32854238191083485,0.0
2014-03-14,0.01,30.51,39.34,23.72,43.22,2.45,80,0.0,2.7100000000000355,0,0.949989922994501,0.3122805568857947,0.0
2014-03-15,0.0,30.93,39.68,24.46,36.75,2.01,80,0.0,2.6600000000000352,0,0.9552106508146316,0.2959267013472893,0.0
2014-03-16,0.0,31.68,40.18,25.01,35.31,2.22,80,0.0,2.6600000000000352,0,0.9601498736716018,0.2794856348516095,0.0
2014-03-17,0.0,30.99,36.61,26.95,34.35,2.64,80,0.0,2.3600000000000354,0,0.9648061359537645,0.2629622026565149,0.0
2014-03-18,0.0,30.27,38.87,23.66,36.65,2.91,80,0.0,0.010000000000035527,0,0.9691780654392536,0.2463612742933148,0.0
2014-03-19,0.0,31.25,41.38,23.32,26.74,2.37,80,0.0,0.0,0,0.9732643737003824,0.22968774213179574,0.0
2014-03-20,0.0,31.07,40.2,24.45,24.4,2.46,80,0.0,0.0,0,0.9770638564833508,0.21294651993841582,0.0
2014-03-21,0.0,28.69,37.44,21.9,43.45,2.54,80,0.0,0.0,0,0.9805753940631429,0.19614254142819698,0.0
2014-03-22,0.0,27.52,35.86,21.72,51.45,1.93,80,0.0,0.0,0,0.9837979515735163,0.17928075881073577,0.0
2014-03-23,0.0,27.89,37.86,19.86,54.31,2.1,80,0.0,0.0,0,0.9867305793119814,0.162366141330764,0.0
2014-03-24,0.0,28.23,37.11,21.2,58.18,2.32,80,0.0,0.0,0,0.989372413019683,0.14540367380368976,0.0
2014-03-25,0.0,28.56,37.33,21.49,51.81,2.21,80,0.0,0.0,0,0.9917226741361015,0.12839835514655099,0.0
2014-03-26,0.0,29.16,38.92,21.23,47.02,2.53,80,0.0,0.0,0,0.9937806700284985,0.11135519690480875,0.0
2014-03-27,0.0,29.53,39.53,22.21,50.06,2.38,80,0.0,0.0,0,0.9955457941960382,0.09427922177542453,0.0
2014-03-28,0.0,29.28,38.28,22.45,50.6,2.53,80,0.0,0.0,0,0.9970175264485267,0.07717546212664653,0.0
2014-03-29,0.0,30.05,39.42,22.16,40.48,2.68,80,0.0,0.0,0,0.998195433059714,0.0600489585149486,0.0
2014-03-30,0.0,31.19,41.48,23.38,35.05,2.66,80,0.0,0.0,0,0.9990791668951153,0.042904758199554374,0.0
2014-03-31,0.0,30.21,39.56,23.87,49.13,2.35,80,0.0,0.0,0,0.999668467514313,0.025747913654988658,0.0
2014-04-01,0.0,29.08,37.95,22.31,49.04,2.44,80,0.0,0.0,0,0.9999631612477099,0.008583481082087055,0.0
2014-04-02,0.0,29.12,38.49,21.7,51.19,2.37,80,0.0,0.0,0,0.9999631612477099,-0.008583481082086933,0.0
2014-04-03,0.0,30.26,40.64,21.6,41.66,2.73,80,0.0,0.0,0,0.9996684675143132,-0.025747913654988314,0.0
2014-04-04,0.0,32.23,43.51,22.73,35.8,2.24,80,0.0,0.0,0,0.9990791668951153,-0.04290475819955447,0.0
2014-04-05,0.0,31.77,42.35,23.83,41.71,1.88,80,0.0,0.0,0,0.998195433059714,-0.06004895851494825,0.0
2014-04-06,0.0,30.77,40.36,23.31,47.15,2.03,80,0.0,0.0,0,0.9970175264485267,-0.07717546212664618,0.0
2014-04-07,0.0,30.22,37.64,24.88,52.51,2.02,80,0.0,0.0,0,0.9955457941960382,-0.0942792217754244,0.0
2014-04-08,0.0,30.0,38.78,24.56,52.68,1.71,80,0.0,0.0,0,0.9937806700284985,-0.11135519690480862,0.0
2014-04-09,0.0,29.52,37.51,23.78,48.54,1.84,80,0.0,0.0,0,0.9917226741361015,-0.12839835514655107,0.0
2014-04-10,0.0,29.31,38.26,23.22,46.2,1.89,80,0.0,0.0,0,0.9893724130196829,-0.14540367380368988,0.0
2014-04-11,0.0,28.87,38.08,21.56,47.15,2.33,80,0.0,0.0,0,0.9867305793119814,-0.16236614133076366,0.0
2014-04-12,0.0,28.68,37.97,20.99,47.06,2.15,80,0.0,0.0,0,0.9837979515735163,-0.17928075881073566,0.0
2014-04-13,0.0,28.74,37.64,22.34,49.21,1.8,80,0.0,0.0,0,0.980575394063143,-0.19614254142819687,0.0
2014-04-14,0.0,28.73,37.67,22.33,46.85,1.95,80,0.0,0.0,0,0.9770638564833507,-0.21294651993841593,0.0
2014-04-15,0.0,29.25,37.97,23.26,48.3,1.75,80,0.0,0.0,0,0.9732643737003824,-0.22968774213179563,0.0
2014-04-16,0.0,30.13,40.29,23.82,55.06,1.89,80,0.0,0.0,0,0.9691780654392537,-0.2463612742933147,0.0
2014-04-17,0.0,29.47,37.78,24.46,59.21,2.18,80,0.0,0.0,0,0.9648061359537646,-0.26296220265651454,0.0
2014-04-18,0.0,29.18,37.52,23.81,62.58,1.92,80,0.0,0.0,0,0.9601498736716018,-0.2794856348516094,0.0
2014-04-19,0.09,30.46,39.0,24.87,55.91,2.09,80,0.0,0.09000000000003552,0,0.9552106508146317,-0.2959267013472892,0.0
2014-04-20,0.0,32.08,41.43,24.41,51.63,2.07,80,0.0,0.09000000000003552,0,0.949989922994501,-0.31228055688579476,0.0
2014-04-21,1.46,32.83,41.64,25.23,45.2,1.76,80,0.0,1.5500000000000356,0,0.9444892287836613,-0.32854238191083474,0.0
2014-04-22,0.5,33.36,40.68,27.95,41.15,1.71,80,0.0,2.0500000000000353,0,0.9387101892619443,-0.3447073839879337,0.0
2014-04-23,0.0,34.45,43.02,27.7,33.65,2.17,80,0.0,2.0500000000000353,0,0.9326545075388225,-0.3607707992167831,0.0
2014-04-24,0.0,33.66,42.02,28.02,36.2,2.32,80,0.0,1.9600000000000355,0,0.926323968251495,-0.376727893635185,0.0
2014-04-25,0.0,31.72,40.32,24.92,49.79,2.22,80,0.0,1.9600000000000355,0,0.9197204370389467,-0.39257396461417177,0.0
2014-04-26,0.0,31.69,40.71,24.19,49.92,2.23,80,0.0,0.5000000000000355,0,0.9128458599921355,-0.40830434224389345,0.0
2014-04-27,0.0,32.09,41.06,25.01,53.61,2.05,80,0.0,0.0,0,0.9057022630804715,-0.42391439070986064,0.0
2014-04-28,0.0,31.82,39.91,25.85,56.35,2.02,80,0.0,0.0,0,0.898291751554753,-0.43939950965914143,0.0
2014-04-29,0.0,32.21,40.33,26.4,54.95,2.26,80,0.0,0.0,0,0.8906165093267405,-0.4547551355561055,0.0
2014-04-30,0.05,31.72,39.45,26.15,56.5,2.25,80,0.0,0.05000000000003553,0,0.8826787983255476,-0.4699767430273197,0.0
2014-05-01,0.01,31.87,39.74,26.39,52.65,2.33,80,0.0,0.06000000000003553,0,0.8744809578310397,-0.4850598461951961,0.0
2014-05-02,0.0,31.11,39.2,25.51,56.13,2.16,80,0.0,0.06000000000003553,0,0.8660254037844387,-0.4999999999999998,0.0
2014-05-03,0.13,31.96,40.5,26.31,47.59,1.89,80,0.0,0.19000000000003553,0,0.8573146280763323,-0.5147928015098308,0.0
2014-05-04,0.0,31.6,40.34,24.67,51.62,2.33,80,0.0,0.19000000000003553,0,0.848351197812304,-0.5294338912181852,0.0
2014-05-05,0.0,31.51,39.83,24.2,53.63,2.55,80,0.0,0.14000000000003554,0,0.8391377545563939,-0.5439189543287246,0.0
2014-05-06,0.0,32.83,41.05,25.62,46.29,2.05,80,0.0,0.13000000000003553,0,0.8296770135526188,-0.5582437220268649,0.0
2014-05-07,1.02,33.45,41.48,27.66,48.37,1.97,80,0.0,1.1500000000000354,0,0.8199717629247771,-0.5724039727378148,0.0
2014-05-08,0.21,32.29,37.56,28.91,53.1,2.05,80,0.0,1.2300000000000355,0,0.8100248628547753,-0.5863955333706956,0.0
2014-05-09,0.59,32.05,38.02,27.86,53.91,2.56,80,0.0,1.8200000000000354,0,0.7998392447397195,-0.6002142805483681,0.0
2014-05-10,0.19,30.7,37.85,25.45,54.95,2.66,80,0.0,2.0100000000000353,0,0.7894179103280199,-0.6138561418226116,0.0
2014-05-11,0.0,30.37,37.78,24.65,53.76,2.51,80,0.0,2.0100000000000353,0,0.7787639308347607,-0.6273170968742938,0.0
2014-05-12,0.0,30.39,37.26,25.39,57.0,2.47,80,0.0,0.9900000000000355,0,0.7678804460366001,-0.6405931786981751,0.0
2014-05-13,0.0,30.36,37.25,25.13,59.24,2.78,80,0.0,0.7800000000000356,0,0.7567706633464627,-0.6536804747720057,0.0
2014-05-14,0.03,30.36,37.18,25.06,59.16,2.99,80,0.0,0.22000000000003553,0,0.7454378568683001,-0.6665751282095632,0.0
2014-05-15,0.43,30.86,37.82,25.58,57.13,3.14,80,0.0,0.4600000000000355,0,0.7338853664321991,-0.6792733388972931,0.0
2014-05-16,0.0,30.78,37.77,25.66,59.77,2.84,80,0.0,0.46000000000003555,0,0.722116596610116,-0.6917713646142222,0.0
2014-05-17,0.65,31.22,39.1,25.92,58.74,2.53,80,0.0,1.1100000000000356,0,0.7101350157125357,-0.7040655221348058,0.0
2014-05-18,0.58,31.51,37.54,26.94,58.85,2.79,80,0.0,1.6900000000000355,0,0.6979441547663435,-0.7161521883143933,0.0
2014-05-19,0.0,31.82,36.83,27.82,58.99,2.42,80,0.0,1.6600000000000354,0,0.6855476064742155,-0.7280278011569847,0.0
2014-05-20,0.0,32.66,39.66,27.98,54.27,2.28,80,0.0,1.2300000000000355,0,0.672949024155833,-0.7396888608649667,0.0
2014-05-21,0.0,31.71,38.59,27.25,57.45,2.33,80,0.0,1.2300000000000355,0,0.660152120671232,-0.7511319308705197,0.0
2014-05-22,0.0,31.37,38.0,26.62,57.42,2.69,80,0.0,0.5800000000000355,0,0.647160667326606,-0.7623536388483902,0.0
2014-05-23,0.0,31.59,38.72,26.54,56.36,2.61,80,0.0,0.0,0,0.6339784927628868,-0.7733506777097298,0.0
2014-05-24,0.0,31.83,39.87,25.86,54.65,2.68,80,0.0,0.0,0,0.620609481827423,-0.7841198065767103,0.0
2014-05-25,0.0,31.51,38.79,25.89,58.13,2.63,80,0.0,0.0,0,0.6070575744291006,-0.7946578517376249,0.0
2014-05-26,0.0,32.25,40.29,26.56,58.29,2.52,80,0.0,0.0,0,0.593326764377232,-0.8049617075821959,0.0
2014-05-27,3.85,30.95,36.48,27.72,64.8,2.33,80,0.0,3.8500000000000356,0,0.5794210982045638,-0.8150283375168113,0.0
2014-05-28,4.25,31.38,38.12,26.98,62.46,2.0,80,0.0,8.100000000000035,0,0.5653446739747428,-0.8248547748594245,0.0
2014-05-29,0.86,31.25,37.25,27.11,63.89,2.4,80,0.0,8.960000000000035,0,0.5511016400746,-0.8344381237138473,0.0
2014-05-30,0.01,31.12,36.91,27.79,63.06,2.86,80,0.0,8.970000000000034,0,0.5366961939916005,-0.8437755598231856,0.0
2014-05-31,0.0,31.0,37.8,26.13,60.36,2.62,80,0.0,8.970000000000034,0,0.522132581076825,-0.8528643314021596,0.0
2014-06-01,0.0,31.37,38.23,26.25,61.37,2.79,80,0.0,5.120000000000036,0,0.5074150932938458,-0.861701759948068,0.0
2014-06-02,0.06,32.12,39.51,27.23,61.53,2.99,80,0.0,0.9300000000000355,0,0.4925480679538644,-0.8702852410301553,0.0
2014-06-03,1.47,31.2,35.44,28.31,66.19,2.47,80,0.0,1.5400000000000356,0,0.47753588643748834,-0.8786122450571482,0.0
2014-06-04,3.01,31.18,35.94,27.6,65.91,2.28,80,0.0,4.540000000000036,0,0.4623829729035151,-0.8866803180227399,0.0
2014-06-05,0.54,31.37,36.83,27.82,62.88,2.62,80,0.0,5.080000000000036,0,0.44709379298511426,-0.8944870822287954,0.0
2014-06-06,0.02,31.41,37.0,27.02,60.89,3.03,80,0.0,5.100000000000035,0,0.43167285247378384,-0.9020302369860707,0.0
2014-06-07,0.0,31.35,36.28,27.05,60.75,3.05,80,0.0,5.040000000000036,0,0.4161246959914746,-0.9093075592922357,0.0
2014-06-08,0.0,31.85,37.78,27.63,59.58,3.3,80,0.0,3.5700000000000354,0,0.4004539056512664,-0.9163169044870048,0.0
2014-06-09,2.91,32.19,37.89,28.49,63.57,4.06,80,0.0,3.4700000000000357,0,0.3846650997070012,-0.923056206884176,0.0
2014-06-10,5.15,31.66,38.02,28.03,63.91,4.52,80,0.0,8.080000000000036,0,0.3687629311922603,-0.9295234803804002,0.0
2014-06-11,0.15,31.16,35.76,27.55,64.06,5.54,80,0.0,8.210000000000036,0,0.352752086549095,-0.9357168190404935,0.0
2014-06-12,3.39,31.08,36.65,27.55,62.34,5.0,80,0.0,11.600000000000037,0,0.3366372842469106,-0.9416343976591258,0.0
2014-06-13,3.97,30.41,35.18,26.93,66.64,4.27,80,0.0,15.570000000000036,0,0.3204232733919116,-0.9472744722987168,0.0
2014-06-14,7.45,30.05,34.47,26.85,71.6,4.13,80,0.0,20.110000000000035,0,0.30411483232751846,-0.9526353808033824,0.0
2014-06-15,11.39,29.72,33.74,26.94,74.72,4.84,80,0.0,26.350000000000037,0,0.2877167672261668,-0.9577155432887804,0.0
2014-06-16,20.68,29.17,32.13,27.07,78.77,4.8,80,0.89088416340235,46.88000000000004,0,0.27123391067291,-0.9625134626077081,0.0
2014-06-17,6.52,29.49,33.5,26.62,74.2,4.74,86,0.0,50.01000000000003,0,0.2546711202412288,-0.9670277247913204,0.0
2014-06-18,2.57,29.64,33.62,26.75,73.07,4.7,86,0.0,48.610000000000035,0,0.2380332770614858,-0.9712569994658313,0.0
2014-06-19,4.69,29.31,33.04,26.78,75.5,4.65,86,0.0,45.85000000000004,0,0.22132528438243243,-0.9752000402445825,0.0
2014-06-20,0.77,29.56,33.06,27.07,73.57,5.18,86,0.0,35.23000000000003,0,0.2045520661262008,-0.9788556850953578,0.0
2014-06-21,0.06,29.76,33.62,26.98,73.01,5.52,86,0.0,14.610000000000035,0,0.18771856543719884,-0.9822228566828406,0.0
2014-06-22,0.0,29.55,33.47,27.08,72.69,5.48,80,0.0,8.090000000000035,0,0.17082974322534442,-0.985300562686109,0.0
2014-06-23,0.0,29.55,33.6,26.73,73.17,5.24,80,0.0,5.520000000000035,0,0.15389057670406214,-0.9880878960910771,0.0
2014-06-24,0.0,29.67,33.69,26.94,70.74,4.91,80,0.0,0.8300000000000356,0,0.13690605792347574,-0.9905840354577969,0.0
2014-06-25,0.22,29.79,33.9,26.97,69.74,4.6,80,0.0,0.28000000000003555,0,0.11988119229922782,-0.9927882451625399,0.0
2014-06-26,0.04,29.94,34.41,26.79,69.32,3.38,80,0.0,0.26000000000003554,0,0.10282099713736025,-0.9946998756145891,0.0
2014-06-27,0.0,30.11,35.28,26.4,68.65,2.67,80,0.0,0.26000000000003554,0,0.0857305001556943,-0.9963183634476755,0.0
2014-06-28,0.0,30.22,35.3,26.18,67.25,2.91,80,0.0,0.26000000000003554,0,0.0686147380021341,-0.9976432316860063,0.0
2014-06-29,0.0,30.13,34.79,26.9,67.54,3.28,80,0.0,0.26000000000003554,0,0.05147875477034673,-0.9986740898848305,0.0
2014-06-30,0.76,29.8,34.51,26.33,69.05,3.4,80,0.0,0.8000000000000356,0,0.03432760051324382,-0.9994106342455052,0.0
2014-07-01,5.22,29.81,34.16,26.9,69.74,3.61,80,0.0,5.980000000000035,0,0.01716632975470737,-0.9998526477050269,0.0
2014-07-02,2.77,29.52,33.79,26.69,71.45,4.11,80,0.0,8.750000000000036,0,1.2246467991473532e-16,-1.0,0.0
2014-07-03,23.98,28.65,32.18,26.3,78.1,4.03,80,1.7015030756886866,32.73000000000003,0,-0.017166329754707124,-0.9998526477050269,0.0
2014-07-04,12.95,28.76,32.4,25.95,78.01,3.43,80,0.0009803921568627312,45.680000000000035,0,-0.03432760051324313,-0.9994106342455054,0.0
2014-07-05,0.87,29.23,33.66,26.29,74.85,2.72,86,0.0,45.790000000000035,0,-0.051478754770346045,-0.9986740898848305,0.0
2014-07-06,2.26,28.81,31.26,26.72,77.79,2.58,86,0.0,42.83000000000004,0,-0.06861473800213432,-0.9976432316860063,1.0
2014-07-07,52.35,27.9,30.46,26.35,84.54,2.78,86,22.74479761595384,92.41000000000004,1,-0.0857305001556945,-0.9963183634476755,0.0
2014-07-08,21.65,27.77,30.15,25.93,85.03,2.83,92,7.552545426573496,90.08000000000004,0,-0.10282099713736044,-0.9946998756145891,0.0
2014-07-09,24.79,27.53,29.54,26.07,85.62,2.87,92,9.77502202250913,101.92000000000004,0,-0.11988119229922714,-0.99278824516254,1.0
2014-07-10,36.27,27.2,29.82,25.29,85.64,3.52,92,18.80973042013344,137.32000000000005,1,-0.13690605792347504,-0.990584035457797,1.0
2014-07-11,63.86,27.07,29.51,25.32,88.82,5.32,92,43.33917050977599,198.92000000000004,1,-0.15389057670406148,-0.9880878960910772,1.0
2014-07-12,60.69,26.57,28.45,25.37,90.54,4.33,92,40.411230978999676,207.26000000000002,1,-0.17082974322534417,-0.985300562686109,1.0
2014-07-13,26.12,27.28,30.14,25.26,87.64,3.75,92,10.756060761469618,211.73000000000002,1,-0.1877185654371986,-0.9822228566828407,0.0
2014-07-14,20.59,26.98,29.05,25.66,89.01,3.61,92,6.836284483018443,207.53000000000003,0,-0.20455206612620058,-0.9788556850953579,1.0
2014-07-15,94.96,26.77,28.58,25.66,91.5,4.82,92,72.78696293988826,266.22,1,-0.22132528438243218,-0.9752000402445826,1.0
2014-07-16,61.19,26.4,27.82,25.52,90.95,5.7,92,40.871758412875806,263.55,1,-0.23803327706148514,-0.9712569994658315,1.0
2014-07-17,42.7,27.1,28.84,25.8,89.63,6.15,92,24.27644001189899,245.56000000000003,1,-0.254671120241229,-0.9670277247913203,1.0
2014-07-18,25.76,26.97,29.09,25.88,89.32,5.98,92,10.488406772106499,245.20000000000002,1,-0.2712339106729102,-0.9625134626077081,0.0
2014-07-19,12.99,26.65,28.25,25.52,89.12,5.31,92,2.3969557078743278,237.60000000000002,0,-0.287716767226167,-0.9577155432887803,0.0
2014-07-20,10.03,26.68,28.59,25.36,88.62,5.11,92,1.1372516544314604,152.67000000000004,0,-0.3041148323275178,-0.9526353808033826,1.0
2014-07-21,32.03,26.49,28.3,25.16,88.73,4.75,92,15.341304408683257,123.51000000000005,1,-0.32042327339191096,-0.947274472298717,1.0
2014-07-22,25.73,26.18,27.41,25.39,90.53,4.58,92,10.466171426804255,106.54000000000005,1,-0.3366372842469099,-0.941634397659126,1.0
2014-07-23,38.06,26.19,27.49,25.37,90.99,5.11,92,20.309240085289012,118.84000000000005,1,-0.35275208654909473,-0.9357168190404936,0.0
2014-07-24,7.6,26.63,28.76,25.26,88.39,4.87,92,0.400837846733894,113.45000000000005,0,-0.36876293119226006,-0.9295234803804003,0.0
2014-07-25,7.78,26.72,29.26,24.98,88.43,4.14,92,0.44429589045979995,111.20000000000005,0,-0.38466509970700097,-0.9230562068841761,0.0
2014-07-26,3.16,26.77,29.23,24.89,88.34,3.5,92,0.0,82.33000000000006,0,-0.40045390565126615,-0.9163169044870049,1.0
2014-07-27,83.23,26.57,28.57,25.21,89.96,4.51,92,61.560496083717226,139.83000000000004,1,-0.4161246959914748,-0.9093075592922356,1.0
2014-07-28,125.79,26.01,26.86,25.39,93.28,5.12,92,102.68614796974204,227.56000000000006,1,-0.431672852473784,-0.9020302369860707,1.0
2014-07-29,143.36,25.99,26.86,25.28,93.07,5.61,92,119.88511851901939,363.32000000000005,1,-0.44709379298511404,-0.8944870822287955,1.0
2014-07-30,131.54,26.19,27.45,25.39,93.23,4.77,92,108.30510509191092,487.08000000000004,1,-0.4623829729035149,-0.88668031802274,1.0
2014-07-31,98.12,26.02,26.96,25.3,93.75,3.78,92,75.8287576249725,582.0400000000001,1,-0.4775358864374881,-0.8786122450571483,0.0
2014-08-01,24.39,26.4,28.47,24.94,90.68,4.42,92,9.484289627052464,523.2,0,-0.4925480679538642,-0.8702852410301554,0.0
2014-08-02,23.86,26.17,28.01,24.71,90.82,5.08,92,9.102311351286398,421.27000000000004,0,-0.5074150932938452,-0.8617017599480683,1.0
2014-08-03,33.78,26.35,28.3,24.97,90.57,4.94,92,16.75743586502759,311.69000000000005,1,-0.5221325810768248,-0.8528643314021597,1.0
2014-08-04,53.59,25.9,27.29,24.77,92.41,4.66,92,33.93152117276202,233.74000000000004,1,-0.5366961939916004,-0.8437755598231858,1.0
2014-08-05,31.18,25.87,27.34,24.77,91.52,4.69,92,14.662100287058532,166.80000000000004,1,-0.5511016400745999,-0.8344381237138474,1.0
2014-08-06,28.52,25.68,27.16,24.7,92.27,4.57,92,12.577207497008299,170.93,1,-0.5653446739747425,-0.8248547748594246,0.0
2014-08-07,16.11,26.02,28.06,24.65,90.97,4.61,92,4.047331492569136,163.18000000000004,0,-0.5794210982045637,-0.8150283375168114,0.0
2014-08-08,7.68,25.96,28.53,24.47,90.43,3.98,92,0.41991313892998633,137.08000000000004,0,-0.5933267643772321,-0.8049617075821958,0.0
2014-08-09,13.31,26.08,28.65,24.35,89.81,3.72,92,2.5526016539959575,96.80000000000003,0,-0.6070575744291004,-0.794657851737625,0.0
2014-08-10,8.23,26.18,28.64,24.45,90.03,3.4,92,0.5612443662336775,73.85000000000004,0,-0.6206094818274228,-0.7841198065767104,0.0
2014-08-11,4.29,26.07,28.67,24.19,89.81,2.69,92,0.0,49.620000000000026,0,-0.6339784927628865,-0.77335067770973,0.0
2014-08-12,2.21,26.12,28.73,24.13,89.12,3.28,86,0.0,35.720000000000034,0,-0.6471606673266059,-0.7623536388483905,0.0
2014-08-13,0.67,26.07,28.74,24.16,88.41,3.53,86,0.0,28.71000000000003,0,-0.6601521206712315,-0.7511319308705201,0.0
2014-08-14,7.94,26.1,28.62,24.38,89.05,3.97,80,0.0,23.34000000000003,0,-0.6729490241558326,-0.7396888608649671,0.0
2014-08-15,8.32,26.12,28.75,24.46,88.63,4.35,80,0.0,23.430000000000028,0,-0.6855476064742154,-0.7280278011569848,0.0
2014-08-16,4.06,26.06,28.61,24.49,87.96,3.99,80,0.0,23.200000000000028,0,-0.6979441547663433,-0.7161521883143935,0.0
2014-08-17,1.92,25.96,28.65,24.24,88.51,2.52,80,0.0,22.91000000000003,0,-0.7101350157125356,-0.7040655221348059,0.0
2014-08-18,1.36,26.17,29.44,23.88,86.92,1.4,80,0.0,23.600000000000026,0,-0.7221165966101161,-0.691771364614222,0.0
2014-08-19,16.1,26.59,30.32,23.75,88.16,1.99,80,0.1727952167414051,31.76000000000003,0,-0.7338853664321993,-0.6792733388972929,0.0
2014-08-20,15.48,26.8,30.14,24.59,90.84,2.23,80,0.11660229330114659,38.92000000000003,0,-0.7454378568683002,-0.6665751282095631,0.0
2014-08-21,13.17,26.48,28.61,25.3,92.81,2.53,86,0.5191948561256209,48.03000000000003,0,-0.7567706633464625,-0.653680474772006,1.0
2014-08-22,45.9,26.5,28.9,24.83,92.25,1.62,86,17.92923627170154,92.01000000000003,1,-0.7678804460366,-0.6405931786981752,1.0
2014-08-23,26.26,27.43,31.11,24.92,88.72,1.98,92,10.860557173065322,116.91000000000004,1,-0.7787639308347605,-0.627317096874294,1.0
2014-08-24,54.01,27.47,31.6,24.77,88.29,1.77,92,34.31140841578871,154.82000000000002,1,-0.7894179103280194,-0.6138561418226122,0.0
2014-08-25,16.55,26.78,29.06,25.18,91.49,1.75,92,4.3016383413020005,155.89000000000004,0,-0.7998392447397191,-0.6002142805483686,0.0
2014-08-26,17.86,26.04,27.69,24.71,91.15,1.88,92,5.08601012815015,160.58,0,-0.8100248628547748,-0.5863955333706962,0.0
2014-08-27,12.31,25.43,27.36,24.24,91.17,2.19,92,2.077857753138717,126.99000000000002,0,-0.8199717629247767,-0.5724039727378154,0.0
2014-08-28,9.75,25.27,27.23,23.85,90.69,1.76,92,1.0370957845425186,110.48000000000002,0,-0.8296770135526184,-0.5582437220268655,1.0
2014-08-29,35.25,25.91,28.35,24.01,91.73,1.82,92,17.964050820787698,91.72000000000003,1,-0.8391377545563938,-0.5439189543287248,0.0
2014-08-30,20.77,25.76,27.27,24.55,93.69,2.46,92,6.9565774129030755,95.94000000000003,0,-0.8483511978123038,-0.5294338912181854,1.0
2014-08-31,65.83,26.03,27.3,25.06,94.96,3.3,92,45.16800173732836,143.91000000000003,1,-0.8573146280763322,-0.514792801509831,1.0
2014-09-01,48.82,25.49,26.36,24.66,94.35,3.62,92,29.652647788160124,180.42000000000002,1,-0.8660254037844384,-0.5000000000000004,1.0
2014-09-02,26.75,25.95,28.03,24.47,91.35,5.1,92,11.22805702199554,197.42000000000002,1,-0.8744809578310394,-0.4850598461951967,0.0
2014-09-03,13.9,26.43,28.87,24.62,91.39,4.93,92,2.8483087130171323,176.07000000000002,0,-0.8826787983255475,-0.4699767430273199,0.0
2014-09-04,18.75,26.26,28.23,25.04,91.02,4.81,92,5.640475683784086,174.05,0,-0.8906165093267404,-0.45475513555610575,0.0
2014-09-05,24.14,26.2,28.6,24.8,90.98,3.68,92,9.303643597805518,132.36,0,-0.8982917515547529,-0.4393995096591416,0.0
2014-09-06,4.95,25.95,28.15,24.65,91.08,2.69,92,0.012541002444476985,88.49000000000004,0,-0.9057022630804714,-0.42391439070986087,0.0
2014-09-07,2.66,25.71,28.23,24.13,90.13,2.48,92,0.0,64.40000000000003,0,-0.9128458599921354,-0.40830434224389367,1.0
2014-09-08,31.13,25.49,26.84,24.65,92.76,2.97,92,14.62233239473065,81.63000000000002,1,-0.9197204370389468,-0.3925739646141714,0.0
2014-09-09,10.67,25.34,27.32,23.37,90.4,3.24,92,1.379524181159754,73.55000000000003,0,-0.9263239682514951,-0.3767278936351848,0.0
2014-09-10,12.73,25.15,27.64,22.91,89.78,2.09,92,2.2730411712434955,62.14000000000003,0,-0.9326545075388225,-0.3607707992167831,0.0
2014-09-11,3.14,25.72,28.96,23.44,87.37,1.89,92,0.0,60.33000000000003,0,-0.9387101892619443,-0.3447073839879337,0.0
2014-09-12,0.85,25.28,28.16,22.77,91.35,2.02,92,0.0,58.520000000000024,0,-0.9444892287836613,-0.32854238191083474,0.0
2014-09-13,0.77,25.76,28.58,23.24,90.56,2.11,92,0.0,28.16000000000003,0,-0.9499899229945009,-0.3122805568857948,0.0
2014-09-14,0.22,25.95,28.98,23.67,87.77,1.69,80,0.0,17.71000000000003,0,-0.9552106508146316,-0.29592670134728966,0.0
2014-09-15,0.23,25.97,29.1,23.92,85.31,1.42,80,0.0,5.210000000000028,0,-0.9601498736716017,-0.2794856348516098,0.0
2014-09-16,0.04,26.04,29.35,23.83,84.83,1.6,80,0.0,2.1100000000000283,0,-0.9648061359537644,-0.2629622026565152,0.0
2014-09-17,1.77,26.05,29.41,23.59,85.54,1.47,80,0.0,3.0300000000000287,0,-0.9691780654392534,-0.24636127429331536,0.0
2014-09-18,3.16,26.22,29.52,23.89,85.94,1.84,80,0.0,5.420000000000028,0,-0.9732643737003823,-0.2296877421317963,0.0
2014-09-19,1.15,26.07,29.3,23.9,88.18,2.41,80,0.0,6.350000000000029,0,-0.9770638564833508,-0.21294651993841573,0.0
2014-09-20,8.1,26.05,28.91,24.06,86.38,1.96,80,0.0,14.220000000000027,0,-0.9805753940631429,-0.19614254142819712,0.0
2014-09-21,3.18,26.13,29.24,24.05,84.67,1.4,80,0.0,17.36000000000003,0,-0.9837979515735163,-0.1792807588107359,0.0
2014-09-22,1.14,26.38,30.15,23.81,82.76,1.29,80,0.0,16.73000000000003,0,-0.9867305793119814,-0.16236614133076413,0.0
2014-09-23,0.0,26.05,30.23,22.56,84.2,1.53,80,0.0,13.570000000000029,0,-0.9893724130196829,-0.14540367380369032,0.0
2014-09-24,9.9,26.23,30.47,22.65,86.15,1.68,80,0.0,22.32000000000003,0,-0.9917226741361014,-0.12839835514655154,0.0
2014-09-25,35.19,26.8,31.01,23.39,87.76,1.97,80,5.8820804744737725,49.410000000000025,0,-0.9937806700284985,-0.11135519690480865,0.0
2014-09-26,5.04,26.36,28.81,24.9,90.17,1.71,86,0.0,51.270000000000024,0,-0.9955457941960382,-0.09427922177542443,0.0
2014-09-27,0.16,27.28,32.7,22.74,75.72,1.44,86,0.0,50.29000000000003,0,-0.9970175264485267,-0.07717546212664643,0.0
2014-09-28,0.0,27.69,33.24,22.48,74.77,1.81,86,0.0,50.29000000000003,0,-0.998195433059714,-0.06004895851494849,0.0
2014-09-29,0.29,27.6,32.96,22.7,76.47,1.9,86,0.0,40.68000000000003,0,-0.9990791668951153,-0.04290475819955383,0.0
2014-09-30,12.43,27.6,32.82,22.83,78.13,1.59,86,0.38030957403103033,17.92000000000003,0,-0.9996684675143132,-0.025747913654988113,0.0
2014-10-01,6.06,27.8,31.95,23.85,75.34,1.29,80,0.0,18.94000000000003,0,-0.9999631612477099,-0.008583481082086734,0.0
2014-10-02,0.38,27.4,32.0,23.74,79.45,1.46,80,0.0,19.16000000000003,0,-0.9999631612477099,0.008583481082087254,0.0
2014-10-03,0.0,27.62,31.74,24.05,78.24,1.31,80,0.0,19.16000000000003,0,-0.999668467514313,0.025747913654988634,0.0
2014-10-04,0.03,27.85,31.7,24.31,76.42,1.0,80,0.0,18.90000000000003,0,-0.9990791668951153,0.04290475819955435,0.0
2014-10-05,2.76,27.23,31.41,23.9,81.41,1.48,80,0.0,9.230000000000029,0,-0.998195433059714,0.06004895851494813,0.0
2014-10-06,1.99,26.97,31.69,23.24,82.05,1.62,80,0.0,5.160000000000029,0,-0.9970175264485267,0.07717546212664607,0.0
2014-10-07,8.12,27.15,31.61,23.56,82.31,1.32,80,0.0,12.900000000000027,0,-0.9955457941960382,0.09427922177542405,0.0
2014-10-08,0.42,27.13,31.26,23.69,81.67,1.34,80,0.0,13.320000000000029,0,-0.9937806700284985,0.11135519690480827,0.0
2014-10-09,1.49,27.65,32.1,23.97,80.74,1.08,80,0.0,14.78000000000003,0,-0.9917226741361016,0.1283983551465503,0.0
2014-10-10,0.02,28.15,33.18,23.94,80.89,1.56,80,0.0,12.040000000000028,0,-0.9893724130196829,0.14540367380368996,0.0
2014-10-11,0.0,27.91,33.34,23.72,76.13,1.83,80,0.0,10.05000000000003,0,-0.9867305793119814,0.16236614133076377,0.0
2014-10-12,0.0,26.23,32.84,20.8,72.17,2.24,80,0.0,1.9300000000000301,0,-0.9837979515735163,0.17928075881073555,0.0
2014-10-13,0.0,26.27,32.2,21.51,65.89,1.51,80,0.0,1.5100000000000302,0,-0.980575394063143,0.19614254142819676,0.0
2014-10-14,0.0,26.09,31.94,20.67,63.69,1.18,80,0.0,0.0200000000000302,0,-0.9770638564833509,0.21294651993841537,0.0
2014-10-15,0.0,27.14,33.57,21.08,72.64,1.39,80,0.0,0.0,0,-0.9732643737003827,0.22968774213179508,0.0
2014-10-16,0.0,28.12,33.55,23.92,76.82,2.06,80,0.0,0.0,0,-0.9691780654392538,0.24636127429331414,0.0
2014-10-17,0.42,28.29,33.27,24.03,76.1,1.37,80,0.0,0.4200000000000302,0,-0.9648061359537647,0.262962202656514,0.0
2014-10-18,1.1,27.62,32.6,23.42,76.33,1.52,80,0.0,1.5200000000000302,0,-0.9601498736716018,0.2794856348516095,0.0
2014-10-19,1.4,27.99,32.76,23.54,76.04,1.56,80,0.0,2.92000000000003,0,-0.9552106508146317,0.2959267013472893,0.0
2014-10-20,0.18,27.72,33.01,23.14,75.34,1.77,80,0.0,3.1000000000000303,0,-0.9499899229945011,0.3122805568857945,0.0
2014-10-21,0.62,27.45,33.39,22.38,73.25,2.19,80,0.0,3.72000000000003,0,-0.9444892287836614,0.3285423819108344,0.0
2014-10-22,0.07,27.49,33.32,23.06,73.04,2.24,80,0.0,3.3700000000000303,0,-0.938710189261944,0.3447073839879342,0.0
2014-10-23,0.0,26.24,32.91,20.26,67.42,2.52,80,0.0,2.27000000000003,0,-0.9326545075388223,0.3607707992167836,0.0
2014-10-24,0.57,25.24,30.47,21.46,72.84,1.92,80,0.0,1.4400000000000301,0,-0.9263239682514949,0.3767278936351853,0.0
2014-10-25,4.12,23.12,26.16,21.26,83.41,2.66,80,0.0,5.38000000000003,0,-0.9197204370389466,0.3925739646141719,0.0
2014-10-26,0.39,23.17,26.78,20.6,82.59,2.85,80,0.0,5.15000000000003,0,-0.9128458599921356,0.40830434224389334,0.0
2014-10-27,0.04,23.93,26.66,21.48,83.04,1.73,80,0.0,5.120000000000029,0,-0.9057022630804715,0.42391439070986053,0.0
2014-10-28,0.0,25.74,30.96,21.55,75.23,1.47,80,0.0,5.120000000000029,0,-0.898291751554753,0.4393995096591413,0.0
2014-10-29,0.0,25.53,31.66,20.42,66.1,1.92,80,0.0,4.55000000000003,0,-0.8906165093267405,0.4547551355561054,0.0
2014-10-30,0.0,25.15,32.0,19.26,63.77,2.15,80,0.0,0.4300000000000302,0,-0.8826787983255476,0.46997674302731957,0.0
2014-10-31,0.0,25.01,31.82,18.67,65.67,1.9,80,0.0,0.0400000000000302,0,-0.8744809578310401,0.4850598461951956,0.0
2014-11-01,0.0,25.56,32.36,19.27,65.52,2.06,80,0.0,0.0,0,-0.8660254037844386,0.5000000000000001,0.0
2014-11-02,0.0,25.53,32.14,19.75,66.99,1.69,80,0.0,0.0,0,-0.8573146280763323,0.5147928015098308,0.0
2014-11-03,0.0,25.5,32.43,19.97,67.49,2.13,80,0.0,0.0,0,-0.848351197812304,0.5294338912181851,0.0
2014-11-04,0.0,25.07,32.71,19.32,66.1,1.59,80,0.0,0.0,0,-0.8391377545563939,0.5439189543287245,0.0
2014-11-05,0.0,24.87,32.3,19.18,66.08,1.4,80,0.0,0.0,0,-0.8296770135526191,0.5582437220268645,0.0
2014-11-06,0.0,24.34,31.32,18.78,69.05,1.57,80,0.0,0.0,0,-0.8199717629247775,0.5724039727378144,0.0
2014-11-07,0.0,24.32,32.1,18.01,68.51,1.69,80,0.0,0.0,0,-0.8100248628547756,0.5863955333706952,0.0
2014-11-08,0.0,24.37,31.93,18.22,63.82,2.33,80,0.0,0.0,0,-0.7998392447397199,0.6002142805483676,0.0
2014-11-09,0.0,24.75,31.04,18.19,61.31,2.55,80,0.0,0.0,0,-0.7894179103280197,0.613856141822612,0.0
2014-11-10,0.0,25.85,32.74,19.96,66.19,1.91,80,0.0,0.0,0,-0.7787639308347607,0.6273170968742937,0.0
2014-11-11,0.0,27.34,32.14,23.48,75.94,1.55,80,0.0,0.0,0,-0.7678804460366002,0.640593178698175,0.0
2014-11-12,0.0,27.23,32.52,22.14,71.83,1.6,80,0.0,0.0,0,-0.7567706633464628,0.6536804747720056,0.0
2014-11-13,0.0,26.94,32.48,23.12,75.98,2.23,80,0.0,0.0,0,-0.7454378568682999,0.6665751282095634,0.0
2014-11-14,3.96,26.04,30.84,22.39,78.06,2.35,80,0.0,3.96000000000003,0,-0.7338853664321989,0.6792733388972934,0.0
2014-11-15,9.05,24.49,27.29,22.41,87.08,2.08,80,0.0,13.01000000000003,0,-0.7221165966101161,0.6917713646142221,0.0
2014-11-16,5.65,24.99,28.89,22.52,83.16,1.76,80,0.0,18.660000000000032,0,-0.7101350157125358,0.7040655221348057,0.0
2014-11-17,0.68,25.55,30.32,21.78,76.73,2.05,80,0.0,19.340000000000032,0,-0.6979441547663436,0.7161521883143933,0.0
2014-11-18,0.03,26.73,32.0,21.92,74.01,1.69,80,0.0,19.37000000000003,0,-0.6855476064742156,0.7280278011569846,0.0
2014-11-19,0.0,26.56,32.18,22.1,71.27,2.03,80,0.0,15.41000000000003,0,-0.6729490241558331,0.7396888608649665,0.0
2014-11-20,0.0,25.2,31.53,20.7,66.48,2.2,80,0.0,6.360000000000029,0,-0.6601521206712321,0.7511319308705195,0.0
2014-11-21,0.0,24.93,31.6,18.85,61.83,1.52,80,0.0,0.7100000000000285,0,-0.6471606673266065,0.7623536388483899,0.0
2014-11-22,0.0,24.39,31.49,18.27,63.54,1.51,80,0.0,0.03000000000002842,0,-0.6339784927628872,0.7733506777097294,0.0
2014-11-23,0.0,24.76,31.38,18.94,66.58,1.47,80,0.0,0.0,0,-0.6206094818274227,0.7841198065767104,0.0
2014-11-24,0.0,24.47,31.31,18.7,63.03,2.51,80,0.0,0.0,0,-0.607057574429101,0.7946578517376245,0.0
2014-11-25,0.0,24.49,31.26,18.45,57.59,2.31,80,0.0,0.0,0,-0.5933267643772321,0.8049617075821959,0.0
2014-11-26,0.0,23.91,31.46,17.3,57.08,1.98,80,0.0,0.0,0,-0.5794210982045647,0.8150283375168107,0.0
2014-11-27,0.0,23.84,31.74,16.75,55.21,1.45,80,0.0,0.0,0,-0.5653446739747432,0.8248547748594242,0.0
2014-11-28,0.0,23.55,31.92,16.51,55.91,1.84,80,0.0,0.0,0,-0.5511016400745998,0.8344381237138475,0.0
2014-11-29,0.0,23.76,31.96,16.92,55.04,1.51,80,0.0,0.0,0,-0.5366961939916011,0.8437755598231853,0.0
2014-11-30,0.0,23.88,31.58,16.91,54.26,1.96,80,0.0,0.0,0,-0.5221325810768248,0.8528643314021598,0.0
2014-12-01,0.0,23.54,31.3,17.31,54.95,2.51,80,0.0,0.0,0,-0.5074150932938463,0.8617017599480677,0.0
2014-12-02,0.0,24.66,32.39,17.78,52.95,2.34,80,0.0,0.0,0,-0.4925480679538645,0.8702852410301551,0.0
2014-12-03,0.0,24.98,32.77,18.44,57.08,1.64,80,0.0,0.0,0,-0.47753588643748845,0.8786122450571482,0.0
2014-12-04,0.0,24.88,32.86,18.79,57.56,1.96,80,0.0,0.0,0,-0.4623829729035152,0.8866803180227398,0.0
2014-12-05,0.0,24.92,32.9,18.2,51.21,2.03,80,0.0,0.0,0,-0.44709379298511437,0.8944870822287954,0.0
2014-12-06,0.0,24.02,32.72,16.73,50.87,2.47,80,0.0,0.0,0,-0.43167285247378356,0.9020302369860709,0.0
2014-12-07,0.0,23.99,32.64,16.92,51.26,2.27,80,0.0,0.0,0,-0.4161246959914751,0.9093075592922355,0.0
2014-12-08,0.0,24.35,32.94,17.2,50.29,2.09,80,0.0,0.0,0,-0.4004539056512665,0.9163169044870048,0.0
2014-12-09,0.0,25.02,33.75,18.33,53.87,1.53,80,0.0,0.0,0,-0.3846650997070013,0.923056206884176,0.0
2014-12-10,0.0,25.28,33.52,19.1,58.97,1.56,80,0.0,0.0,0,-0.3687629311922604,0.9295234803804002,0.0
2014-12-11,0.06,25.96,32.98,20.9,66.5,1.86,80,0.0,0.06000000000002842,0,-0.3527520865490943,0.9357168190404939,0.0
2014-12-12,15.9,25.67,30.24,21.78,78.92,1.5,80,0.1535232383808095,15.96000000000003,0,-0.3366372842469107,0.9416343976591258,0.0
2014-12-13,2.77,24.77,29.06,21.37,77.61,1.48,80,0.0,18.73000000000003,0,-0.3204232733919109,0.947274472298717,0.0
2014-12-14,0.0,21.84,28.8,15.17,60.98,1.97,80,0.0,18.73000000000003,0,-0.30411483232751857,0.9526353808033823,0.0
2014-12-15,0.0,19.64,29.16,11.9,47.98,2.34,80,0.0,18.73000000000003,0,-0.28771676722616696,0.9577155432887803,0.0
2014-12-16,0.0,21.78,31.08,13.94,50.99,3.31,80,0.0,18.67000000000003,0,-0.27123391067291097,0.9625134626077079,0.0
2014-12-17,0.0,21.12,29.94,14.43,46.4,3.47,80,0.0,2.7700000000000284,0,-0.25467112024122895,0.9670277247913203,0.0
2014-12-18,0.0,20.86,29.66,13.5,46.16,3.34,80,0.0,0.0,0,-0.23803327706148678,0.9712569994658311,0.0
2014-12-19,0.0,21.89,30.07,15.24,44.29,3.19,80,0.0,0.0,0,-0.22132528438243296,0.9752000402445824,0.0
2014-12-20,0.0,22.09,30.12,16.08,48.47,2.62,80,0.0,0.0,0,-0.2045520661262005,0.9788556850953579,0.0
2014-12-21,0.0,22.41,31.36,14.88,45.56,2.15,80,0.0,0.0,0,-0.1877185654371994,0.9822228566828405,0.0
2014-12-22,0.0,22.11,31.31,14.8,45.38,2.04,80,0.0,0.0,0,-0.17082974322534408,0.985300562686109,0.0
2014-12-23,0.0,21.74,31.18,14.6,51.98,1.63,80,0.0,0.0,0,-0.1538905767040627,0.9880878960910771,0.0
2014-12-24,0.0,22.45,31.86,15.24,51.96,1.35,80,0.0,0.0,0,-0.1369060579234754,0.9905840354577969,0.0
2014-12-25,0.0,22.7,31.99,15.39,54.65,1.54,80,0.0,0.0,0,-0.1198811922992275,0.99278824516254,0.0
2014-12-26,0.0,22.84,31.21,16.47,54.44,2.18,80,0.0,0.0,0,-0.1028209971373608,0.9946998756145891,0.0
2014-12-27,0.0,22.07,30.46,15.59,45.46,3.03,80,0.0,0.0,0,-0.08573050015569487,0.9963183634476755,0.0
2014-12-28,0.0,21.65,30.05,14.48,46.28,2.62,80,0.0,0.0,0,-0.06861473800213468,0.9976432316860063,0.0
2014-12-29,0.0,21.6,30.85,14.33,51.2,2.23,80,0.0,0.0,0,-0.05147875477034641,0.9986740898848305,0.0
2014-12-30,0.0,22.19,29.41,16.31,62.52,1.6,80,0.0,0.0,0,-0.034327600513243496,0.9994106342455052,0.0
2014-12-31,0.03,22.05,27.4,18.36,69.91,1.43,80,0.0,0.03000000000002842,0,-0.017166329754707492,0.9998526477050269,0.0
2015-01-01,0.1,21.87,27.83,17.52,63.54,1.34,80,0.0,0.13000000000002843,0,0.01716632975470737,0.9998526477050269,0.0
2015-01-02,0.01,21.64,28.01,16.4,69.24,1.66,80,0.0,0.14000000000002844,0,0.034327600513243496,0.9994106342455052,0.0
2015-01-03,0.02,21.8,28.1,16.99,70.91,1.54,80,0.0,0.16000000000002843,0,0.05147875477034653,0.9986740898848305,0.0
2015-01-04,0.0,23.61,31.33,16.68,64.48,2.14,80,0.0,0.16000000000002843,0,0.06861473800213404,0.9976432316860063,0.0
2015-01-05,0.0,23.87,31.79,17.9,57.58,2.86,80,0.0,0.13000000000002843,0,0.08573050015569435,0.9963183634476755,0.0
2015-01-06,0.0,23.31,32.08,17.14,56.39,1.89,80,0.0,0.03000000000002842,0,0.1028209971373604,0.9946998756145891,0.0
2015-01-07,0.0,21.99,31.08,15.53,48.82,1.67,80,0.0,0.02000000000002842,0,0.11988119229922722,0.99278824516254,0.0
2015-01-08,0.0,21.65,31.5,13.98,44.4,2.08,80,0.0,0.0,0,0.13690605792347524,0.990584035457797,0.0
2015-01-09,0.0,22.22,32.09,14.29,45.31,2.51,80,0.0,0.0,0,0.15389057670406178,0.9880878960910772,0.0
2015-01-10,0.0,22.16,32.37,14.45,42.27,2.73,80,0.0,0.0,0,0.17082974322534417,0.985300562686109,0.0
2015-01-11,0.0,22.21,32.77,14.34,40.19,2.58,80,0.0,0.0,0,0.1877185654371987,0.9822228566828407,0.0
2015-01-12,0.0,22.31,32.96,14.03,41.28,2.32,80,0.0,0.0,0,0.2045520661262008,0.9788556850953578,0.0
2015-01-13,0.0,21.89,32.45,14.37,44.07,2.41,80,0.0,0.0,0,0.22132528438243257,0.9752000402445825,0.0
2015-01-14,0.0,22.01,32.08,14.67,46.79,1.72,80,0.0,0.0,0,0.2380332770614856,0.9712569994658314,0.0
2015-01-15,0.0,21.9,32.14,13.88,46.51,2.09,80,0.0,0.0,0,0.2546711202412287,0.9670277247913204,0.0
2015-01-16,0.0,22.45,32.35,15.32,47.91,2.17,80,0.0,0.0,0,0.27123391067291003,0.9625134626077081,0.0
2015-01-17,0.0,22.91,32.75,15.59,45.76,2.13,80,0.0,0.0,0,0.287716767226167,0.9577155432887803,0.0
2015-01-18,0.0,22.97,32.66,15.75,47.38,2.09,80,0.0,0.0,0,0.30411483232751785,0.9526353808033825,0.0
2015-01-19,0.0,23.37,32.58,16.32,50.37,1.72,80,0.0,0.0,0,0.3204232733919111,0.9472744722987169,0.0
2015-01-20,0.0,22.8,29.6,17.24,62.36,1.68,80,0.0,0.0,0,0.33663728424691025,0.9416343976591259,0.0
2015-01-21,0.0,22.95,31.6,16.06,59.3,1.8,80,0.0,0.0,0,0.3527520865490948,0.9357168190404936,0.0
2015-01-22,0.32,22.82,29.96,17.21,70.74,2.01,80,0.0,0.32000000000002843,0,0.3687629311922601,0.9295234803804003,0.0
2015-01-23,0.0,23.08,31.23,16.51,65.43,2.24,80,0.0,0.32000000000002843,0,0.3846650997070012,0.9230562068841761,0.0
2015-01-24,0.04,23.86,32.42,17.61,58.52,1.81,80,0.0,0.3600000000000284,0,0.40045390565126643,0.9163169044870048,0.0
2015-01-25,0.37,24.2,31.31,19.62,58.44,1.61,80,0.0,0.7300000000000284,0,0.41612469599147445,0.9093075592922358,0.0
2015-01-26,0.0,22.79,30.29,17.44,63.29,2.19,80,0.0,0.7300000000000284,0,0.43167285247378384,0.9020302369860707,0.0
2015-01-27,0.0,22.37,30.9,16.05,50.45,2.38,80,0.0,0.4100000000000284,0,0.44709379298511387,0.8944870822287956,0.0
2015-01-28,0.0,22.79,32.58,15.57,53.47,1.84,80,0.0,0.4100000000000284,0,0.4623829729035149,0.88668031802274,0.0
2015-01-29,0.0,24.11,33.04,17.14,54.87,1.53,80,0.0,0.3700000000000284,0,0.47753588643748823,0.8786122450571483,0.0
2015-01-30,0.0,25.46,34.67,17.75,47.17,2.62,80,0.0,0.0,0,0.4925480679538643,0.8702852410301553,0.0
2015-01-31,0.0,25.92,35.25,18.74,39.31,2.95,80,0.0,0.0,0,0.5074150932938455,0.8617017599480682,0.0
2015-02-01,0.0,24.84,33.92,18.08,42.04,1.88,80,0.0,0.0,0,0.5221325810768248,0.8528643314021597,0.0
2015-02-02,0.0,24.5,34.32,17.06,47.57,1.93,80,0.0,0.0,0,0.5366961939916004,0.8437755598231856,0.0
2015-02-03,0.0,25.65,35.46,18.13,42.05,1.86,80,0.0,0.0,0,0.5511016400746002,0.8344381237138473,0.0
2015-02-04,0.0,26.36,35.69,19.18,39.26,1.99,80,0.0,0.0,0,0.5653446739747429,0.8248547748594244,0.0
2015-02-05,0.0,26.03,35.45,19.02,37.0,2.15,80,0.0,0.0,0,0.5794210982045637,0.8150283375168114,0.0
2015-02-06,0.01,25.5,34.56,18.85,41.43,2.18,80,0.0,0.010000000000028422,0,0.593326764377232,0.8049617075821959,0.0
2015-02-07,0.0,25.03,34.27,18.3,47.95,1.86,80,0.0,0.010000000000028422,0,0.6070575744291002,0.7946578517376252,0.0
2015-02-08,0.0,23.63,31.59,17.45,49.65,2.06,80,0.0,0.010000000000028422,0,0.6206094818274227,0.7841198065767105,0.0
2015-02-09,0.0,24.68,34.79,16.51,36.79,2.48,80,0.0,0.010000000000028422,0,0.6339784927628866,0.7733506777097299,0.0
2015-02-10,0.01,25.94,34.99,19.35,47.67,2.75,80,0.0,0.020000000000028422,0,0.647160667326606,0.7623536388483904,0.0
2015-02-11,0.03,25.83,34.54,19.2,48.71,1.79,80,0.0,0.04000000000002842,0,0.6601521206712317,0.7511319308705199,0.0
2015-02-12,0.0,25.62,35.0,18.28,41.17,2.16,80,0.0,0.04000000000002842,0,0.6729490241558329,0.7396888608649669,0.0
2015-02-13,0.0,26.17,36.19,18.92,33.99,2.29,80,0.0,0.04000000000002842,0,0.6855476064742154,0.7280278011569848,0.0
2015-02-14,0.0,25.85,35.61,18.5,33.73,1.92,80,0.0,0.04000000000002842,0,0.6979441547663435,0.7161521883143933,0.0
2015-02-15,0.0,25.92,35.36,19.07,38.81,1.97,80,0.0,0.03000000000002842,0,0.7101350157125358,0.7040655221348057,0.0
2015-02-16,0.0,26.61,37.74,18.42,43.49,2.15,80,0.0,0.0,0,0.7221165966101162,0.691771364614222,0.0
2015-02-17,0.0,26.6,36.83,19.43,38.74,2.2,80,0.0,0.0,0,0.733885366432199,0.6792733388972931,0.0
2015-02-18,0.0,25.42,34.53,18.21,51.38,1.94,80,0.0,0.0,0,0.7454378568683001,0.6665751282095632,0.0
2015-02-19,0.0,25.99,35.9,18.38,54.73,1.86,80,0.0,0.0,0,0.7567706633464625,0.653680474772006,0.0
2015-02-20,0.0,26.4,36.58,18.24,44.84,2.3,80,0.0,0.0,0,0.7678804460366,0.6405931786981751,0.0
2015-02-21,0.0,28.81,38.67,20.37,26.17,2.49,80,0.0,0.0,0,0.7787639308347607,0.6273170968742937,0.0
2015-02-22,0.0,29.42,39.02,22.41,31.94,2.25,80,0.0,0.0,0,0.7894179103280197,0.613856141822612,0.0
2015-02-23,0.0,28.38,38.45,20.86,36.36,2.48,80,0.0,0.0,0,0.7998392447397193,0.6002142805483682,0.0
2015-02-24,0.0,27.67,36.87,21.01,44.97,1.81,80,0.0,0.0,0,0.8100248628547753,0.5863955333706956,0.0
2015-02-25,0.0,26.17,35.32,20.21,57.32,2.47,80,0.0,0.0,0,0.8199717629247771,0.5724039727378148,0.0
2015-02-26,0.0,24.86,33.17,19.05,52.47,2.41,80,0.0,0.0,0,0.8296770135526188,0.5582437220268648,0.0
2015-02-27,0.0,24.56,32.81,18.17,50.67,2.02,80,0.0,0.0,0,0.8391377545563938,0.5439189543287247,0.0
2015-02-28,1.74,24.79,31.87,19.55,55.15,2.33,80,0.0,1.7400000000000284,0,0.8483511978123038,0.5294338912181853,0.0
2015-03-01,40.68,22.17,25.52,19.8,79.43,2.9,80,8.557940533449932,42.42000000000003,0,0.8573146280763322,0.5147928015098309,0.0
2015-03-02,0.23,23.18,28.06,19.12,65.27,2.75,86,0.0,42.65000000000003,0,0.8660254037844386,0.5000000000000001,0.0
2015-03-03,0.0,21.5,28.24,16.2,58.64,2.15,86,0.0,42.65000000000003,0,0.8744809578310397,0.4850598461951962,0.0
2015-03-04,0.0,21.58,30.25,14.11,54.67,2.06,86,0.0,42.65000000000003,0,0.8826787983255474,0.46997674302731995,0.0
2015-03-05,0.0,23.2,33.53,14.9,54.4,1.92,86,0.0,40.910000000000025,0,0.8906165093267404,0.4547551355561058,0.0
2015-03-06,0.0,25.04,35.93,16.49,48.19,2.33,86,0.0,0.23000000000002843,0,0.8982917515547528,0.4393995096591417,0.0
2015-03-07,0.0,26.01,35.79,18.29,42.11,2.49,80,0.0,0.0,0,0.9057022630804714,0.42391439070986076,0.0
2015-03-08,0.0,25.47,34.69,18.71,50.52,2.26,80,0.0,0.0,0,0.9128458599921356,0.40830434224389334,0.0
2015-03-09,0.0,26.35,36.48,18.1,51.9,1.96,80,0.0,0.0,0,0.9197204370389467,0.3925739646141717,0.0
2015-03-10,0.26,28.34,37.61,21.46,56.29,2.55,80,0.0,0.26000000000002843,0,0.926323968251495,0.3767278936351851,0.0
2015-03-11,0.18,28.81,36.34,22.46,54.17,1.74,80,0.0,0.4400000000000284,0,0.9326545075388224,0.36077079921678346,0.0
2015-03-12,0.0,29.87,38.32,24.36,44.84,2.47,80,0.0,0.4400000000000284,0,0.9387101892619443,0.3447073839879338,0.0
2015-03-13,0.77,28.96,38.1,21.71,49.4,2.31,80,0.0,1.2100000000000284,0,0.9444892287836613,0.32854238191083485,0.0
2015-03-14,2.05,28.63,35.04,24.54,55.09,2.08,80,0.0,3.260000000000028,0,0.949989922994501,0.3122805568857947,0.0
2015-03-15,1.24,26.61,33.2,22.42,64.82,1.88,80,0.0,4.240000000000029,0,0.9552106508146316,0.2959267013472893,0.0
2015-03-16,0.07,25.53,32.67,20.71,64.53,2.27,80,0.0,4.130000000000027,0,0.9601498736716018,0.2794856348516095,0.0
2015-03-17,0.0,25.93,36.02,17.63,45.05,2.53,80,0.0,4.130000000000027,0,0.9648061359537645,0.2629622026565149,0.0
2015-03-18,0.0,27.9,38.26,19.26,37.19,2.33,80,0.0,3.3600000000000283,0,0.9691780654392536,0.2463612742933148,0.0
2015-03-19,0.02,29.91,40.32,21.57,41.02,2.71,80,0.0,1.3300000000000285,0,0.9732643737003824,0.22968774213179574,0.0
2015-03-20,0.03,31.0,40.89,22.94,37.87,2.27,80,0.0,0.12000000000002843,0,0.9770638564833508,0.21294651993841582,0.0
2015-03-21,0.19,31.39,40.47,24.81,39.88,1.99,80,0.0,0.2400000000000284,0,0.9805753940631429,0.19614254142819698,0.0
2015-03-22,0.23,31.51,41.14,24.74,40.81,1.96,80,0.0,0.4700000000000284,0,0.9837979515735163,0.17928075881073577,0.0
2015-03-23,0.12,31.31,40.01,25.62,40.13,1.66,80,0.0,0.5900000000000284,0,0.9867305793119814,0.162366141330764,0.0
2015-03-24,0.09,31.2,41.11,24.28,47.22,2.0,80,0.0,0.6600000000000283,0,0.989372413019683,0.14540367380368976,0.0
2015-03-25,0.07,32.92,43.45,24.6,39.01,1.94,80,0.0,0.7000000000000284,0,0.9917226741361015,0.12839835514655099,0.0
2015-03-26,0.11,31.64,40.97,26.02,50.84,1.83,80,0.0,0.6200000000000284,0,0.9937806700284985,0.11135519690480875,0.0
2015-03-27,0.48,31.73,41.05,25.31,53.02,1.87,80,0.0,0.8700000000000284,0,0.9955457941960382,0.09427922177542453,0.0
2015-03-28,0.19,31.13,39.92,25.44,52.18,1.74,80,0.0,0.9400000000000284,0,0.9970175264485267,0.07717546212664653,0.0
2015-03-29,2.5,30.23,36.82,26.09,52.78,1.7,80,0.0,3.350000000000028,0,0.998195433059714,0.0600489585149486,0.0
2015-03-30,0.75,30.79,38.82,24.96,44.29,2.64,80,0.0,4.030000000000028,0,0.9990791668951153,0.042904758199554374,0.0
2015-03-31,0.0,29.12,37.78,22.23,45.49,2.54,80,0.0,3.920000000000028,0,0.999668467514313,0.025747913654988658,0.0
2015-04-01,0.0,28.77,38.4,21.2,45.14,1.94,80,0.0,3.440000000000028,0,0.9999631612477099,0.008583481082087055,0.0
2015-04-02,0.0,28.14,37.45,20.8,56.26,2.26,80,0.0,3.250000000000028,0,0.9999631612477099,-0.008583481082086933,0.0
2015-04-03,0.0,28.24,36.57,22.27,56.92,2.58,80,0.0,0.750000000000028,0,0.9996684675143132,-0.025747913654988314,0.0
2015-04-04,0.0,27.88,36.18,21.4,56.9,2.44,80,0.0,0.0,0,0.9990791668951153,-0.04290475819955447,0.0
2015-04-05,0.03,28.13,36.02,21.77,64.94,2.26,80,0.0,0.030000000000027977,0,0.998195433059714,-0.06004895851494825,0.0
2015-04-06,0.0,27.9,36.83,21.66,61.17,2.04,80,0.0,0.030000000000027977,0,0.9970175264485267,-0.07717546212664618,0.0
2015-04-07,0.01,28.06,36.84,21.74,60.59,1.95,80,0.0,0.04000000000002798,0,0.9955457941960382,-0.0942792217754244,0.0
2015-04-08,0.0,29.19,37.45,23.22,58.15,1.91,80,0.0,0.04000000000002798,0,0.9937806700284985,-0.11135519690480862,0.0
2015-04-09,0.03,29.83,37.92,24.62,57.9,1.94,80,0.0,0.07000000000002798,0,0.9917226741361015,-0.12839835514655107,0.0
2015-04-10,0.17,29.6,37.01,25.05,63.19,2.23,80,0.0,0.210000000000028,0,0.9893724130196829,-0.14540367380368988,0.0
2015-04-11,0.23,29.01,36.02,24.39,61.96,2.27,80,0.0,0.44000000000002804,0,0.9867305793119814,-0.16236614133076366,0.0
2015-04-12,0.12,28.92,36.22,24.28,55.01,1.94,80,0.0,0.550000000000028,0,0.9837979515735163,-0.17928075881073566,0.0
2015-04-13,0.55,28.06,35.01,22.77,57.79,1.88,80,0.0,1.100000000000028,0,0.980575394063143,-0.19614254142819687,0.0
2015-04-14,0.14,28.42,35.69,21.61,56.52,2.11,80,0.0,1.210000000000028,0,0.9770638564833507,-0.21294651993841593,0.0
2015-04-15,0.04,30.36,37.78,24.11,50.91,2.14,80,0.0,1.080000000000028,0,0.9732643737003824,-0.22968774213179563,0.0
2015-04-16,0.02,31.64,39.35,25.52,48.06,2.04,80,0.0,0.8700000000000281,0,0.9691780654392537,-0.2463612742933147,0.0
2015-04-17,0.07,31.59,39.29,25.94,54.81,2.32,80,0.0,0.820000000000028,0,0.9648061359537646,-0.26296220265651454,0.0
2015-04-18,0.02,31.99,40.1,25.49,53.12,1.84,80,0.0,0.290000000000028,0,0.9601498736716018,-0.2794856348516094,0.0
2015-04-19,0.01,32.56,41.17,25.7,47.12,1.98,80,0.0,0.16000000000002798,0,0.9552106508146317,-0.2959267013472892,0.0
2015-04-20,0.04,32.95,42.22,26.74,50.24,2.02,80,0.0,0.16000000000002798,0,0.949989922994501,-0.31228055688579476,0.0
2015-04-21,0.1,32.28,40.09,26.86,55.76,2.49,80,0.0,0.240000000000028,0,0.9444892287836613,-0.32854238191083474,0.0
2015-04-22,0.07,31.47,38.6,27.18,58.05,2.81,80,0.0,0.240000000000028,0,0.9387101892619443,-0.3447073839879337,0.0
2015-04-23,0.03,31.18,38.96,25.21,56.15,2.39,80,0.0,0.250000000000028,0,0.9326545075388225,-0.3607707992167831,0.0
2015-04-24,0.01,30.98,39.12,24.75,51.92,2.3,80,0.0,0.250000000000028,0,0.926323968251495,-0.376727893635185,0.0
2015-04-25,0.01,30.25,38.29,24.14,54.65,2.04,80,0.0,0.22000000000002798,0,0.9197204370389467,-0.39257396461417177,0.0
2015-04-26,0.0,30.27,38.54,24.44,56.84,2.26,80,0.0,0.12000000000002799,0,0.9128458599921355,-0.40830434224389345,0.0
2015-04-27,0.02,31.21,39.87,25.46,57.27,2.13,80,0.0,0.07000000000002798,0,0.9057022630804715,-0.42391439070986064,0.0
2015-04-28,0.04,31.34,39.28,25.79,57.43,2.4,80,0.0,0.08000000000002798,0,0.898291751554753,-0.43939950965914143,0.0
2015-04-29,0.04,31.19,39.45,25.85,60.78,2.22,80,0.0,0.11000000000002799,0,0.8906165093267405,-0.4547551355561055,0.0
2015-04-30,0.02,30.69,38.79,25.47,61.2,2.15,80,0.0,0.12000000000002797,0,0.8826787983255476,-0.4699767430273197,0.0
2015-05-01,0.3,30.25,37.41,25.48,63.29,2.01,80,0.0,0.42000000000002796,0,0.8744809578310397,-0.4850598461951961,0.0
2015-05-02,0.33,30.76,40.08,24.16,61.57,2.02,80,0.0,0.730000000000028,0,0.8660254037844387,-0.4999999999999998,0.0
2015-05-03,0.44,30.84,38.87,25.4,58.44,2.06,80,0.0,1.1300000000000279,0,0.8573146280763323,-0.5147928015098308,0.0
2015-05-04,0.29,31.06,39.69,24.85,57.98,1.91,80,0.0,1.3800000000000279,0,0.848351197812304,-0.5294338912181852,0.0
2015-05-05,1.0,31.83,40.03,25.73,54.49,2.14,80,0.0,2.360000000000028,0,0.8391377545563939,-0.5439189543287246,0.0
2015-05-06,0.71,32.75,40.4,27.3,47.37,2.05,80,0.0,2.770000000000028,0,0.8296770135526188,-0.5582437220268649,0.0
2015-05-07,0.09,32.39,40.33,26.04,50.57,2.45,80,0.0,2.530000000000028,0,0.8199717629247771,-0.5724039727378148,0.0
2015-05-08,0.31,32.17,40.13,26.38,55.0,2.61,80,0.0,2.400000000000028,0,0.8100248628547753,-0.5863955333706956,0.0
2015-05-09,0.46,32.36,39.73,26.69,54.27,3.01,80,0.0,2.570000000000028,0,0.7998392447397195,-0.6002142805483681,0.0
2015-05-10,0.38,32.11,39.99,26.13,52.51,2.5,80,0.0,1.950000000000028,0,0.7894179103280199,-0.6138561418226116,0.0
2015-05-11,0.73,32.14,40.02,26.38,56.33,2.75,80,0.0,1.970000000000028,0,0.7787639308347607,-0.6273170968742938,0.0
2015-05-12,1.25,31.43,38.63,26.68,59.77,2.32,80,0.0,3.130000000000028,0,0.7678804460366001,-0.6405931786981751,0.0
2015-05-13,14.22,30.28,36.09,26.55,64.9,1.9,80,0.0355336819440172,17.040000000000028,0,0.7567706633464627,-0.6536804747720057,0.0
2015-05-14,8.28,31.18,37.9,26.5,63.41,1.84,80,0.0,24.860000000000028,0,0.7454378568683001,-0.6665751282095632,0.0
2015-05-15,1.88,31.86,38.81,26.65,62.32,1.7,80,0.0,26.360000000000028,0,0.7338853664321991,-0.6792733388972931,0.0
2015-05-16,0.82,32.33,39.22,27.22,61.49,1.86,80,0.0,26.450000000000028,0,0.722116596610116,-0.6917713646142222,0.0
2015-05-17,0.08,31.13,37.21,27.52,66.31,1.85,80,0.0,25.28000000000003,0,0.7101350157125357,-0.7040655221348058,0.0
2015-05-18,0.02,31.37,38.14,26.98,64.23,2.41,80,0.0,11.080000000000028,0,0.6979441547663435,-0.7161521883143933,0.0
2015-05-19,0.02,30.62,36.4,26.44,66.16,2.73,80,0.0,2.8200000000000283,0,0.6855476064742155,-0.7280278011569847,0.0
2015-05-20,0.07,30.93,37.41,26.68,64.05,2.83,80,0.0,1.0100000000000284,0,0.672949024155833,-0.7396888608649667,0.0
2015-05-21,0.02,30.8,36.82,26.94,65.41,3.03,80,0.0,0.21000000000002841,0,0.660152120671232,-0.7511319308705197,0.0
2015-05-22,0.01,30.64,35.48,27.48,66.62,2.81,80,0.0,0.14000000000002844,0,0.647160667326606,-0.7623536388483902,0.0
2015-05-23,0.01,30.68,34.99,27.83,68.4,2.97,80,0.0,0.13000000000002843,0,0.6339784927628868,-0.7733506777097298,0.0
2015-05-24,0.01,31.26,36.59,27.89,66.24,3.36,80,0.0,0.12000000000002843,0,0.620609481827423,-0.7841198065767103,0.0
2015-05-25,0.0,30.73,35.22,27.8,68.8,3.38,80,0.0,0.050000000000028424,0,0.6070575744291006,-0.7946578517376249,0.0
2015-05-26,0.09,31.09,36.79,27.29,65.11,3.23,80,0.0,0.12000000000002842,0,0.593326764377232,-0.8049617075821959,0.0
2015-05-27,0.18,31.5,37.84,27.13,63.71,3.21,80,0.0,0.2900000000000284,0,0.5794210982045638,-0.8150283375168113,0.0
2015-05-28,0.2,31.69,38.57,27.33,64.5,3.28,80,0.0,0.4800000000000284,0,0.5653446739747428,-0.8248547748594245,0.0
2015-05-29,0.31,31.63,38.14,27.43,64.85,2.91,80,0.0,0.7800000000000284,0,0.5511016400746,-0.8344381237138473,0.0
2015-05-30,0.7,31.41,36.64,28.01,63.81,2.65,80,0.0,1.4800000000000284,0,0.5366961939916005,-0.8437755598231856,0.0
2015-05-31,0.52,32.29,39.16,27.04,57.97,2.79,80,0.0,1.9100000000000283,0,0.522132581076825,-0.8528643314021596,0.0
2015-06-01,0.87,30.79,36.3,27.3,64.32,3.3,80,0.0,2.6000000000000285,0,0.5074150932938458,-0.861701759948068,0.0
2015-06-02,0.49,30.83,36.46,26.95,63.76,3.21,80,0.0,2.8900000000000285,0,0.4925480679538644,-0.8702852410301553,0.0
2015-06-03,0.41,31.23,37.65,26.84,60.48,2.44,80,0.0,2.9900000000000286,0,0.47753588643748834,-0.8786122450571482,0.0
2015-06-04,3.11,31.54,37.51,27.25,59.94,2.47,80,0.0,5.400000000000029,0,0.4623829729035151,-0.8866803180227399,0.0
2015-06-05,5.92,29.87,34.05,27.33,69.41,1.63,80,0.0,10.80000000000003,0,0.44709379298511426,-0.8944870822287954,0.0
2015-06-06,2.0,30.19,34.66,27.12,70.4,1.61,80,0.0,11.930000000000028,0,0.43167285247378384,-0.9020302369860707,0.0
2015-06-07,16.51,29.85,33.49,27.38,74.87,2.45,80,0.2156603773584906,27.95000000000003,0,0.4161246959914746,-0.9093075592922357,0.0
2015-06-08,9.52,29.59,34.42,26.2,75.22,3.7,80,0.0,37.06000000000003,0,0.4004539056512664,-0.9163169044870048,0.0
2015-06-09,8.71,29.01,32.98,26.15,77.03,3.34,86,0.004637688905845852,42.660000000000025,0,0.3846650997070012,-0.923056206884176,0.0
2015-06-10,5.96,28.87,32.16,26.47,79.12,3.21,86,0.0,42.700000000000024,0,0.3687629311922603,-0.9295234803804002,1.0
2015-06-11,37.67,29.12,32.74,26.58,80.22,3.01,86,12.217456389376672,78.37000000000003,1,0.352752086549095,-0.9357168190404935,1.0
2015-06-12,31.02,27.83,29.42,26.86,86.02,3.06,92,14.534917004377098,92.88000000000002,1,0.3366372842469106,-0.9416343976591258,0.0
2015-06-13,20.74,27.63,30.15,26.08,84.04,3.83,92,6.936489729145522,104.10000000000002,0,0.3204232733919116,-0.9472744722987168,0.0
2015-06-14,23.62,27.08,29.45,25.11,83.66,3.21,92,8.930590060149674,119.01000000000002,0,0.30411483232751846,-0.9526353808033824,0.0
2015-06-15,9.26,27.76,31.5,24.84,77.34,2.77,92,0.8708220422385923,122.31000000000003,0,0.2877167672261668,-0.9577155432887804,0.0
2015-06-16,12.47,28.01,32.42,25.24,77.04,3.13,92,2.1514745265096287,97.11000000000003,0,0.27123391067291,-0.9625134626077081,0.0
2015-06-17,16.82,27.47,30.74,25.02,80.23,4.09,92,4.460035998943272,82.91000000000003,0,0.2546711202412288,-0.9670277247913204,1.0
2015-06-18,117.92,27.49,29.82,25.73,86.2,4.63,92,95.01352231687756,180.09000000000003,1,0.2380332770614858,-0.9712569994658313,1.0
2015-06-19,83.8,27.63,29.94,26.31,87.14,5.14,92,62.10333659976078,240.27000000000004,1,0.22132528438243243,-0.9752000402445825,1.0
2015-06-20,62.38,27.15,28.41,25.78,92.25,6.04,92,41.96979705862767,293.39000000000004,1,0.2045520661262008,-0.9788556850953578,1.0
2015-06-21,132.4,27.08,28.98,25.69,91.37,5.89,92,109.1463689177546,413.32000000000005,1,0.18771856543719884,-0.9822228566828406,1.0
2015-06-22,73.43,26.9,27.89,26.23,92.13,6.47,92,52.280602521141105,469.93000000000006,1,0.17082974322534442,-0.985300562686109,1.0
2015-06-23,75.64,27.06,28.25,25.96,90.61,8.27,92,54.363772648557266,427.6500000000001,1,0.15389057670406214,-0.9880878960910771,1.0
2015-06-24,29.42,26.99,28.45,25.61,90.4,6.46,92,13.275349617308132,373.2700000000001,1,0.13690605792347574,-0.9905840354577969,0.0
2015-06-25,16.02,27.45,29.56,25.99,88.56,6.13,92,3.9959117215003217,326.9100000000001,0,0.11988119229922782,-0.9927882451625399,0.0
2015-06-26,1.44,27.31,29.8,25.86,87.83,5.51,92,0.0,195.95000000000005,0,0.10282099713736025,-0.9946998756145891,0.0
2015-06-27,0.38,27.29,30.1,25.44,86.94,4.34,92,0.0,122.90000000000003,0,0.0857305001556943,-0.9963183634476755,0.0
2015-06-28,0.85,27.21,30.12,25.13,86.8,3.54,92,0.0,48.11000000000003,0,0.0686147380021341,-0.9976432316860063,0.0
2015-06-29,2.01,27.18,30.17,24.88,86.34,3.19,86,0.0,20.700000000000028,0,0.05147875477034673,-0.9986740898848305,0.0
2015-06-30,3.08,27.1,30.2,24.83,86.63,2.96,80,0.0,7.760000000000028,0,0.03432760051324382,-0.9994106342455052,0.0
2015-07-01,1.66,27.12,30.36,24.86,86.14,3.0,80,0.0,7.980000000000029,0,0.01716632975470737,-0.9998526477050269,0.0
2015-07-02,0.22,26.83,30.49,24.11,86.46,2.64,80,0.0,7.820000000000028,0,1.2246467991473532e-16,-1.0,0.0
2015-07-03,0.31,27.07,30.48,24.62,85.9,3.24,80,0.0,7.280000000000028,0,-0.017166329754707124,-0.9998526477050269,0.0
2015-07-04,0.37,27.2,30.09,25.27,86.29,3.79,80,0.0,5.640000000000028,0,-0.03432760051324313,-0.9994106342455054,0.0
2015-07-05,0.14,27.4,30.49,25.3,84.54,4.06,80,0.0,2.7000000000000286,0,-0.051478754770346045,-0.9986740898848305,0.0
2015-07-06,0.15,27.33,30.16,25.14,83.92,4.78,80,0.0,1.1900000000000284,0,-0.06861473800213432,-0.9976432316860063,0.0
2015-07-07,1.21,27.32,30.09,25.49,85.63,4.84,80,0.0,2.180000000000028,0,-0.0857305001556945,-0.9963183634476755,0.0
2015-07-08,1.93,27.26,30.21,25.19,85.43,4.21,80,0.0,3.8000000000000282,0,-0.10282099713736044,-0.9946998756145891,0.0
2015-07-09,1.96,27.15,30.0,25.24,86.97,4.09,80,0.0,5.390000000000028,0,-0.11988119229922714,-0.99278824516254,0.0
2015-07-10,1.91,27.23,30.09,25.6,86.07,4.75,80,0.0,7.160000000000029,0,-0.13690605792347504,-0.990584035457797,0.0
2015-07-11,3.9,27.07,29.85,25.27,84.62,4.51,80,0.0,10.910000000000029,0,-0.15389057670406148,-0.9880878960910772,0.0
2015-07-12,1.18,27.36,30.85,25.03,84.36,3.56,80,0.0,10.88000000000003,0,-0.17082974322534417,-0.985300562686109,0.0
2015-07-13,0.67,27.23,30.34,24.71,85.81,2.72,80,0.0,9.620000000000028,0,-0.1877185654371986,-0.9822228566828407,0.0
2015-07-14,0.3,27.4,30.81,24.84,85.26,2.54,80,0.0,7.960000000000028,0,-0.20455206612620058,-0.9788556850953579,0.0
2015-07-15,0.52,27.33,30.6,24.96,84.31,3.39,80,0.0,6.570000000000028,0,-0.22132528438243218,-0.9752000402445826,0.0
2015-07-16,2.2,27.42,30.55,25.17,84.15,4.15,80,0.0,4.8700000000000285,0,-0.23803327706148514,-0.9712569994658315,0.0
2015-07-17,2.51,27.51,30.5,25.38,83.83,4.44,80,0.0,6.200000000000029,0,-0.254671120241229,-0.9670277247913203,0.0
2015-07-18,4.17,27.48,30.51,25.87,84.35,4.53,80,0.0,9.700000000000028,0,-0.2712339106729102,-0.9625134626077081,0.0
2015-07-19,5.97,27.2,29.64,25.73,86.13,4.69,80,0.0,15.370000000000028,0,-0.287716767226167,-0.9577155432887803,0.0
2015-07-20,42.52,26.4,27.75,25.5,90.19,3.76,80,9.52885126446635,57.37000000000003,0,-0.3041148323275178,-0.9526353808033826,1.0
2015-07-21,38.8,26.63,28.09,25.48,90.13,3.95,92,20.93452953227729,93.97000000000003,1,-0.32042327339191096,-0.947274472298717,0.0
2015-07-22,24.98,26.72,28.46,25.65,89.95,3.93,92,9.913837907029725,116.44000000000004,0,-0.3366372842469099,-0.941634397659126,0.0
2015-07-23,18.29,27.18,30.01,25.52,87.95,4.02,92,5.351824218653487,130.56000000000003,0,-0.35275208654909473,-0.9357168190404936,0.0
2015-07-24,22.78,26.41,28.3,25.06,88.86,4.17,92,8.335946166478646,147.37000000000003,0,-0.36876293119226006,-0.9295234803804003,0.0
2015-07-25,16.33,26.38,28.68,24.88,89.44,3.9,92,4.1738841372929825,121.18000000000002,0,-0.38466509970700097,-0.9230562068841761,0.0
2015-07-26,7.38,26.41,28.44,24.95,88.43,4.47,92,0.35038733037410913,89.76000000000003,0,-0.40045390565126615,-0.9163169044870049,0.0
2015-07-27,16.99,26.39,28.36,24.89,87.84,5.66,92,4.560659905066346,81.77000000000002,0,-0.4161246959914748,-0.9093075592922356,1.0
2015-07-28,31.62,26.09,27.89,24.88,88.68,5.45,92,15.012952875219854,95.10000000000002,1,-0.431672852473784,-0.9020302369860707,0.0
2015-07-29,15.04,26.07,28.38,24.71,88.14,4.98,92,3.4497497827011636,87.36000000000003,0,-0.44709379298511404,-0.8944870822287955,0.0
2015-07-30,10.14,26.31,28.72,24.51,87.78,4.47,92,1.1775894382942051,81.17000000000003,0,-0.4623829729035149,-0.88668031802274,0.0
2015-07-31,5.5,26.55,29.06,24.8,87.71,4.08,92,0.0505853941109761,79.29000000000002,0,-0.4775358864374881,-0.8786122450571483,0.0
2015-08-01,3.13,26.61,29.27,24.51,86.72,3.55,92,0.0,65.43000000000002,0,-0.4925480679538642,-0.8702852410301554,0.0
2015-08-02,1.28,26.55,29.45,24.37,86.61,3.32,92,0.0,35.090000000000025,0,-0.5074150932938452,-0.8617017599480683,0.0
2015-08-03,1.21,26.31,29.01,24.35,86.55,3.38,86,0.0,21.26000000000003,0,-0.5221325810768248,-0.8528643314021597,0.0
2015-08-04,2.92,26.2,28.63,24.75,88.56,3.73,80,0.0,14.040000000000028,0,-0.5366961939916004,-0.8437755598231858,0.0
2015-08-05,11.48,26.12,28.23,24.93,89.92,3.62,80,0.0,20.020000000000028,0,-0.5511016400745999,-0.8344381237138474,0.0
2015-08-06,5.93,26.34,28.73,24.47,88.72,3.8,80,0.0,22.82000000000003,0,-0.5653446739747425,-0.8248547748594246,0.0
2015-08-07,3.16,26.72,29.81,24.45,88.08,3.24,80,0.0,24.700000000000028,0,-0.5794210982045637,-0.8150283375168114,0.0
2015-08-08,4.89,26.65,29.35,24.67,88.04,3.1,80,0.0,28.380000000000027,0,-0.5933267643772321,-0.8049617075821958,0.0
2015-08-09,5.09,26.54,29.25,24.55,89.18,2.68,80,0.0,30.55000000000003,0,-0.6070575744291004,-0.794657851737625,0.0
2015-08-10,2.66,26.56,29.36,24.83,88.96,2.79,80,0.0,21.73000000000003,0,-0.6206094818274228,-0.7841198065767104,0.0
2015-08-11,4.02,25.96,28.32,24.45,90.86,2.03,80,0.0,19.82000000000003,0,-0.6339784927628865,-0.77335067770973,0.0
2015-08-12,3.06,26.14,28.81,24.28,89.51,2.1,80,0.0,19.720000000000027,0,-0.6471606673266059,-0.7623536388483905,0.0
2015-08-13,2.74,26.4,29.03,24.52,88.33,2.67,80,0.0,17.57000000000003,0,-0.6601521206712315,-0.7511319308705201,0.0
2015-08-14,5.65,26.65,29.79,24.45,87.5,3.03,80,0.0,18.130000000000027,0,-0.6729490241558326,-0.7396888608649671,0.0
2015-08-15,4.2,26.83,30.17,24.41,87.34,2.95,80,0.0,19.670000000000027,0,-0.6855476064742154,-0.7280278011569848,0.0
2015-08-16,5.0,26.66,29.64,24.29,86.95,2.47,80,0.0,20.650000000000027,0,-0.6979441547663433,-0.7161521883143935,0.0
2015-08-17,7.73,26.46,28.9,24.39,88.08,2.18,80,0.0,25.32000000000003,0,-0.7101350157125356,-0.7040655221348059,0.0
2015-08-18,0.65,26.92,30.17,24.46,85.97,1.41,80,0.0,23.23000000000003,0,-0.7221165966101161,-0.691771364614222,0.0
2015-08-19,0.04,27.32,31.14,24.71,83.96,1.37,80,0.0,17.62000000000003,0,-0.7338853664321993,-0.6792733388972929,0.0
2015-08-20,0.09,26.88,30.3,24.69,86.14,1.7,80,0.0,13.51000000000003,0,-0.7454378568683002,-0.6665751282095631,0.0
2015-08-21,1.47,26.54,29.86,24.08,87.06,2.59,80,0.0,9.980000000000029,0,-0.7567706633464625,-0.653680474772006,0.0
2015-08-22,1.3,26.68,29.62,24.59,85.13,3.05,80,0.0,3.5500000000000282,0,-0.7678804460366,-0.6405931786981752,0.0
2015-08-23,0.76,26.65,29.93,24.51,85.48,3.04,80,0.0,3.6600000000000286,0,-0.7787639308347605,-0.627317096874294,0.0
2015-08-24,2.47,26.38,29.43,24.24,85.12,2.95,80,0.0,6.090000000000028,0,-0.7894179103280194,-0.6138561418226122,0.0
2015-08-25,8.38,26.35,29.7,24.07,86.55,3.15,80,0.0,14.38000000000003,0,-0.7998392447397191,-0.6002142805483686,0.0
2015-08-26,4.73,26.64,30.01,24.32,86.12,2.91,80,0.0,17.64000000000003,0,-0.8100248628547748,-0.5863955333706962,0.0
2015-08-27,3.59,26.41,29.33,23.92,86.25,2.43,80,0.0,19.930000000000028,0,-0.8199717629247767,-0.5724039727378154,0.0
2015-08-28,8.87,26.52,29.23,24.35,87.96,2.0,80,0.0,28.040000000000028,0,-0.8296770135526184,-0.5582437220268655,0.0
2015-08-29,6.6,26.62,29.69,24.69,88.15,2.12,80,0.0,32.17000000000003,0,-0.8391377545563938,-0.5439189543287248,0.0
2015-08-30,5.86,26.54,29.51,24.39,87.54,2.52,80,0.0,29.650000000000027,0,-0.8483511978123038,-0.5294338912181854,0.0
2015-08-31,3.8,26.16,28.99,24.25,88.15,2.29,80,0.0,28.720000000000027,0,-0.8573146280763322,-0.514792801509831,0.0
2015-09-01,1.98,26.21,29.55,23.83,86.17,2.04,80,0.0,27.110000000000028,0,-0.8660254037844384,-0.5000000000000004,0.0
2015-09-02,0.73,26.05,29.48,23.43,84.37,1.77,80,0.0,18.97000000000003,0,-0.8744809578310394,-0.4850598461951967,0.0
2015-09-03,0.21,26.26,30.4,23.09,81.17,1.52,80,0.0,12.580000000000028,0,-0.8826787983255475,-0.4699767430273199,0.0
2015-09-04,0.09,26.56,31.35,22.54,78.03,1.25,80,0.0,6.810000000000028,0,-0.8906165093267404,-0.45475513555610575,0.0
2015-09-05,0.02,26.41,31.42,22.24,80.07,1.62,80,0.0,3.0300000000000282,0,-0.8982917515547529,-0.4393995096591416,0.0
2015-09-06,0.01,26.53,30.75,23.11,80.02,1.54,80,0.0,1.0600000000000285,0,-0.9057022630804714,-0.42391439070986087,0.0
2015-09-07,0.15,26.34,30.11,23.3,79.94,1.31,80,0.0,0.4800000000000284,0,-0.9128458599921354,-0.40830434224389367,0.0
2015-09-08,10.88,26.8,30.83,23.8,79.08,1.23,80,0.0,11.150000000000029,0,-0.9197204370389468,-0.3925739646141714,0.0
2015-09-09,19.88,26.69,29.95,24.13,83.96,1.51,80,0.7293774759479339,30.940000000000026,0,-0.9263239682514951,-0.3767278936351848,0.0
2015-09-10,24.42,26.76,30.16,24.47,88.03,2.2,80,1.8260888061685725,55.34000000000003,0,-0.9326545075388225,-0.3607707992167831,0.0
2015-09-11,10.67,27.36,30.83,24.97,86.4,1.31,92,1.379524181159754,66.00000000000003,0,-0.9387101892619443,-0.3447073839879337,1.0
2015-09-12,38.52,27.19,30.64,24.85,87.59,1.46,92,20.697578195333925,104.37000000000003,1,-0.9444892287836613,-0.32854238191083474,0.0
2015-09-13,20.25,26.49,29.18,24.71,89.26,1.8,92,6.6106110835541365,113.74000000000004,0,-0.9499899229945009,-0.3122805568857948,0.0
2015-09-14,14.35,26.68,29.6,24.62,90.24,2.0,92,3.081138511130069,108.21000000000004,0,-0.9552106508146316,-0.29592670134728966,0.0
2015-09-15,21.63,26.48,28.68,24.84,90.55,1.9,92,7.538859437013063,105.42000000000002,0,-0.9601498736716017,-0.2794856348516098,0.0
2015-09-16,9.79,26.98,30.14,25.09,88.29,2.47,92,1.051179214531626,104.54000000000003,0,-0.9648061359537644,-0.2629622026565152,0.0
2015-09-17,9.67,26.93,30.2,24.68,88.91,2.6,92,1.0091564328203102,75.69000000000003,0,-0.9691780654392534,-0.24636127429331536,1.0
2015-09-18,28.17,26.7,28.68,25.56,90.87,3.55,92,12.307848409406859,83.61000000000003,1,-0.9732643737003823,-0.2296877421317963,1.0
2015-09-19,42.4,26.77,29.41,24.97,89.07,3.62,92,24.016797160192343,111.66000000000003,1,-0.9770638564833508,-0.21294651993841573,1.0
2015-09-20,26.23,26.42,28.98,24.65,88.66,3.66,92,10.8381460215727,116.26000000000003,1,-0.9805753940631429,-0.19614254142819712,0.0
2015-09-21,21.72,26.37,28.84,24.89,89.5,3.72,92,7.600496883440484,128.19000000000003,0,-0.9837979515735163,-0.1792807588107359,0.0
2015-09-22,3.15,26.23,29.38,24.21,88.18,2.48,92,0.0,121.67000000000003,0,-0.9867305793119814,-0.16236614133076413,0.0
2015-09-23,3.48,26.45,30.35,23.45,84.24,1.38,92,0.0,96.98000000000003,0,-0.9893724130196829,-0.14540367380369032,0.0
2015-09-24,0.11,26.52,29.97,24.19,80.59,1.05,92,0.0,54.690000000000026,0,-0.9917226741361014,-0.12839835514655154,0.0
2015-09-25,0.03,25.79,29.47,23.13,82.78,1.31,92,0.0,28.490000000000027,0,-0.9937806700284985,-0.11135519690480865,0.0
2015-09-26,0.04,24.91,29.6,20.72,81.36,1.25,80,0.0,6.810000000000028,0,-0.9955457941960382,-0.09427922177542443,0.0
2015-09-27,0.0,25.02,30.0,20.65,84.04,1.67,80,0.0,3.6600000000000286,0,-0.9970175264485267,-0.07717546212664643,0.0
2015-09-28,0.0,26.04,31.78,21.16,79.73,1.75,80,0.0,0.18000000000002842,0,-0.998195433059714,-0.06004895851494849,0.0
2015-09-29,0.01,27.41,33.64,22.15,77.2,2.24,80,0.0,0.08000000000002842,0,-0.9990791668951153,-0.04290475819955383,0.0
2015-09-30,0.03,27.84,34.21,22.92,75.63,2.81,80,0.0,0.08000000000002842,0,-0.9996684675143132,-0.025747913654988113,0.0
2015-10-01,1.81,28.2,33.72,22.97,77.1,1.72,80,0.0,1.8500000000000285,0,-0.9999631612477099,-0.008583481082086734,0.0
2015-10-02,8.58,27.95,31.98,25.03,84.29,1.31,80,0.0,10.430000000000028,0,-0.9999631612477099,0.008583481082087254,0.0
2015-10-03,19.52,26.85,29.51,25.33,89.97,1.23,80,0.6614391353811145,29.950000000000028,0,-0.999668467514313,0.025747913654988634,0.0
2015-10-04,8.33,26.7,29.59,25.0,89.43,1.27,80,0.0,38.270000000000024,0,-0.9990791668951153,0.04290475819955435,0.0
2015-10-05,4.35,27.94,31.57,25.02,83.3,0.92,86,0.0,42.590000000000025,0,-0.998195433059714,0.06004895851494813,0.0
2015-10-06,0.26,27.95,34.21,23.78,75.18,2.02,86,0.0,41.04000000000003,0,-0.9970175264485267,0.07717546212664607,0.0
2015-10-07,0.0,27.69,34.46,21.81,70.83,1.87,86,0.0,32.46000000000002,0,-0.9955457941960382,0.09427922177542405,0.0
2015-10-08,0.01,27.51,33.6,22.12,74.74,1.51,80,0.0,12.950000000000028,0,-0.9937806700284985,0.11135519690480827,0.0
2015-10-09,0.39,27.28,31.14,24.16,85.96,1.31,80,0.0,5.010000000000028,0,-0.9917226741361016,0.1283983551465503,0.0
2015-10-10,3.25,27.2,30.65,24.96,87.23,1.39,80,0.0,3.9100000000000286,0,-0.9893724130196829,0.14540367380368996,0.0
2015-10-11,12.97,26.93,29.76,24.82,89.04,1.54,80,0.0011431707699545205,16.62000000000003,0,-0.9867305793119814,0.16236614133076377,0.0
2015-10-12,7.91,27.64,31.05,25.32,84.23,1.12,80,0.0,24.53000000000003,0,-0.9837979515735163,0.17928075881073555,0.0
2015-10-13,0.27,27.95,32.61,24.16,79.54,1.15,80,0.0,24.790000000000028,0,-0.980575394063143,0.19614254142819676,0.0
2015-10-14,0.01,28.52,35.3,24.18,69.84,1.6,80,0.0,24.410000000000032,0,-0.9770638564833509,0.21294651993841537,0.0
2015-10-15,0.0,27.32,35.23,21.83,67.69,2.2,80,0.0,21.160000000000032,0,-0.9732643737003827,0.22968774213179508,0.0
2015-10-16,0.0,27.11,34.02,21.75,69.89,2.44,80,0.0,8.190000000000028,0,-0.9691780654392538,0.24636127429331414,0.0
2015-10-17,0.0,27.74,33.71,22.94,73.82,2.26,80,0.0,0.28000000000002845,0,-0.9648061359537647,0.262962202656514,0.0
2015-10-18,0.01,27.92,33.64,23.75,74.82,2.01,80,0.0,0.020000000000028422,0,-0.9601498736716018,0.2794856348516095,0.0
2015-10-19,0.02,27.91,34.17,23.22,70.82,1.56,80,0.0,0.03000000000002842,0,-0.9552106508146317,0.2959267013472893,0.0
2015-10-20,0.0,27.51,35.25,21.67,65.69,1.54,80,0.0,0.030000000000028424,0,-0.9499899229945011,0.3122805568857945,0.0
2015-10-21,0.0,27.6,34.25,22.68,69.36,1.68,80,0.0,0.030000000000028424,0,-0.9444892287836614,0.3285423819108344,0.0
2015-10-22,0.03,27.49,34.36,23.15,70.37,1.72,80,0.0,0.06000000000002842,0,-0.938710189261944,0.3447073839879342,0.0
2015-10-23,0.02,27.77,34.2,22.9,69.17,1.87,80,0.0,0.07000000000002843,0,-0.9326545075388223,0.3607707992167836,0.0
2015-10-24,0.0,28.18,34.1,23.61,69.96,1.5,80,0.0,0.050000000000028424,0,-0.9263239682514949,0.3767278936351853,0.0
2015-10-25,2.66,28.78,34.02,24.68,69.01,1.05,80,0.0,2.7100000000000284,0,-0.9197204370389466,0.3925739646141719,0.0
2015-10-26,1.16,27.32,31.37,23.65,74.41,1.76,80,0.0,3.8700000000000285,0,-0.9128458599921356,0.40830434224389334,0.0
2015-10-27,0.22,26.49,30.53,23.47,77.02,2.08,80,0.0,4.060000000000029,0,-0.9057022630804715,0.42391439070986053,0.0
2015-10-28,0.32,27.07,32.9,23.42,71.17,1.48,80,0.0,4.360000000000028,0,-0.898291751554753,0.4393995096591413,0.0
2015-10-29,0.0,26.75,32.27,22.59,71.98,1.44,80,0.0,4.360000000000028,0,-0.8906165093267405,0.4547551355561054,0.0
2015-10-30,0.0,26.22,32.59,21.52,74.17,1.93,80,0.0,1.7000000000000284,0,-0.8826787983255476,0.46997674302731957,0.0
2015-10-31,0.0,25.7,32.31,20.57,72.12,2.33,80,0.0,0.5400000000000285,0,-0.8744809578310401,0.4850598461951956,0.0
2015-11-01,0.0,26.28,32.4,20.96,72.0,2.13,80,0.0,0.3200000000000285,0,-0.8660254037844386,0.5000000000000001,0.0
2015-11-02,0.0,26.15,32.49,20.68,70.02,2.04,80,0.0,0.0,0,-0.8573146280763323,0.5147928015098308,0.0
2015-11-03,0.0,25.88,32.09,21.07,69.08,1.62,80,0.0,0.0,0,-0.848351197812304,0.5294338912181851,0.0
2015-11-04,0.11,26.07,32.54,20.75,71.02,1.62,80,0.0,0.11000000000002842,0,-0.8391377545563939,0.5439189543287245,0.0
2015-11-05,0.05,26.38,32.3,21.24,70.92,1.35,80,0.0,0.16000000000002843,0,-0.8296770135526191,0.5582437220268645,0.0
2015-11-06,0.0,26.3,32.72,21.2,70.21,1.78,80,0.0,0.16000000000002843,0,-0.8199717629247775,0.5724039727378144,0.0
2015-11-07,0.02,25.82,33.02,20.75,68.34,1.85,80,0.0,0.18000000000002842,0,-0.8100248628547756,0.5863955333706952,0.0
2015-11-08,0.0,25.72,33.4,19.97,66.91,1.87,80,0.0,0.18000000000002842,0,-0.7998392447397199,0.6002142805483676,0.0
2015-11-09,0.0,25.89,33.22,20.49,67.53,1.86,80,0.0,0.07000000000002843,0,-0.7894179103280197,0.613856141822612,0.0
2015-11-10,0.0,24.76,32.36,19.11,66.05,2.55,80,0.0,0.020000000000028422,0,-0.7787639308347607,0.6273170968742937,0.0
2015-11-11,0.0,25.18,33.04,19.76,65.55,3.02,80,0.0,0.020000000000028422,0,-0.7678804460366002,0.640593178698175,0.0
2015-11-12,0.0,25.52,33.25,19.68,62.84,3.09,80,0.0,0.0,0,-0.7567706633464628,0.6536804747720056,0.0
2015-11-13,0.0,24.9,32.72,19.06,65.64,2.6,80,0.0,0.0,0,-0.7454378568682999,0.6665751282095634,0.0
2015-11-14,0.01,24.78,32.8,19.39,66.94,2.43,80,0.0,0.010000000000028422,0,-0.7338853664321989,0.6792733388972934,0.0
2015-11-15,0.0,24.58,32.61,18.64,64.95,2.16,80,0.0,0.010000000000028422,0,-0.7221165966101161,0.6917713646142221,0.0
2015-11-16,0.0,24.62,32.5,18.9,64.08,2.56,80,0.0,0.010000000000028422,0,-0.7101350157125358,0.7040655221348057,0.0
2015-11-17,0.0,24.57,32.84,18.88,64.29,2.46,80,0.0,0.010000000000028422,0,-0.6979441547663436,0.7161521883143933,0.0
2015-11-18,0.0,24.11,32.44,18.19,60.55,2.94,80,0.0,0.010000000000028422,0,-0.6855476064742156,0.7280278011569846,0.0
2015-11-19,0.0,23.79,32.0,18.04,57.55,3.35,80,0.0,0.0,0,-0.6729490241558331,0.7396888608649665,0.0
2015-11-20,0.0,24.98,33.16,18.04,60.75,3.07,80,0.0,0.0,0,-0.6601521206712321,0.7511319308705195,0.0
2015-11-21,1.55,26.52,31.96,22.55,77.31,1.79,80,0.0,1.5500000000000285,0,-0.6471606673266065,0.7623536388483899,0.0
2015-11-22,10.32,25.35,27.89,23.68,87.64,1.37,80,0.0,11.87000000000003,0,-0.6339784927628872,0.7733506777097294,0.0
2015-11-23,15.61,25.07,27.75,23.06,86.62,1.87,80,0.12751242282788725,27.48000000000003,0,-0.6206094818274227,0.7841198065767104,0.0
2015-11-24,1.47,25.57,28.97,23.14,81.63,1.28,80,0.0,28.950000000000028,0,-0.607057574429101,0.7946578517376245,0.0
2015-11-25,0.19,25.85,30.9,22.42,77.86,1.51,80,0.0,29.14000000000003,0,-0.5933267643772321,0.8049617075821959,0.0
2015-11-26,0.14,26.28,31.79,22.16,72.69,1.44,80,0.0,27.73000000000003,0,-0.5794210982045647,0.8150283375168107,0.0
2015-11-27,0.0,25.69,32.0,21.68,70.93,1.33,80,0.0,17.41000000000003,0,-0.5653446739747432,0.8248547748594242,0.0
2015-11-28,0.0,24.75,31.06,19.89,65.38,1.22,80,0.0,1.8000000000000285,0,-0.5511016400745998,0.8344381237138475,0.0
2015-11-29,0.0,25.07,32.01,19.94,67.0,1.81,80,0.0,0.33000000000002844,0,-0.5366961939916011,0.8437755598231853,0.0
2015-11-30,0.0,25.39,32.43,19.77,70.62,2.02,80,0.0,0.14000000000002844,0,-0.5221325810768248,0.8528643314021598,0.0
2015-12-01,0.0,25.74,32.66,19.99,71.82,1.94,80,0.0,0.0,0,-0.5074150932938463,0.8617017599480677,0.0
2015-12-02,0.0,25.85,33.18,20.43,68.1,1.6,80,0.0,0.0,0,-0.4925480679538645,0.8702852410301551,0.0
2015-12-03,0.0,25.13,32.63,19.56,64.77,2.19,80,0.0,0.0,0,-0.47753588643748845,0.8786122450571482,0.0
2015-12-04,0.0,24.79,32.98,18.75,60.62,1.92,80,0.0,0.0,0,-0.4623829729035152,0.8866803180227398,0.0
2015-12-05,0.0,24.44,32.49,18.23,57.58,2.49,80,0.0,0.0,0,-0.44709379298511437,0.8944870822287954,0.0
2015-12-06,0.0,24.01,32.06,17.87,55.44,2.67,80,0.0,0.0,0,-0.43167285247378356,0.9020302369860709,0.0
2015-12-07,0.0,24.08,32.43,17.64,50.28,2.82,80,0.0,0.0,0,-0.4161246959914751,0.9093075592922355,0.0
2015-12-08,0.0,23.76,32.14,17.15,52.44,2.47,80,0.0,0.0,0,-0.4004539056512665,0.9163169044870048,0.0
2015-12-09,0.0,24.06,31.98,17.69,57.48,1.92,80,0.0,0.0,0,-0.3846650997070013,0.923056206884176,0.0
2015-12-10,0.0,24.75,32.02,18.94,61.05,1.49,80,0.0,0.0,0,-0.3687629311922604,0.9295234803804002,0.0
2015-12-11,0.0,24.21,30.01,20.19,70.01,1.26,80,0.0,0.0,0,-0.3527520865490943,0.9357168190404939,0.0
2015-12-12,0.0,23.58,30.55,18.25,59.23,1.23,80,0.0,0.0,0,-0.3366372842469107,0.9416343976591258,0.0
2015-12-13,0.0,23.77,31.19,18.07,54.51,1.31,80,0.0,0.0,0,-0.3204232733919109,0.947274472298717,0.0
2015-12-14,0.0,24.73,32.28,19.17,57.11,1.46,80,0.0,0.0,0,-0.30411483232751857,0.9526353808033823,0.0
2015-12-15,0.0,25.75,34.27,20.05,59.19,1.89,80,0.0,0.0,0,-0.28771676722616696,0.9577155432887803,0.0
2015-12-16,0.0,25.13,32.6,20.39,57.98,1.39,80,0.0,0.0,0,-0.27123391067291097,0.9625134626077079,0.0
2015-12-17,0.0,23.94,32.61,18.22,44.26,1.86,80,0.0,0.0,0,-0.25467112024122895,0.9670277247913203,0.0
2015-12-18,0.0,23.53,33.49,15.74,48.81,1.78,80,0.0,0.0,0,-0.23803327706148678,0.9712569994658311,0.0
2015-12-19,0.0,24.59,33.26,18.37,58.69,2.16,80,0.0,0.0,0,-0.22132528438243296,0.9752000402445824,0.0
2015-12-20,0.0,24.35,31.17,19.65,64.82,1.25,80,0.0,0.0,0,-0.2045520661262005,0.9788556850953579,0.0
2015-12-21,0.0,23.83,31.16,18.83,58.92,1.42,80,0.0,0.0,0,-0.1877185654371994,0.9822228566828405,0.0
2015-12-22,0.0,21.68,29.49,15.73,48.59,1.54,80,0.0,0.0,0,-0.17082974322534408,0.985300562686109,0.0
2015-12-23,0.0,20.35,30.42,12.72,44.49,1.96,80,0.0,0.0,0,-0.1538905767040627,0.9880878960910771,0.0
2015-12-24,0.0,20.76,31.04,12.84,40.38,2.75,80,0.0,0.0,0,-0.1369060579234754,0.9905840354577969,0.0
2015-12-25,0.0,20.97,31.38,13.21,33.9,3.65,80,0.0,0.0,0,-0.1198811922992275,0.99278824516254,0.0
2015-12-26,0.0,20.92,31.25,12.93,37.02,3.15,80,0.0,0.0,0,-0.1028209971373608,0.9946998756145891,0.0
2015-12-27,0.0,22.65,33.5,14.25,39.61,2.78,80,0.0,0.0,0,-0.08573050015569487,0.9963183634476755,0.0
2015-12-28,0.0,24.03,35.01,16.01,37.9,3.05,80,0.0,0.0,0,-0.06861473800213468,0.9976432316860063,0.0
2015-12-29,0.0,24.78,35.33,17.44,39.99,2.56,80,0.0,0.0,0,-0.05147875477034641,0.9986740898848305,0.0
2015-12-30,0.0,24.92,35.45,17.77,39.6,2.11,80,0.0,0.0,0,-0.034327600513243496,0.9994106342455052,0.0
2015-12-31,0.0,25.1,35.64,17.7,40.07,2.24,80,0.0,0.0,0,-0.017166329754707492,0.9998526477050269,0.0
2016-01-01,0.0,24.69,35.19,17.96,43.88,2.08,80,0.0,0.0,0,0.01716632975470737,0.9998526477050269,0.0
2016-01-02,0.0,24.24,34.88,17.24,42.78,1.94,80,0.0,0.0,0,0.034327600513243496,0.9994106342455052,0.0
2016-01-03,0.0,23.41,33.84,15.97,42.65,1.78,80,0.0,0.0,0,0.05147875477034653,0.9986740898848305,0.0
2016-01-04,0.0,23.51,34.15,16.16,44.5,2.25,80,0.0,0.0,0,0.06861473800213404,0.9976432316860063,0.0
2016-01-05,0.0,23.54,33.54,16.36,45.7,1.82,80,0.0,0.0,0,0.08573050015569435,0.9963183634476755,0.0
2016-01-06,0.0,23.87,33.51,16.91,48.46,1.72,80,0.0,0.0,0,0.1028209971373604,0.9946998756145891,0.0
2016-01-07,0.0,24.08,33.88,17.39,50.03,1.8,80,0.0,0.0,0,0.11988119229922722,0.99278824516254,0.0
2016-01-08,0.0,24.08,33.24,17.66,49.12,1.67,80,0.0,0.0,0,0.13690605792347524,0.990584035457797,0.0
2016-01-09,0.0,23.91,33.54,17.3,45.1,2.16,80,0.0,0.0,0,0.15389057670406178,0.9880878960910772,0.0
2016-01-10,0.0,23.69,33.53,16.74,41.57,1.95,80,0.0,0.0,0,0.17082974322534417,0.985300562686109,0.0
2016-01-11,0.0,23.52,33.41,16.2,45.53,1.91,80,0.0,0.0,0,0.1877185654371987,0.9822228566828407,0.0
2016-01-12,0.0,23.21,32.05,17.39,50.97,1.48,80,0.0,0.0,0,0.2045520661262008,0.9788556850953578,0.0
2016-01-13,0.0,22.75,31.65,16.27,56.02,1.47,80,0.0,0.0,0,0.22132528438243257,0.9752000402445825,0.0
2016-01-14,0.1,22.2,29.94,17.21,59.57,1.64,80,0.0,0.10000000000002843,0,0.2380332770614856,0.9712569994658314,0.0
2016-01-15,0.0,22.24,30.72,15.27,60.04,1.69,80,0.0,0.10000000000002843,0,0.2546711202412287,0.9670277247913204,0.0
2016-01-16,0.07,22.87,29.75,18.74,58.84,1.36,80,0.0,0.17000000000002843,0,0.27123391067291003,0.9625134626077081,0.0
2016-01-17,0.09,22.58,28.95,17.27,61.98,1.5,80,0.0,0.26000000000002843,0,0.287716767226167,0.9577155432887803,0.0
2016-01-18,0.0,21.95,28.51,16.27,60.48,1.48,80,0.0,0.26000000000002843,0,0.30411483232751785,0.9526353808033825,0.0
2016-01-19,0.0,21.51,29.11,15.61,52.32,1.88,80,0.0,0.16000000000002843,0,0.3204232733919111,0.9472744722987169,0.0
2016-01-20,0.0,21.01,30.53,13.04,39.64,2.32,80,0.0,0.16000000000002843,0,0.33663728424691025,0.9416343976591259,0.0
2016-01-21,0.0,21.9,31.97,13.98,38.01,2.9,80,0.0,0.09000000000002842,0,0.3527520865490948,0.9357168190404936,0.0
2016-01-22,0.0,22.49,32.98,14.21,28.37,2.86,80,0.0,0.0,0,0.3687629311922601,0.9295234803804003,0.0
2016-01-23,0.0,23.71,33.68,16.05,30.36,2.62,80,0.0,0.0,0,0.3846650997070012,0.9230562068841761,0.0
2016-01-24,0.0,24.6,34.06,17.71,35.47,2.15,80,0.0,0.0,0,0.40045390565126643,0.9163169044870048,0.0
2016-01-25,0.0,23.93,33.0,17.22,36.37,1.73,80,0.0,0.0,0,0.41612469599147445,0.9093075592922358,0.0
2016-01-26,0.0,22.91,32.04,16.75,39.22,1.59,80,0.0,0.0,0,0.43167285247378384,0.9020302369860707,0.0
2016-01-27,0.0,22.48,32.27,15.33,49.15,1.6,80,0.0,0.0,0,0.44709379298511387,0.8944870822287956,0.0
2016-01-28,0.0,24.89,36.79,15.74,40.94,2.1,80,0.0,0.0,0,0.4623829729035149,0.88668031802274,0.0
2016-01-29,0.0,26.09,37.42,17.87,37.69,2.02,80,0.0,0.0,0,0.47753588643748823,0.8786122450571483,0.0
2016-01-30,0.03,26.34,37.5,17.88,35.81,1.87,80,0.0,0.03000000000002842,0,0.4925480679538643,0.8702852410301553,0.0
2016-01-31,0.09,26.03,36.41,18.36,39.43,1.99,80,0.0,0.12000000000002842,0,0.5074150932938455,0.8617017599480682,0.0
2016-02-01,0.0,25.89,36.02,18.24,39.02,2.07,80,0.0,0.12000000000002842,0,0.5221325810768248,0.8528643314021597,0.0
2016-02-02,0.0,25.29,35.3,17.88,37.56,1.97,80,0.0,0.12000000000002842,0,0.5366961939916004,0.8437755598231856,0.0
2016-02-03,0.0,25.23,36.6,16.91,37.03,2.1,80,0.0,0.12000000000002842,0,0.5511016400746002,0.8344381237138473,0.0
2016-02-04,0.0,24.8,35.8,15.93,39.75,1.92,80,0.0,0.09000000000002842,0,0.5653446739747429,0.8248547748594244,0.0
2016-02-05,0.64,24.58,34.48,17.15,48.58,1.8,80,0.0,0.6400000000000284,0,0.5794210982045637,0.8150283375168114,0.0
2016-02-06,0.0,23.15,30.0,18.8,57.23,1.78,80,0.0,0.6400000000000284,0,0.593326764377232,0.8049617075821959,0.0
2016-02-07,0.0,22.67,30.11,16.61,61.05,1.83,80,0.0,0.6400000000000284,0,0.6070575744291002,0.7946578517376252,0.0
2016-02-08,0.0,23.67,33.58,15.2,51.94,1.77,80,0.0,0.6400000000000284,0,0.6206094818274227,0.7841198065767105,0.0
2016-02-09,0.0,25.29,34.63,17.7,46.57,1.63,80,0.0,0.6400000000000284,0,0.6339784927628866,0.7733506777097299,0.0
2016-02-10,0.0,25.19,32.45,19.88,56.95,1.64,80,0.0,0.0,0,0.647160667326606,0.7623536388483904,0.0
2016-02-11,0.0,23.99,31.35,18.39,59.14,1.9,80,0.0,0.0,0,0.6601521206712317,0.7511319308705199,0.0
2016-02-12,0.0,22.68,30.33,16.67,64.57,1.97,80,0.0,0.0,0,0.6729490241558329,0.7396888608649669,0.0
2016-02-13,0.0,22.85,31.88,15.88,60.03,2.24,80,0.0,0.0,0,0.6855476064742154,0.7280278011569848,0.0
2016-02-14,0.0,24.26,33.86,15.98,43.4,1.92,80,0.0,0.0,0,0.6979441547663435,0.7161521883143933,0.0
2016-02-15,0.0,25.19,33.96,18.35,37.62,1.91,80,0.0,0.0,0,0.7101350157125358,0.7040655221348057,0.0
2016-02-16,0.0,26.31,36.68,19.02,42.97,1.74,80,0.0,0.0,0,0.7221165966101162,0.691771364614222,0.0
2016-02-17,1.46,26.55,34.72,20.49,51.67,1.84,80,0.0,1.4600000000000284,0,0.733885366432199,0.6792733388972931,0.0
2016-02-18,0.0,27.49,37.39,19.64,54.96,2.25,80,0.0,1.4600000000000284,0,0.7454378568683001,0.6665751282095632,0.0
2016-02-19,0.0,26.8,34.37,21.24,64.73,2.17,80,0.0,1.4600000000000284,0,0.7567706633464625,0.653680474772006,0.0
2016-02-20,0.0,27.08,34.0,22.26,59.9,2.36,80,0.0,1.4600000000000284,0,0.7678804460366,0.6405931786981751,0.0
2016-02-21,0.0,28.7,36.04,23.4,44.73,2.31,80,0.0,1.4600000000000284,0,0.7787639308347607,0.6273170968742937,0.0
2016-02-22,2.48,27.28,36.07,21.07,36.93,2.27,80,0.0,2.4800000000000284,0,0.7894179103280197,0.613856141822612,0.0
2016-02-23,3.79,27.02,36.11,20.42,35.05,1.69,80,0.0,6.270000000000028,0,0.7998392447397193,0.6002142805483682,0.0
2016-02-24,8.72,25.7,34.23,19.18,62.31,1.9,80,0.0,14.990000000000029,0,0.8100248628547753,0.5863955333706956,0.0
2016-02-25,0.0,25.62,34.07,19.52,60.61,1.31,80,0.0,14.990000000000029,0,0.8199717629247771,0.5724039727378148,0.0
2016-02-26,0.0,26.22,34.27,20.67,53.8,1.36,80,0.0,14.990000000000029,0,0.8296770135526188,0.5582437220268648,0.0
2016-02-27,0.34,27.78,38.77,19.62,48.0,1.99,80,0.0,12.850000000000028,0,0.8391377545563938,0.5439189543287247,0.0
2016-02-28,0.78,28.19,37.07,21.98,50.57,1.66,80,0.0,9.840000000000028,0,0.8483511978123038,0.5294338912181853,0.0
2016-02-29,1.65,28.4,36.98,22.31,56.06,1.52,80,0.0,2.7700000000000284,0,0.8573146280763322,0.5147928015098309,0.0
2016-03-01,1.2,29.55,38.27,23.93,52.26,1.57,80,0.0,3.970000000000028,0,0.8660254037844386,0.5000000000000001,0.0
2016-03-02,0.58,29.42,37.83,23.49,55.02,1.87,80,0.0,4.550000000000028,0,0.8744809578310397,0.4850598461951962,0.0
2016-03-03,0.06,29.82,38.24,23.83,50.37,2.08,80,0.0,4.270000000000029,0,0.8826787983255474,0.46997674302731995,0.0
2016-03-04,1.61,29.59,37.21,23.79,49.0,1.36,80,0.0,5.100000000000028,0,0.8906165093267404,0.4547551355561058,0.0
2016-03-05,0.07,28.78,37.23,22.37,45.91,2.11,80,0.0,3.5200000000000284,0,0.8982917515547528,0.4393995096591417,0.0
2016-03-06,0.0,27.38,35.88,20.42,45.45,2.15,80,0.0,2.3200000000000287,0,0.9057022630804714,0.42391439070986076,0.0
2016-03-07,0.0,27.52,36.93,19.51,42.29,1.96,80,0.0,1.7400000000000286,0,0.9128458599921356,0.40830434224389334,0.0
2016-03-08,0.0,28.37,38.17,20.89,39.46,2.17,80,0.0,1.6800000000000286,0,0.9197204370389467,0.3925739646141717,0.0
2016-03-09,0.06,28.27,37.96,20.99,44.57,2.1,80,0.0,0.13000000000002843,0,0.926323968251495,0.3767278936351851,0.0
2016-03-10,0.0,29.77,40.46,20.86,35.53,2.41,80,0.0,0.06000000000002842,0,0.9326545075388224,0.36077079921678346,0.0
2016-03-11,0.09,30.3,40.94,22.66,33.31,1.93,80,0.0,0.15000000000002842,0,0.9387101892619443,0.3447073839879338,0.0
2016-03-12,0.03,28.11,36.22,22.41,53.31,2.11,80,0.0,0.18000000000002842,0,0.9444892287836613,0.32854238191083485,0.0
2016-03-13,0.0,26.23,33.58,21.36,59.14,2.42,80,0.0,0.18000000000002842,0,0.949989922994501,0.3122805568857947,0.0
2016-03-14,0.01,26.4,34.13,20.12,59.98,2.53,80,0.0,0.13000000000002843,0,0.9552106508146316,0.2959267013472893,0.0
2016-03-15,0.0,26.93,35.53,19.58,53.9,2.05,80,0.0,0.13000000000002843,0,0.9601498736716018,0.2794856348516095,0.0
2016-03-16,0.01,27.39,35.7,20.93,56.22,1.72,80,0.0,0.050000000000028424,0,0.9648061359537645,0.2629622026565149,0.0
2016-03-17,0.0,28.12,36.38,21.69,50.28,1.75,80,0.0,0.020000000000028422,0,0.9691780654392536,0.2463612742933148,0.0
2016-03-18,0.0,29.17,38.42,21.9,53.61,2.11,80,0.0,0.020000000000028422,0,0.9732643737003824,0.22968774213179574,0.0
2016-03-19,0.0,29.94,39.03,22.27,50.12,2.42,80,0.0,0.010000000000028422,0,0.9770638564833508,0.21294651993841582,0.0
2016-03-20,0.0,30.78,40.07,23.4,38.11,2.82,80,0.0,0.010000000000028422,0,0.9805753940631429,0.19614254142819698,0.0
2016-03-21,0.0,30.17,39.08,23.26,37.06,2.56,80,0.0,0.0,0,0.9837979515735163,0.17928075881073577,0.0
2016-03-22,0.0,29.69,40.3,21.35,37.3,2.31,80,0.0,0.0,0,0.9867305793119814,0.162366141330764,0.0
2016-03-23,0.01,31.19,42.68,21.95,34.15,1.72,80,0.0,0.010000000000028422,0,0.989372413019683,0.14540367380368976,0.0
2016-03-24,0.01,30.87,41.3,23.16,44.12,1.63,80,0.0,0.020000000000028422,0,0.9917226741361015,0.12839835514655099,0.0
2016-03-25,0.03,29.88,40.09,23.71,59.55,2.13,80,0.0,0.050000000000028424,0,0.9937806700284985,0.11135519690480875,0.0
2016-03-26,0.01,30.31,39.14,23.57,52.14,2.02,80,0.0,0.06000000000002842,0,0.9955457941960382,0.09427922177542453,0.0
2016-03-27,0.07,30.7,40.92,23.62,48.2,1.9,80,0.0,0.13000000000002843,0,0.9970175264485267,0.07717546212664653,0.0
2016-03-28,0.12,30.72,40.62,22.76,49.42,1.85,80,0.0,0.2400000000000284,0,0.998195433059714,0.0600489585149486,0.0
2016-03-29,0.06,29.8,39.31,22.1,47.86,1.83,80,0.0,0.2900000000000284,0,0.9990791668951153,0.042904758199554374,0.0
2016-03-30,0.0,30.01,39.56,23.74,51.76,1.83,80,0.0,0.26000000000002843,0,0.999668467514313,0.025747913654988658,0.0
2016-03-31,0.0,29.77,39.01,23.09,53.22,1.98,80,0.0,0.2500000000000284,0,0.9999631612477099,0.008583481082087055,0.0
2016-04-01,0.0,29.08,38.21,22.0,56.07,2.1,80,0.0,0.18000000000002842,0,0.9999631612477099,-0.008583481082086933,0.0
2016-04-02,0.0,29.42,38.92,23.2,59.82,2.08,80,0.0,0.06000000000002842,0,0.9996684675143132,-0.025747913654988314,0.0
2016-04-03,0.04,29.86,37.73,23.86,60.28,2.25,80,0.0,0.04000000000002842,0,0.9990791668951153,-0.04290475819955447,0.0
2016-04-04,0.04,30.85,38.64,24.6,55.98,2.38,80,0.0,0.08000000000002842,0,0.998195433059714,-0.06004895851494825,0.0
2016-04-05,0.37,31.1,39.11,25.96,53.29,2.26,80,0.0,0.45000000000002843,0,0.9970175264485267,-0.07717546212664618,0.0
2016-04-06,0.05,30.41,38.77,24.24,48.41,2.17,80,0.0,0.5000000000000284,0,0.9955457941960382,-0.0942792217754244,0.0
2016-04-07,0.21,30.15,38.72,23.26,52.17,2.6,80,0.0,0.7100000000000284,0,0.9937806700284985,-0.11135519690480862,0.0
2016-04-08,0.0,30.53,39.75,22.72,43.73,2.81,80,0.0,0.6700000000000284,0,0.9917226741361015,-0.12839835514655107,0.0
2016-04-09,0.0,30.58,39.98,23.29,45.12,2.7,80,0.0,0.6300000000000285,0,0.9893724130196829,-0.14540367380368988,0.0
2016-04-10,0.07,30.98,39.96,23.93,51.01,2.65,80,0.0,0.33000000000002844,0,0.9867305793119814,-0.16236614133076366,0.0
2016-04-11,0.0,31.41,40.09,24.57,50.39,2.91,80,0.0,0.28000000000002845,0,0.9837979515735163,-0.17928075881073566,0.0
2016-04-12,0.0,30.95,40.06,23.27,51.53,2.72,80,0.0,0.07000000000002843,0,0.980575394063143,-0.19614254142819687,0.0
2016-04-13,0.0,30.36,39.16,23.44,55.77,2.26,80,0.0,0.07000000000002843,0,0.9770638564833507,-0.21294651993841593,0.0
2016-04-14,0.0,30.38,39.84,23.22,53.47,2.15,80,0.0,0.07000000000002843,0,0.9732643737003824,-0.22968774213179563,0.0
2016-04-15,0.0,30.29,40.24,22.48,52.86,2.38,80,0.0,0.0,0,0.9691780654392537,-0.2463612742933147,0.0
2016-04-16,0.0,29.86,38.93,23.1,60.49,2.43,80,0.0,0.0,0,0.9648061359537646,-0.26296220265651454,0.0
2016-04-17,0.0,29.5,37.63,23.0,58.39,2.29,80,0.0,0.0,0,0.9601498736716018,-0.2794856348516094,0.0
2016-04-18,0.07,30.99,40.3,24.44,58.92,2.72,80,0.0,0.07000000000002843,0,0.9552106508146317,-0.2959267013472892,0.0
2016-04-19,0.04,31.03,40.37,24.28,59.6,2.79,80,0.0,0.11000000000002844,0,0.949989922994501,-0.31228055688579476,0.0
2016-04-20,0.17,31.61,39.37,26.41,54.77,2.73,80,0.0,0.28000000000002845,0,0.9444892287836613,-0.32854238191083474,0.0
2016-04-21,0.0,30.83,38.47,25.89,55.87,2.25,80,0.0,0.28000000000002845,0,0.9387101892619443,-0.3447073839879337,0.0
2016-04-22,0.0,29.15,36.24,24.4,57.73,2.48,80,0.0,0.28000000000002845,0,0.9326545075388225,-0.3607707992167831,0.0
2016-04-23,0.02,28.86,36.3,23.34,62.48,2.48,80,0.0,0.23000000000002843,0,0.926323968251495,-0.376727893635185,0.0
2016-04-24,0.29,29.0,35.92,24.21,63.08,2.36,80,0.0,0.4800000000000284,0,0.9197204370389467,-0.39257396461417177,0.0
2016-04-25,0.0,29.6,37.81,23.56,55.48,1.96,80,0.0,0.31000000000002836,0,0.9128458599921355,-0.40830434224389345,0.0
2016-04-26,0.0,31.14,40.15,23.98,48.28,2.2,80,0.0,0.31000000000002836,0,0.9057022630804715,-0.42391439070986064,0.0
2016-04-27,0.03,32.5,41.66,24.91,40.77,2.7,80,0.0,0.3400000000000284,0,0.898291751554753,-0.43939950965914143,0.0
2016-04-28,0.11,32.65,40.9,26.43,45.71,2.12,80,0.0,0.4300000000000284,0,0.8906165093267405,-0.4547551355561055,0.0
2016-04-29,0.06,31.47,38.39,26.23,50.02,2.02,80,0.0,0.20000000000002843,0,0.8826787983255476,-0.4699767430273197,0.0
2016-04-30,0.04,31.08,39.45,24.91,53.11,2.09,80,0.0,0.2400000000000284,0,0.8744809578310397,-0.4850598461951961,0.0
2016-05-01,0.06,31.7,40.37,25.41,49.99,1.97,80,0.0,0.3000000000000284,0,0.8660254037844387,-0.4999999999999998,0.0
2016-05-02,0.0,31.21,40.05,25.62,56.81,2.34,80,0.0,0.27000000000002844,0,0.8573146280763323,-0.5147928015098308,0.0
2016-05-03,0.01,31.11,39.63,24.75,56.06,2.26,80,0.0,0.1700000000000284,0,0.848351197812304,-0.5294338912181852,0.0
2016-05-04,0.03,30.52,37.91,24.68,58.32,1.99,80,0.0,0.14000000000002844,0,0.8391377545563939,-0.5439189543287246,0.0
2016-05-05,0.03,31.02,38.85,25.4,58.31,2.4,80,0.0,0.13000000000002843,0,0.8296770135526188,-0.5582437220268649,0.0
2016-05-06,0.43,30.4,37.65,24.36,58.5,2.46,80,0.0,0.5000000000000284,0,0.8199717629247771,-0.5724039727378148,0.0
2016-05-07,0.21,30.53,37.55,25.46,58.24,2.19,80,0.0,0.7100000000000284,0,0.8100248628547753,-0.5863955333706956,0.0
2016-05-08,0.72,30.92,38.09,25.97,59.83,2.25,80,0.0,1.4200000000000284,0,0.7998392447397195,-0.6002142805483681,0.0
2016-05-09,1.43,31.22,38.74,25.83,57.68,1.98,80,0.0,2.8200000000000283,0,0.7894179103280199,-0.6138561418226116,0.0
2016-05-10,1.67,31.79,38.66,26.45,56.6,1.9,80,0.0,4.460000000000028,0,0.7787639308347607,-0.6273170968742938,0.0
2016-05-11,0.91,31.7,38.61,26.77,56.54,2.26,80,0.0,4.940000000000028,0,0.7678804460366001,-0.6405931786981751,0.0
2016-05-12,0.84,31.66,38.54,26.69,56.98,2.55,80,0.0,5.570000000000028,0,0.7567706633464627,-0.6536804747720057,0.0
2016-05-13,1.07,31.35,37.87,26.87,64.17,2.49,80,0.0,5.920000000000028,0,0.7454378568683001,-0.6665751282095632,0.0
2016-05-14,0.46,31.67,37.96,27.8,62.21,2.62,80,0.0,4.950000000000029,0,0.7338853664321991,-0.6792733388972931,0.0
2016-05-15,0.22,32.24,38.78,27.74,59.97,2.59,80,0.0,3.5000000000000284,0,0.722116596610116,-0.6917713646142222,0.0
2016-05-16,0.04,32.14,39.81,26.83,60.91,2.28,80,0.0,2.6300000000000283,0,0.7101350157125357,-0.7040655221348058,0.0
2016-05-17,0.02,31.69,38.23,27.15,64.58,2.34,80,0.0,1.8100000000000285,0,0.6979441547663435,-0.7161521883143933,0.0
2016-05-18,0.04,31.21,36.28,27.82,67.41,2.48,80,0.0,0.7800000000000284,0,0.6855476064742155,-0.7280278011569847,0.0
2016-05-19,0.1,31.64,37.03,28.31,65.98,3.32,80,0.0,0.42000000000002846,0,0.672949024155833,-0.7396888608649667,0.0
2016-05-20,0.11,30.61,34.83,28.13,70.43,4.04,80,0.0,0.3100000000000284,0,0.660152120671232,-0.7511319308705197,0.0
2016-05-21,0.04,31.32,36.48,27.81,65.51,4.47,80,0.0,0.3100000000000285,0,0.647160667326606,-0.7623536388483902,0.0
2016-05-22,0.01,31.79,37.3,28.44,62.87,4.1,80,0.0,0.3000000000000284,0,0.6339784927628868,-0.7733506777097298,0.0
2016-05-23,0.2,31.44,36.88,28.29,65.07,4.24,80,0.0,0.4600000000000285,0,0.620609481827423,-0.7841198065767103,0.0
2016-05-24,0.09,31.54,37.22,27.7,65.27,3.66,80,0.0,0.45000000000002843,0,0.6070575744291006,-0.7946578517376249,0.0
2016-05-25,0.04,31.77,37.13,28.06,63.38,4.12,80,0.0,0.3800000000000284,0,0.593326764377232,-0.8049617075821959,0.0
2016-05-26,0.14,31.49,36.94,27.81,67.19,3.63,80,0.0,0.4800000000000284,0,0.5794210982045638,-0.8150283375168113,0.0
2016-05-27,0.06,31.85,37.4,27.92,65.75,3.34,80,0.0,0.5300000000000284,0,0.5653446739747428,-0.8248547748594245,0.0
2016-05-28,0.02,31.74,37.16,27.94,65.08,3.52,80,0.0,0.3500000000000284,0,0.5511016400746,-0.8344381237138473,0.0
2016-05-29,0.04,32.07,37.62,28.16,61.11,3.45,80,0.0,0.30000000000002847,0,0.5366961939916005,-0.8437755598231856,0.0
2016-05-30,0.05,32.05,38.01,27.97,58.81,3.15,80,0.0,0.3100000000000285,0,0.522132581076825,-0.8528643314021596,0.0
2016-05-31,0.2,31.85,38.04,27.51,60.93,3.01,80,0.0,0.3700000000000284,0,0.5074150932938458,-0.861701759948068,0.0
2016-06-01,0.34,32.09,38.81,27.35,59.22,3.1,80,0.0,0.6500000000000286,0,0.4925480679538644,-0.8702852410301553,0.0
2016-06-02,0.4,32.12,38.5,27.9,58.78,3.27,80,0.0,1.0300000000000284,0,0.47753588643748834,-0.8786122450571482,0.0
2016-06-03,0.36,32.4,39.19,28.18,59.08,3.68,80,0.0,1.3500000000000285,0,0.4623829729035151,-0.8866803180227399,0.0
2016-06-04,9.8,31.41,36.89,28.43,66.81,3.38,80,0.0,11.10000000000003,0,0.44709379298511426,-0.8944870822287954,0.0
2016-06-05,12.1,30.18,34.6,27.53,75.22,2.76,80,0.0,23.00000000000003,0,0.43167285247378384,-0.9020302369860707,0.0
2016-06-06,6.96,29.85,33.59,27.16,73.88,2.44,80,0.0,29.62000000000003,0,0.4161246959914746,-0.9093075592922357,0.0
2016-06-07,0.75,30.66,35.55,27.33,71.24,2.86,80,0.0,29.970000000000027,0,0.4004539056512664,-0.9163169044870048,0.0
2016-06-08,0.88,30.79,35.2,28.0,71.98,3.05,80,0.0,30.49000000000003,0,0.3846650997070012,-0.923056206884176,0.0
2016-06-09,0.99,30.01,33.05,28.04,74.69,3.13,80,0.0,21.680000000000028,0,0.3687629311922603,-0.9295234803804002,0.0
2016-06-10,3.64,30.25,34.0,27.71,73.96,3.18,80,0.0,13.220000000000029,0,0.352752086549095,-0.9357168190404935,0.0
2016-06-11,13.07,28.85,30.64,27.57,82.83,3.56,80,0.0021434163143885924,19.33000000000003,0,0.3366372842469106,-0.9416343976591258,0.0
2016-06-12,6.71,28.91,31.38,27.39,83.46,4.01,80,0.0,25.29000000000003,0,0.3204232733919116,-0.9472744722987168,0.0
2016-06-13,3.13,29.43,32.76,27.27,79.3,4.05,80,0.0,27.54000000000003,0,0.30411483232751846,-0.9526353808033824,0.0
2016-06-14,1.64,29.86,34.12,27.07,74.04,4.19,80,0.0,28.19000000000003,0,0.2877167672261668,-0.9577155432887804,0.0
2016-06-15,1.43,29.98,33.91,27.05,71.89,4.84,80,0.0,25.98000000000003,0,0.27123391067291,-0.9625134626077081,0.0
2016-06-16,0.81,30.1,34.55,27.05,70.37,4.31,80,0.0,13.72000000000003,0,0.2546711202412288,-0.9670277247913204,0.0
2016-06-17,1.33,29.77,34.04,26.64,71.49,3.74,80,0.0,8.34000000000003,0,0.2380332770614858,-0.9712569994658313,0.0
2016-06-18,2.28,29.78,33.96,26.88,71.97,3.95,80,0.0,7.49000000000003,0,0.22132528438243243,-0.9752000402445825,0.0
2016-06-19,9.21,29.16,32.16,27.18,75.49,3.87,80,0.0,15.06000000000003,0,0.2045520661262008,-0.9788556850953578,0.0
2016-06-20,37.97,27.51,30.43,26.06,82.95,2.65,80,7.193566520220792,51.60000000000003,0,0.18771856543719884,-0.9822228566828406,1.0
2016-06-21,36.66,27.52,29.85,26.0,85.78,2.92,86,11.557442727484377,87.45000000000002,1,0.17082974322534442,-0.985300562686109,0.0
2016-06-22,7.87,27.7,31.37,25.61,82.59,3.46,92,0.46674666165325623,93.99000000000002,0,0.15389057670406214,-0.9880878960910771,0.0
2016-06-23,13.95,27.66,31.81,25.27,81.31,3.64,92,2.873873436262275,105.66000000000003,0,0.13690605792347574,-0.9905840354577969,1.0
2016-06-24,39.02,27.74,30.26,25.91,84.1,3.68,92,21.12100390879523,135.47000000000003,1,0.11988119229922782,-0.9927882451625399,1.0
2016-06-25,111.53,26.87,29.06,25.78,89.63,3.71,92,88.80146711239497,209.03000000000003,1,0.10282099713736025,-0.9946998756145891,1.0
2016-06-26,54.01,27.07,29.77,25.32,87.11,4.01,92,34.31140841578871,226.38000000000002,1,0.0857305001556943,-0.9963183634476755,1.0
2016-06-27,31.93,27.01,29.33,25.44,88.8,3.91,92,15.261094203597283,250.44000000000003,1,0.0686147380021341,-0.9976432316860063,1.0
2016-06-28,62.57,27.33,29.7,25.84,90.28,3.66,92,42.14536667724464,299.06,1,0.05147875477034673,-0.9986740898848305,1.0
2016-06-29,26.47,27.17,29.17,25.76,88.72,3.77,92,11.017724073365848,286.51000000000005,1,0.03432760051324382,-0.9994106342455052,1.0
2016-06-30,31.45,27.11,29.27,25.79,89.82,3.58,92,14.87720686569749,206.43000000000004,1,0.01716632975470737,-0.9998526477050269,1.0
2016-07-01,36.93,27.17,29.15,25.77,90.08,4.34,92,19.36040552681718,189.35000000000002,1,1.2246467991473532e-16,-1.0,1.0
2016-07-02,128.26,26.86,28.07,25.96,92.15,5.06,92,105.09859126693692,285.68,1,-0.017166329754707124,-0.9998526477050269,1.0
2016-07-03,65.26,26.87,28.75,25.76,91.76,4.85,92,44.638157974038606,288.37,1,-0.03432760051324313,-0.9994106342455054,1.0
2016-07-04,41.15,27.06,29.02,25.77,90.83,4.41,92,22.93938312194385,303.05,1,-0.051478754770346045,-0.9986740898848305,0.0
2016-07-05,24.75,26.83,28.31,25.64,91.3,3.76,92,9.745856051372666,296.35,0,-0.06861473800213432,-0.9976432316860063,0.0
2016-07-06,13.58,26.88,28.97,25.7,90.52,3.74,92,2.686546117541447,273.0,0,-0.0857305001556945,-0.9963183634476755,0.0
2016-07-07,9.68,27.0,29.2,25.38,88.67,3.89,92,1.0126321959203537,154.42000000000002,0,-0.10282099713736044,-0.9946998756145891,0.0
2016-07-08,20.44,26.91,29.23,25.54,89.76,3.99,92,6.736471223157188,109.6,0,-0.11988119229922714,-0.99278824516254,1.0
2016-07-09,31.68,26.62,27.89,25.64,90.8,4.77,92,15.060919576862263,100.13,1,-0.13690605792347504,-0.990584035457797,1.0
2016-07-10,77.64,26.52,27.6,25.78,92.01,5.11,92,56.25406444743979,153.01999999999998,1,-0.15389057670406148,-0.9880878960910772,1.0
2016-07-11,36.84,26.45,27.56,25.7,92.24,4.78,92,19.285157576270418,176.28000000000003,1,-0.17082974322534417,-0.985300562686109,0.0
2016-07-12,17.5,26.34,28.03,25.3,91.38,4.29,92,4.866555762791124,184.10000000000002,0,-0.1877185654371986,-0.9822228566828407,0.0
2016-07-13,17.97,26.56,28.89,25.04,90.36,4.4,92,5.153631963159824,181.63,0,-0.20455206612620058,-0.9788556850953579,0.0
2016-07-14,14.79,26.51,29.08,24.77,90.39,3.76,92,3.3146165215877135,164.74,0,-0.22132528438243218,-0.9752000402445826,0.0
2016-07-15,12.28,26.43,28.88,24.58,90.54,3.31,92,2.0641573609571733,99.38,0,-0.23803327706148514,-0.9712569994658315,0.0
2016-07-16,13.67,26.34,28.78,24.55,90.43,3.85,92,2.731715232199525,76.21,0,-0.254671120241229,-0.9670277247913203,0.0
2016-07-17,11.73,26.34,28.53,24.64,89.97,3.29,92,1.8188788011087704,70.44,0,-0.2712339106729102,-0.9625134626077081,1.0
2016-07-18,32.44,26.17,28.31,24.69,90.62,3.71,92,15.670992049180702,84.91,1,-0.287716767226167,-0.9577155432887803,1.0
2016-07-19,48.21,25.91,27.63,24.7,91.23,3.62,92,29.110583381085213,118.33000000000001,1,-0.3041148323275178,-0.9526353808033826,1.0
2016-07-20,31.25,25.82,27.84,24.55,91.87,3.28,92,14.717810475511481,137.3,1,-0.32042327339191096,-0.947274472298717,0.0
2016-07-21,16.1,25.57,27.4,24.6,92.45,2.99,92,4.041608029511704,139.73000000000002,0,-0.3366372842469099,-0.941634397659126,0.0
2016-07-22,19.22,25.8,27.91,24.67,91.7,3.6,92,5.939815850507672,147.21999999999997,0,-0.35275208654909473,-0.9357168190404936,0.0
2016-07-23,14.78,25.86,27.86,24.44,91.92,2.97,92,3.3092480056297924,129.56,0,-0.36876293119226006,-0.9295234803804003,0.0
2016-07-24,6.46,26.02,28.46,24.27,91.08,2.63,92,0.1729102968066222,87.80999999999999,0,-0.38466509970700097,-0.9230562068841761,0.0
2016-07-25,6.51,26.02,28.57,24.3,90.75,2.27,92,0.1811038004095071,63.07,0,-0.40045390565126615,-0.9163169044870049,0.0
2016-07-26,19.35,26.04,28.76,24.23,90.47,2.04,92,6.023377129040743,66.32,0,-0.4161246959914748,-0.9093075592922356,0.0
2016-07-27,16.23,25.68,27.7,24.03,91.14,2.08,92,4.116209848172658,63.33,0,-0.431672852473784,-0.9020302369860707,0.0
2016-07-28,24.9,25.68,27.71,24.13,92.43,2.68,92,9.855333425106467,73.45,0,-0.44709379298511404,-0.8944870822287955,1.0
2016-07-29,67.7,25.55,26.99,24.1,91.31,3.12,92,46.91002646117736,134.69,1,-0.4623829729035149,-0.88668031802274,1.0
2016-07-30,30.6,25.76,27.47,24.4,92.2,3.35,92,14.20209597957282,158.78000000000003,1,-0.4775358864374881,-0.8786122450571483,1.0
2016-07-31,86.28,25.66,26.77,24.86,93.82,4.11,92,64.46863619335537,225.71,1,-0.4925480679538642,-0.8702852410301554,1.0
2016-08-01,91.18,25.59,26.54,24.89,94.24,5.04,92,69.15737561873257,300.66,1,-0.5074150932938452,-0.8617017599480683,1.0
2016-08-02,93.79,25.48,26.54,24.8,93.28,5.37,92,71.66242905655852,369.55000000000007,1,-0.5221325810768248,-0.8528643314021597,1.0
2016-08-03,80.67,25.65,26.87,24.73,93.44,4.86,92,59.12635794187917,382.52,1,-0.5366961939916004,-0.8437755598231858,1.0
2016-08-04,25.15,25.93,27.53,24.78,92.26,4.76,92,10.038426619811892,377.07000000000005,1,-0.5511016400745999,-0.8344381237138474,1.0
2016-08-05,56.18,25.92,27.02,25.19,93.81,5.19,92,36.28142767113035,346.97,1,-0.5653446739747425,-0.8248547748594246,1.0
2016-08-06,32.1,25.96,27.56,24.9,92.0,5.01,92,15.397498870028606,287.89,1,-0.5794210982045637,-0.8150283375168114,0.0
2016-08-07,17.22,25.78,27.24,24.72,91.23,4.73,92,4.697874232387582,211.32,0,-0.5933267643772321,-0.8049617075821958,0.0
2016-08-08,16.04,26.03,27.92,24.68,90.55,4.85,92,4.007320534130088,146.69,0,-0.6070575744291004,-0.794657851737625,0.0
2016-08-09,19.44,25.95,27.73,24.79,91.25,4.67,92,6.081417842020972,140.98,0,-0.6206094818274228,-0.7841198065767104,0.0
2016-08-10,24.0,26.01,27.86,24.83,90.32,4.74,92,9.202845321913337,108.8,0,-0.6339784927628865,-0.77335067770973,0.0
2016-08-11,19.82,25.78,27.34,24.59,91.37,3.79,92,6.328170339018093,96.52,0,-0.6471606673266059,-0.7623536388483905,0.0
2016-08-12,10.97,25.99,28.28,24.35,91.22,3.54,92,1.4992085386918974,90.27000000000001,0,-0.6601521206712315,-0.7511319308705201,0.0
2016-08-13,4.17,26.01,28.4,24.46,89.93,3.66,92,0.0,78.4,0,-0.6729490241558326,-0.7396888608649671,0.0
2016-08-14,2.62,25.73,27.94,24.22,89.24,3.76,92,0.0,61.580000000000005,0,-0.6855476064742154,-0.7280278011569848,0.0
2016-08-15,3.32,25.75,28.04,24.19,89.55,4.06,92,0.0,40.9,0,-0.6979441547663433,-0.7161521883143935,0.0
2016-08-16,2.05,25.78,28.31,24.15,89.77,3.94,86,0.0,23.13,0,-0.7101350157125356,-0.7040655221348059,0.0
2016-08-17,2.96,26.0,28.77,24.18,88.82,3.8,80,0.0,15.12,0,-0.7221165966101161,-0.691771364614222,0.0
2016-08-18,5.06,25.91,28.84,23.86,88.27,3.17,80,0.0,16.009999999999998,0,-0.7338853664321993,-0.6792733388972929,0.0
2016-08-19,2.2,25.95,29.04,23.41,87.9,2.63,80,0.0,15.59,0,-0.7454378568683002,-0.6665751282095631,0.0
2016-08-20,3.33,25.56,28.06,23.79,91.07,2.88,80,0.0,15.600000000000001,0,-0.7567706633464625,-0.653680474772006,0.0
2016-08-21,4.9,26.21,29.1,24.42,89.47,3.6,80,0.0,18.45,0,-0.7678804460366,-0.6405931786981752,0.0
2016-08-22,10.29,26.2,28.91,24.2,89.3,3.4,80,0.0,25.78,0,-0.7787639308347605,-0.627317096874294,0.0
2016-08-23,24.4,26.2,28.59,24.52,90.69,3.04,80,1.82034574468085,45.12,0,-0.7894179103280194,-0.6138561418226122,0.0
2016-08-24,12.21,26.28,29.07,24.29,89.73,3.07,86,0.3428074962004197,55.13,0,-0.7998392447397191,-0.6002142805483686,0.0
2016-08-25,6.8,26.0,29.24,23.69,86.71,2.27,92,0.2319953029881649,58.599999999999994,0,-0.8100248628547748,-0.5863955333706962,0.0
2016-08-26,22.13,25.72,28.63,23.65,90.43,2.26,92,7.882912918561201,75.83,0,-0.8199717629247767,-0.5724039727378154,1.0
2016-08-27,56.14,25.59,28.08,24.18,91.89,2.48,92,36.24500757326241,121.67999999999999,1,-0.8296770135526184,-0.5582437220268655,1.0
2016-08-28,34.32,25.94,28.48,24.08,91.72,2.69,92,17.198951425471453,131.6,1,-0.8391377545563938,-0.5439189543287248,0.0
2016-08-29,9.21,26.07,28.81,24.11,91.38,2.5,92,0.8545189598074171,128.6,0,-0.8483511978123038,-0.5294338912181854,0.0
2016-08-30,9.05,26.0,28.61,24.34,91.27,2.24,92,0.8031965772056618,130.85,0,-0.8573146280763322,-0.514792801509831,0.0
2016-08-31,3.91,25.73,28.28,23.85,90.21,2.08,92,0.0,112.63,0,-0.8660254037844384,-0.5000000000000004,0.0
2016-09-01,7.54,25.81,28.47,23.81,90.11,2.56,92,0.38678513421706606,64.03,0,-0.8744809578310394,-0.4850598461951967,0.0
2016-09-02,7.44,25.56,28.21,23.64,90.23,2.23,92,0.3638519125255217,37.150000000000006,0,-0.8826787983255475,-0.4699767430273199,0.0
2016-09-03,8.67,25.24,27.89,23.34,89.49,2.28,86,0.0038368783181809024,36.61,0,-0.8906165093267404,-0.45475513555610575,0.0
2016-09-04,2.44,25.31,28.34,23.15,87.22,2.39,86,0.0,30.0,0,-0.8982917515547529,-0.4393995096591416,0.0
2016-09-05,1.03,25.16,28.32,23.04,86.76,2.37,80,0.0,27.12,0,-0.9057022630804714,-0.42391439070986087,0.0
2016-09-06,1.64,25.17,28.27,22.79,87.5,2.43,80,0.0,21.220000000000002,0,-0.9128458599921354,-0.40830434224389367,0.0
2016-09-07,3.22,25.11,28.39,22.6,87.38,2.33,80,0.0,17.0,0,-0.9197204370389468,-0.3925739646141714,0.0
2016-09-08,2.34,25.11,28.54,22.56,87.76,1.96,80,0.0,10.67,0,-0.9263239682514951,-0.3767278936351848,0.0
2016-09-09,3.53,25.3,28.61,22.61,87.48,1.7,80,0.0,11.76,0,-0.9326545075388225,-0.3607707992167831,0.0
2016-09-10,4.17,25.39,28.26,23.11,87.74,1.53,80,0.0,14.899999999999999,0,-0.9387101892619443,-0.3447073839879337,0.0
2016-09-11,5.55,25.54,28.61,23.39,87.67,1.69,80,0.0,18.81,0,-0.9444892287836613,-0.32854238191083474,0.0
2016-09-12,1.1,25.87,29.41,23.03,85.33,1.33,80,0.0,16.689999999999998,0,-0.9499899229945009,-0.3122805568857948,0.0
2016-09-13,1.4,26.48,30.28,23.75,83.2,1.05,80,0.0,15.75,0,-0.9552106508146316,-0.29592670134728966,0.0
2016-09-14,9.14,26.33,29.74,24.02,85.54,1.4,80,0.0,21.36,0,-0.9601498736716017,-0.2794856348516098,0.0
2016-09-15,31.53,25.84,28.52,24.04,91.38,2.28,80,4.3066792177820945,48.72,0,-0.9648061359537644,-0.2629622026565152,1.0
2016-09-16,60.5,25.92,27.28,24.98,94.27,3.16,86,29.151787892921206,103.67,1,-0.9691780654392534,-0.24636127429331536,1.0
2016-09-17,110.96,25.93,26.7,25.36,95.26,3.1,92,88.24819899290233,213.53,1,-0.9732643737003823,-0.2296877421317963,1.0
2016-09-18,31.31,25.77,27.07,24.79,93.56,3.75,92,14.765594574952942,243.44,1,-0.9770638564833508,-0.21294651993841573,0.0
2016-09-19,17.23,25.42,27.4,24.17,91.17,3.54,92,4.703867815123822,251.53,0,-0.9805753940631429,-0.19614254142819712,1.0
2016-09-20,41.94,25.56,27.59,24.12,90.91,3.76,92,23.619467080364796,261.94,1,-0.9837979515735163,-0.1792807588107359,1.0
2016-09-21,84.9,25.54,27.65,24.23,92.51,3.11,92,63.151776930406406,286.34000000000003,1,-0.9867305793119814,-0.16236614133076413,1.0
2016-09-22,62.73,25.78,27.48,24.92,93.15,3.63,92,42.29326767748135,238.10999999999999,1,-0.9893724130196829,-0.14540367380369032,1.0
2016-09-23,46.91,25.86,27.54,24.83,94.52,2.84,92,27.95964617729511,253.70999999999998,1,-0.9917226741361014,-0.12839835514655154,1.0
2016-09-24,41.01,26.0,27.69,25.05,93.57,3.34,92,22.819170629373787,277.49,1,-0.9937806700284985,-0.11135519690480865,0.0
2016-09-25,9.39,25.67,27.4,24.64,93.55,2.6,92,0.9137928507507422,244.94,0,-0.9955457941960382,-0.09427922177542443,0.0
2016-09-26,5.64,25.68,27.92,24.1,92.1,2.8,92,0.06412698000772057,165.67999999999998,0,-0.9970175264485267,-0.07717546212664643,0.0
2016-09-27,1.89,25.9,29.34,23.75,90.44,2.6,92,0.0,104.84,0,-0.998195433059714,-0.06004895851494849,0.0
2016-09-28,0.52,25.91,29.69,23.25,90.83,2.48,92,0.0,58.449999999999996,0,-0.9990791668951153,-0.04290475819955383,0.0
2016-09-29,0.29,25.58,29.12,23.18,89.79,2.34,92,0.0,17.73,0,-0.9996684675143132,-0.025747913654988113,0.0
2016-09-30,0.63,24.93,28.79,22.26,89.59,2.1,80,0.0,8.969999999999999,0,-0.9999631612477099,-0.008583481082086734,0.0
2016-10-01,20.82,24.69,27.04,22.56,90.94,2.23,80,0.9206143535325325,24.15,0,-0.9999631612477099,0.008583481082087254,0.0
2016-10-02,17.78,25.07,27.72,23.08,91.98,2.2,80,0.37629629629629624,40.04,0,-0.999668467514313,0.025747913654988634,0.0
2016-10-03,12.59,25.79,28.52,23.98,92.81,2.33,86,0.408688187682663,52.11,0,-0.9990791668951153,0.04290475819955435,0.0
2016-10-04,25.48,25.67,27.5,24.35,92.38,3.29,86,5.058005632287648,77.3,0,-0.998195433059714,0.06004895851494813,0.0
2016-10-05,12.05,25.33,27.86,23.47,90.46,3.05,92,1.9602142586815006,88.72,0,-0.9970175264485267,0.07717546212664607,0.0
2016-10-06,4.14,25.14,28.08,22.91,91.03,2.74,92,0.0,72.04,0,-0.9955457941960382,0.09427922177542405,0.0
2016-10-07,1.46,25.65,29.08,23.25,90.81,2.16,92,0.0,55.72,0,-0.9937806700284985,0.11135519690480827,0.0
2016-10-08,0.26,25.96,29.67,23.32,89.82,1.87,92,0.0,43.39,0,-0.9917226741361016,0.1283983551465503,0.0
2016-10-09,2.15,26.54,30.83,23.54,87.57,1.26,86,0.0,20.060000000000002,0,-0.9893724130196829,0.14540367380368996,0.0
2016-10-10,2.21,26.21,30.39,23.25,88.42,1.67,80,0.0,10.219999999999999,0,-0.9867305793119814,0.16236614133076377,0.0
2016-10-11,0.65,26.12,30.43,23.16,87.87,1.41,80,0.0,6.73,0,-0.9837979515735163,0.17928075881073555,0.0
2016-10-12,0.72,25.35,29.87,21.99,87.83,1.59,80,0.0,5.99,0,-0.980575394063143,0.19614254142819676,0.0
2016-10-13,0.0,24.6,30.5,19.96,82.71,1.49,80,0.0,5.73,0,-0.9770638564833509,0.21294651993841537,0.0
2016-10-14,0.17,25.43,31.86,20.26,77.75,1.51,80,0.0,3.75,0,-0.9732643737003827,0.22968774213179508,0.0
2016-10-15,0.01,26.07,31.75,20.96,73.23,1.44,80,0.0,1.55,0,-0.9691780654392538,0.24636127429331414,0.0
2016-10-16,0.0,25.91,31.57,20.65,69.65,1.35,80,0.0,0.9,0,-0.9648061359537647,0.262962202656514,0.0
2016-10-17,0.0,25.79,31.48,20.68,70.09,1.36,80,0.0,0.18000000000000002,0,-0.9601498736716018,0.2794856348516095,0.0
2016-10-18,0.0,25.24,31.85,20.08,69.67,1.74,80,0.0,0.18000000000000002,0,-0.9552106508146317,0.2959267013472893,0.0
2016-10-19,0.0,24.98,32.1,19.32,70.42,1.69,80,0.0,0.01,0,-0.9499899229945011,0.3122805568857945,0.0
2016-10-20,0.0,24.84,31.9,19.31,70.78,1.62,80,0.0,0.0,0,-0.9444892287836614,0.3285423819108344,0.0
2016-10-21,0.0,24.73,31.66,18.97,71.83,1.61,80,0.0,0.0,0,-0.938710189261944,0.3447073839879342,0.0
2016-10-22,0.0,24.58,31.51,19.24,73.67,1.59,80,0.0,0.0,0,-0.9326545075388223,0.3607707992167836,0.0
2016-10-23,0.0,24.42,30.93,19.31,75.73,1.65,80,0.0,0.0,0,-0.9263239682514949,0.3767278936351853,0.0
2016-10-24,0.0,23.86,29.5,19.48,75.38,1.6,80,0.0,0.0,0,-0.9197204370389466,0.3925739646141719,0.0
2016-10-25,0.0,23.0,29.24,18.24,75.79,1.66,80,0.0,0.0,0,-0.9128458599921356,0.40830434224389334,0.0
2016-10-26,0.0,23.35,30.51,17.44,70.27,1.72,80,0.0,0.0,0,-0.9057022630804715,0.42391439070986053,0.0
2016-10-27,0.0,23.98,31.22,18.42,70.2,2.12,80,0.0,0.0,0,-0.898291751554753,0.4393995096591413,0.0
2016-10-28,0.0,24.07,31.44,17.72,66.2,1.93,80,0.0,0.0,0,-0.8906165093267405,0.4547551355561054,0.0
2016-10-29,0.0,23.77,31.62,17.16,60.64,1.63,80,0.0,0.0,0,-0.8826787983255476,0.46997674302731957,0.0
2016-10-30,0.0,23.27,31.04,16.65,63.31,1.84,80,0.0,0.0,0,-0.8744809578310401,0.4850598461951956,0.0
2016-10-31,0.0,24.89,31.35,19.98,76.33,2.62,80,0.0,0.0,0,-0.8660254037844386,0.5000000000000001,0.0
2016-11-01,0.0,23.84,31.08,18.58,67.59,2.72,80,0.0,0.0,0,-0.8573146280763323,0.5147928015098308,0.0
2016-11-02,0.0,23.26,31.08,17.08,62.54,2.51,80,0.0,0.0,0,-0.848351197812304,0.5294338912181851,0.0
2016-11-03,0.0,22.79,30.19,17.15,66.7,2.61,80,0.0,0.0,0,-0.8391377545563939,0.5439189543287245,0.0
2016-11-04,0.0,22.83,29.2,16.68,66.73,1.87,80,0.0,0.0,0,-0.8296770135526191,0.5582437220268645,0.0
2016-11-05,0.0,23.15,30.02,17.24,68.04,1.67,80,0.0,0.0,0,-0.8199717629247775,0.5724039727378144,0.0
2016-11-06,0.0,23.05,29.73,16.66,62.84,1.79,80,0.0,0.0,0,-0.8100248628547756,0.5863955333706952,0.0
2016-11-07,0.0,22.82,30.59,16.87,64.08,1.95,80,0.0,0.0,0,-0.7998392447397199,0.6002142805483676,0.0
2016-11-08,0.0,22.58,30.92,16.15,63.17,2.05,80,0.0,0.0,0,-0.7894179103280197,0.613856141822612,0.0
2016-11-09,0.0,22.31,30.12,16.04,62.14,2.08,80,0.0,0.0,0,-0.7787639308347607,0.6273170968742937,0.0
2016-11-10,0.0,22.21,30.1,15.71,60.28,2.07,80,0.0,0.0,0,-0.7678804460366002,0.640593178698175,0.0
2016-11-11,0.0,22.07,30.69,15.04,58.83,1.89,80,0.0,0.0,0,-0.7567706633464628,0.6536804747720056,0.0
2016-11-12,0.0,21.86,30.44,15.12,61.58,2.12,80,0.0,0.0,0,-0.7454378568682999,0.6665751282095634,0.0
2016-11-13,0.0,22.36,30.53,16.03,61.3,2.47,80,0.0,0.0,0,-0.7338853664321989,0.6792733388972934,0.0
2016-11-14,0.0,23.28,31.03,17.02,65.57,2.2,80,0.0,0.0,0,-0.7221165966101161,0.6917713646142221,0.0
2016-11-15,0.0,24.58,32.58,18.7,68.49,1.92,80,0.0,0.0,0,-0.7101350157125358,0.7040655221348057,0.0
2016-11-16,0.0,25.01,32.66,19.66,73.81,2.33,80,0.0,0.0,0,-0.6979441547663436,0.7161521883143933,0.0
2016-11-17,0.0,24.01,30.85,18.82,66.66,2.98,80,0.0,0.0,0,-0.6855476064742156,0.7280278011569846,0.0
2016-11-18,0.0,22.61,30.03,16.72,61.88,2.83,80,0.0,0.0,0,-0.6729490241558331,0.7396888608649665,0.0
2016-11-19,0.0,23.22,30.82,16.93,54.49,2.44,80,0.0,0.0,0,-0.6601521206712321,0.7511319308705195,0.0
2016-11-20,0.05,22.65,31.24,16.09,55.38,2.28,80,0.0,0.05,0,-0.6471606673266065,0.7623536388483899,0.0
2016-11-21,0.0,22.37,31.19,15.29,54.94,2.17,80,0.0,0.05,0,-0.6339784927628872,0.7733506777097294,0.0
2016-11-22,0.0,22.48,31.05,15.24,56.51,2.32,80,0.0,0.05,0,-0.6206094818274227,0.7841198065767104,0.0
2016-11-23,0.0,22.77,31.59,15.81,56.41,2.16,80,0.0,0.05,0,-0.607057574429101,0.7946578517376245,0.0
2016-11-24,0.0,23.03,31.26,16.72,55.9,2.35,80,0.0,0.05,0,-0.5933267643772321,0.8049617075821959,0.0
2016-11-25,0.0,22.7,31.17,15.56,55.34,2.78,80,0.0,0.0,0,-0.5794210982045647,0.8150283375168107,0.0
2016-11-26,0.0,23.01,32.3,16.15,55.24,2.29,80,0.0,0.0,0,-0.5653446739747432,0.8248547748594242,0.0
2016-11-27,0.0,23.4,32.44,16.08,55.35,2.02,80,0.0,0.0,0,-0.5511016400745998,0.8344381237138475,0.0
2016-11-28,0.01,23.6,33.43,16.55,56.82,1.97,80,0.0,0.01,0,-0.5366961939916011,0.8437755598231853,0.0
2016-11-29,0.02,23.58,32.31,16.73,57.47,1.62,80,0.0,0.03,0,-0.5221325810768248,0.8528643314021598,0.0
2016-11-30,0.0,23.35,32.05,16.56,58.3,1.57,80,0.0,0.030000000000000002,0,-0.5074150932938463,0.8617017599480677,0.0
2016-12-01,0.01,23.05,31.9,16.63,58.54,1.64,80,0.0,0.04,0,-0.4925480679538645,0.8702852410301551,0.0
2016-12-02,0.0,23.38,31.87,17.33,60.21,2.23,80,0.0,0.04,0,-0.47753588643748845,0.8786122450571482,0.0
2016-12-03,0.0,23.73,31.91,17.01,62.12,3.03,80,0.0,0.03,0,-0.4623829729035152,0.8866803180227398,0.0
2016-12-04,0.0,25.69,32.56,19.49,68.14,2.7,80,0.0,0.010000000000000004,0,-0.44709379298511437,0.8944870822287954,0.0
2016-12-05,0.0,25.32,32.06,20.7,68.52,2.07,80,0.0,0.010000000000000004,0,-0.43167285247378356,0.9020302369860709,0.0
2016-12-06,0.0,23.52,31.14,17.86,57.42,2.33,80,0.0,0.0,0,-0.4161246959914751,0.9093075592922355,0.0
2016-12-07,0.0,22.68,31.07,15.6,55.83,2.55,80,0.0,0.0,0,-0.4004539056512665,0.9163169044870048,0.0
2016-12-08,0.0,22.76,30.83,16.13,51.26,2.15,80,0.0,0.0,0,-0.3846650997070013,0.923056206884176,0.0
2016-12-09,0.0,22.12,30.81,15.03,53.45,1.73,80,0.0,0.0,0,-0.3687629311922604,0.9295234803804002,0.0
2016-12-10,0.0,21.24,30.53,13.75,51.58,1.8,80,0.0,0.0,0,-0.3527520865490943,0.9357168190404939,0.0
2016-12-11,0.0,21.38,31.29,13.48,54.53,2.01,80,0.0,0.0,0,-0.3366372842469107,0.9416343976591258,0.0
2016-12-12,0.0,22.26,32.07,15.35,53.29,2.05,80,0.0,0.0,0,-0.3204232733919109,0.947274472298717,0.0
2016-12-13,0.0,22.77,32.77,15.67,52.88,2.28,80,0.0,0.0,0,-0.30411483232751857,0.9526353808033823,0.0
2016-12-14,0.0,24.06,32.51,16.54,56.69,2.74,80,0.0,0.0,0,-0.28771676722616696,0.9577155432887803,0.0
2016-12-15,0.01,25.71,33.11,19.57,66.54,2.13,80,0.0,0.010000000000000004,0,-0.27123391067291097,0.9625134626077079,0.0
2016-12-16,0.0,25.76,32.89,20.36,60.79,2.46,80,0.0,0.010000000000000004,0,-0.25467112024122895,0.9670277247913203,0.0
2016-12-17,0.0,25.39,33.18,19.73,61.69,1.71,80,0.0,0.010000000000000004,0,-0.23803327706148678,0.9712569994658311,0.0
2016-12-18,0.0,24.01,32.66,18.32,57.16,1.87,80,0.0,0.010000000000000004,0,-0.22132528438243296,0.9752000402445824,0.0
2016-12-19,0.0,23.17,32.2,16.29,55.49,1.6,80,0.0,0.010000000000000004,0,-0.2045520661262005,0.9788556850953579,0.0
2016-12-20,0.0,23.45,32.65,15.93,49.64,2.34,80,0.0,0.0,0,-0.1877185654371994,0.9822228566828405,0.0
2016-12-21,0.01,23.15,32.8,16.09,47.26,2.07,80,0.0,0.010000000000000004,0,-0.17082974322534408,0.985300562686109,0.0
2016-12-22,0.0,22.8,33.18,15.98,49.86,1.78,80,0.0,0.010000000000000004,0,-0.1538905767040627,0.9880878960910771,0.0
2016-12-23,0.0,22.82,33.86,15.13,48.55,1.78,80,0.0,0.010000000000000004,0,-0.1369060579234754,0.9905840354577969,0.0
2016-12-24,0.0,23.21,33.58,15.48,48.43,1.56,80,0.0,0.010000000000000004,0,-0.1198811922992275,0.99278824516254,0.0
2016-12-25,0.0,22.99,32.8,15.67,48.29,1.63,80,0.0,0.010000000000000004,0,-0.1028209971373608,0.9946998756145891,0.0
2016-12-26,0.0,23.05,33.58,15.74,47.4,2.04,80,0.0,0.0,0,-0.08573050015569487,0.9963183634476755,0.0
2016-12-27,0.0,22.64,32.87,14.93,41.22,2.59,80,0.0,0.0,0,-0.06861473800213468,0.9976432316860063,0.0
2016-12-28,0.0,22.32,32.97,14.43,42.33,2.76,80,0.0,0.0,0,-0.05147875477034641,0.9986740898848305,0.0
2016-12-29,0.0,22.98,33.38,15.46,43.57,2.15,80,0.0,0.0,0,-0.034327600513243496,0.9994106342455052,0.0
2016-12-30,0.0,23.31,33.49,16.14,45.88,2.09,80,0.0,0.0,0,-0.017166329754707492,0.9998526477050269,0.0
2016-12-31,0.0,23.19,32.67,15.89,51.53,1.57,80,0.0,0.0,0,-2.4492935982947064e-16,1.0,0.0
2017-01-01,0.0,23.05,32.24,16.25,55.22,1.4,80,0.0,0.0,0,0.01716632975470737,0.9998526477050269,0.0
2017-01-02,0.0,22.87,32.65,16.04,49.87,1.81,80,0.0,0.0,0,0.034327600513243496,0.9994106342455052,0.0
2017-01-03,0.0,22.7,33.11,15.25,44.02,2.24,80,0.0,0.0,0,0.05147875477034653,0.9986740898848305,0.0
2017-01-04,0.0,22.27,32.63,15.02,44.38,2.04,80,0.0,0.0,0,0.06861473800213404,0.9976432316860063,0.0
2017-01-05,0.0,22.24,32.56,14.64,48.28,1.8,80,0.0,0.0,0,0.08573050015569435,0.9963183634476755,0.0
2017-01-06,0.0,21.47,30.27,15.13,54.57,1.55,80,0.0,0.0,0,0.1028209971373604,0.9946998756145891,0.0
2017-01-07,0.0,20.81,28.92,14.05,68.94,1.46,80,0.0,0.0,0,0.11988119229922722,0.99278824516254,0.0
2017-01-08,0.0,21.73,29.23,16.24,75.3,1.45,80,0.0,0.0,0,0.13690605792347524,0.990584035457797,0.0
2017-01-09,0.0,21.19,28.68,15.57,66.92,1.78,80,0.0,0.0,0,0.15389057670406178,0.9880878960910772,0.0
2017-01-10,0.0,20.53,30.57,12.96,49.68,1.83,80,0.0,0.0,0,0.17082974322534417,0.985300562686109,0.0
2017-01-11,0.0,19.92,30.03,12.37,47.25,2.1,80,0.0,0.0,0,0.1877185654371987,0.9822228566828407,0.0
2017-01-12,0.0,19.96,29.9,12.13,44.42,1.75,80,0.0,0.0,0,0.2045520661262008,0.9788556850953578,0.0
2017-01-13,0.0,21.31,30.47,14.01,49.5,1.53,80,0.0,0.0,0,0.22132528438243257,0.9752000402445825,0.0
2017-01-14,0.0,22.26,31.44,15.34,55.83,2.67,80,0.0,0.0,0,0.2380332770614856,0.9712569994658314,0.0
2017-01-15,0.0,23.25,31.63,17.06,67.78,1.77,80,0.0,0.0,0,0.2546711202412287,0.9670277247913204,0.0
2017-01-16,0.0,23.14,31.22,17.67,62.77,1.53,80,0.0,0.0,0,0.27123391067291003,0.9625134626077081,0.0
2017-01-17,0.0,22.92,31.28,17.39,52.39,1.69,80,0.0,0.0,0,0.287716767226167,0.9577155432887803,0.0
2017-01-18,0.0,23.15,32.41,16.12,45.72,1.73,80,0.0,0.0,0,0.30411483232751785,0.9526353808033825,0.0
2017-01-19,0.0,23.88,32.49,17.35,47.78,2.28,80,0.0,0.0,0,0.3204232733919111,0.9472744722987169,0.0
2017-01-20,0.0,23.91,32.87,16.83,42.89,2.79,80,0.0,0.0,0,0.33663728424691025,0.9416343976591259,0.0
2017-01-21,0.0,24.34,33.96,17.27,44.28,2.61,80,0.0,0.0,0,0.3527520865490948,0.9357168190404936,0.0
2017-01-22,0.0,25.57,35.5,18.08,44.15,2.05,80,0.0,0.0,0,0.3687629311922601,0.9295234803804003,0.0
2017-01-23,0.0,26.11,35.68,19.17,41.73,2.26,80,0.0,0.0,0,0.3846650997070012,0.9230562068841761,0.0
2017-01-24,0.0,26.7,36.05,19.99,40.95,2.22,80,0.0,0.0,0,0.40045390565126643,0.9163169044870048,0.0
2017-01-25,0.0,26.41,35.36,19.77,41.6,2.09,80,0.0,0.0,0,0.41612469599147445,0.9093075592922358,0.0
2017-01-26,0.0,25.72,34.27,19.77,44.09,1.99,80,0.0,0.0,0,0.43167285247378384,0.9020302369860707,0.0
2017-01-27,0.0,24.21,33.33,17.67,48.17,2.23,80,0.0,0.0,0,0.44709379298511387,0.8944870822287956,0.0
2017-01-28,0.0,24.96,35.46,17.21,37.17,2.79,80,0.0,0.0,0,0.4623829729035149,0.88668031802274,0.0
2017-01-29,0.0,25.58,35.92,17.72,31.28,2.86,80,0.0,0.0,0,0.47753588643748823,0.8786122450571483,0.0
2017-01-30,0.0,25.73,36.11,17.97,33.11,1.79,80,0.0,0.0,0,0.4925480679538643,0.8702852410301553,0.0
2017-01-31,0.0,25.59,35.42,18.63,33.59,1.87,80,0.0,0.0,0,0.5074150932938455,0.8617017599480682,0.0
2017-02-01,0.0,25.74,36.59,17.31,31.11,1.78,80,0.0,0.0,0,0.5221325810768248,0.8528643314021597,0.0
2017-02-02,0.0,26.39,36.78,18.32,34.34,1.81,80,0.0,0.0,0,0.5366961939916004,0.8437755598231856,0.0
2017-02-03,0.0,26.19,35.61,18.96,42.15,1.82,80,0.0,0.0,0,0.5511016400746002,0.8344381237138473,0.0
2017-02-04,0.0,25.46,34.67,19.27,57.31,1.9,80,0.0,0.0,0,0.5653446739747429,0.8248547748594244,0.0
2017-02-05,0.07,23.55,31.13,18.42,70.77,2.48,80,0.0,0.07,0,0.5794210982045637,0.8150283375168114,0.0
2017-02-06,0.0,22.98,31.99,16.45,51.6,1.9,80,0.0,0.07,0,0.593326764377232,0.8049617075821959,0.0
2017-02-07,0.0,24.03,34.56,15.76,33.04,1.99,80,0.0,0.07,0,0.6070575744291002,0.7946578517376252,0.0
2017-02-08,0.0,25.14,35.3,18.45,37.46,1.8,80,0.0,0.07,0,0.6206094818274227,0.7841198065767105,0.0
2017-02-09,0.0,25.26,35.03,17.88,40.65,1.98,80,0.0,0.07,0,0.6339784927628866,0.7733506777097299,0.0
2017-02-10,0.0,25.39,35.2,18.0,35.15,2.08,80,0.0,0.0,0,0.647160667326606,0.7623536388483904,0.0
2017-02-11,0.0,24.52,32.08,19.0,48.95,1.57,80,0.0,0.0,0,0.6601521206712317,0.7511319308705199,0.0
2017-02-12,0.0,24.59,35.01,16.04,43.43,1.67,80,0.0,0.0,0,0.6729490241558329,0.7396888608649669,0.0
2017-02-13,0.0,26.87,36.85,18.62,34.86,1.85,80,0.0,0.0,0,0.6855476064742154,0.7280278011569848,0.0
2017-02-14,0.0,28.3,37.7,20.73,34.05,2.78,80,0.0,0.0,0,0.6979441547663435,0.7161521883143933,0.0
2017-02-15,0.0,28.59,37.38,21.91,34.81,2.64,80,0.0,0.0,0,0.7101350157125358,0.7040655221348057,0.0
2017-02-16,0.0,28.74,38.31,21.37,31.77,2.69,80,0.0,0.0,0,0.7221165966101162,0.691771364614222,0.0
2017-02-17,0.0,29.25,39.24,21.91,30.19,2.47,80,0.0,0.0,0,0.733885366432199,0.6792733388972931,0.0
2017-02-18,0.0,29.78,40.17,21.72,25.66,2.26,80,0.0,0.0,0,0.7454378568683001,0.6665751282095632,0.0
2017-02-19,0.0,29.34,39.17,21.99,26.81,2.39,80,0.0,0.0,0,0.7567706633464625,0.653680474772006,0.0
2017-02-20,0.0,28.18,37.19,21.99,36.45,2.1,80,0.0,0.0,0,0.7678804460366,0.6405931786981751,0.0
2017-02-21,0.0,25.79,33.52,20.19,64.89,1.82,80,0.0,0.0,0,0.7787639308347607,0.6273170968742937,0.0
2017-02-22,0.0,25.57,34.58,18.29,57.12,1.74,80,0.0,0.0,0,0.7894179103280197,0.613856141822612,0.0
2017-02-23,0.0,27.5,38.1,18.93,42.03,2.52,80,0.0,0.0,0,0.7998392447397193,0.6002142805483682,0.0
2017-02-24,0.0,29.56,40.31,21.32,24.6,2.73,80,0.0,0.0,0,0.8100248628547753,0.5863955333706956,0.0
2017-02-25,0.0,29.97,40.68,21.28,16.82,2.91,80,0.0,0.0,0,0.8199717629247771,0.5724039727378148,0.0
2017-02-26,0.0,29.62,40.18,21.61,20.46,2.5,80,0.0,0.0,0,0.8296770135526188,0.5582437220268648,0.0
2017-02-27,0.03,29.01,39.71,20.09,29.5,2.12,80,0.0,0.03,0,0.8391377545563938,0.5439189543287247,0.0
2017-02-28,0.03,29.47,40.1,21.0,23.51,1.97,80,0.0,0.06,0,0.8483511978123038,0.5294338912181853,0.0
2017-03-01,0.04,29.51,39.93,21.68,25.29,2.09,80,0.0,0.1,0,0.8573146280763322,0.5147928015098309,0.0
2017-03-02,0.03,28.83,38.49,21.83,31.21,2.41,80,0.0,0.13,0,0.8660254037844386,0.5000000000000001,0.0
2017-03-03,0.13,27.75,37.07,21.51,40.3,1.91,80,0.0,0.26,0,0.8744809578310397,0.4850598461951962,0.0
2017-03-04,0.0,26.77,35.86,19.47,45.1,1.69,80,0.0,0.23,0,0.8826787983255474,0.46997674302731995,0.0
2017-03-05,0.01,27.21,36.86,19.15,46.43,1.77,80,0.0,0.21000000000000002,0,0.8906165093267404,0.4547551355561058,0.0
2017-03-06,0.52,27.01,35.7,20.99,46.46,1.58,80,0.0,0.6900000000000001,0,0.8982917515547528,0.4393995096591417,0.0
2017-03-07,0.0,26.59,34.65,20.33,48.59,1.87,80,0.0,0.66,0,0.9057022630804714,0.42391439070986076,0.0
2017-03-08,0.02,27.07,35.43,20.72,54.04,2.25,80,0.0,0.55,0,0.9128458599921356,0.40830434224389334,0.0
2017-03-09,0.0,26.51,34.81,20.51,53.38,2.18,80,0.0,0.55,0,0.9197204370389467,0.3925739646141717,0.0
2017-03-10,0.48,25.12,31.46,20.53,63.74,2.67,80,0.0,1.02,0,0.926323968251495,0.3767278936351851,0.0
2017-03-11,0.0,24.85,31.71,19.82,54.75,2.59,80,0.0,0.5,0,0.9326545075388224,0.36077079921678346,0.0
2017-03-12,0.0,24.71,34.31,16.72,40.91,2.29,80,0.0,0.5,0,0.9387101892619443,0.3447073839879338,0.0
2017-03-13,0.0,26.24,36.18,17.82,27.18,2.01,80,0.0,0.48,0,0.9444892287836613,0.32854238191083485,0.0
2017-03-14,0.0,27.5,37.5,19.25,26.64,2.06,80,0.0,0.48,0,0.949989922994501,0.3122805568857947,0.0
2017-03-15,0.1,28.28,38.35,20.09,41.28,2.13,80,0.0,0.1,0,0.9552106508146316,0.2959267013472893,0.0
2017-03-16,0.08,27.86,36.5,21.57,53.36,1.84,80,0.0,0.18,0,0.9601498736716018,0.2794856348516095,0.0
2017-03-17,0.0,27.66,36.21,19.88,50.67,1.81,80,0.0,0.18,0,0.9648061359537645,0.2629622026565149,0.0
2017-03-18,0.0,28.08,37.48,20.85,50.93,2.29,80,0.0,0.18,0,0.9691780654392536,0.2463612742933148,0.0
2017-03-19,0.0,27.47,36.32,20.65,53.45,2.22,80,0.0,0.18,0,0.9732643737003824,0.22968774213179574,0.0
2017-03-20,0.04,28.18,38.72,19.54,54.65,2.0,80,0.0,0.12,0,0.9770638564833508,0.21294651993841582,0.0
2017-03-21,0.1,29.19,39.32,21.4,51.65,1.78,80,0.0,0.14,0,0.9805753940631429,0.19614254142819698,0.0
2017-03-22,0.0,29.55,39.83,21.5,44.76,2.06,80,0.0,0.14,0,0.9837979515735163,0.17928075881073577,0.0
2017-03-23,0.0,29.76,40.08,22.05,46.67,2.24,80,0.0,0.14,0,0.9867305793119814,0.162366141330764,0.0
2017-03-24,0.0,29.88,39.42,22.17,51.3,2.13,80,0.0,0.14,0,0.989372413019683,0.14540367380368976,0.0
2017-03-25,0.01,30.89,41.16,23.08,47.61,2.06,80,0.0,0.10999999999999999,0,0.9917226741361015,0.12839835514655099,0.0
2017-03-26,0.02,31.81,42.14,24.43,43.99,2.12,80,0.0,0.029999999999999985,0,0.9937806700284985,0.11135519690480875,0.0
2017-03-27,0.05,32.75,44.0,23.84,36.79,2.39,80,0.0,0.07999999999999999,0,0.9955457941960382,0.09427922177542453,0.0
2017-03-28,0.13,32.24,44.11,25.1,43.4,2.15,80,0.0,0.21,0,0.9970175264485267,0.07717546212664653,0.0
2017-03-29,0.04,30.6,41.02,23.92,60.78,2.44,80,0.0,0.25,0,0.998195433059714,0.0600489585149486,0.0
2017-03-30,0.02,30.2,38.33,24.55,60.59,2.13,80,0.0,0.26,0,0.9990791668951153,0.042904758199554374,0.0
2017-03-31,0.02,31.79,42.12,23.95,48.69,1.97,80,0.0,0.26,0,0.999668467514313,0.025747913654988658,0.0
2017-04-01,0.03,30.91,40.15,24.61,52.98,2.09,80,0.0,0.24,0,0.9999631612477099,0.008583481082087055,0.0
2017-04-02,0.0,30.02,38.71,23.38,53.78,2.13,80,0.0,0.11,0,0.9999631612477099,-0.008583481082086933,0.0
2017-04-03,0.0,29.56,38.27,22.59,56.99,1.97,80,0.0,0.07,0,0.9996684675143132,-0.025747913654988314,0.0
2017-04-04,0.02,29.63,38.24,23.46,61.81,2.11,80,0.0,0.07,0,0.9990791668951153,-0.04290475819955447,0.0
2017-04-05,0.03,29.71,38.29,23.53,62.9,2.23,80,0.0,0.08,0,0.998195433059714,-0.06004895851494825,0.0
2017-04-06,0.02,29.48,37.57,23.42,63.09,2.37,80,0.0,0.07,0,0.9970175264485267,-0.07717546212664618,0.0
2017-04-07,0.0,28.51,36.86,22.47,56.76,2.48,80,0.0,0.07,0,0.9955457941960382,-0.0942792217754244,0.0
2017-04-08,0.0,29.07,39.48,20.43,42.72,2.08,80,0.0,0.07,0,0.9937806700284985,-0.11135519690480862,0.0
2017-04-09,0.0,31.83,42.98,21.8,27.96,2.03,80,0.0,0.049999999999999996,0,0.9917226741361015,-0.12839835514655107,0.0
2017-04-10,0.0,32.34,42.75,23.39,31.21,1.92,80,0.0,0.02,0,0.9893724130196829,-0.14540367380368988,0.0
2017-04-11,0.0,32.26,43.3,23.3,36.4,2.17,80,0.0,0.0,0,0.9867305793119814,-0.16236614133076366,0.0
2017-04-12,0.0,31.47,42.74,23.34,48.8,1.85,80,0.0,0.0,0,0.9837979515735163,-0.17928075881073566,0.0
2017-04-13,0.0,31.66,43.46,22.29,47.94,2.09,80,0.0,0.0,0,0.980575394063143,-0.19614254142819687,0.0
2017-04-14,0.0,30.91,40.75,22.87,54.85,2.2,80,0.0,0.0,0,0.9770638564833507,-0.21294651993841593,0.0
2017-04-15,0.0,30.64,39.49,23.44,57.62,2.3,80,0.0,0.0,0,0.9732643737003824,-0.22968774213179563,0.0
2017-04-16,0.0,31.88,41.63,24.8,47.3,2.21,80,0.0,0.0,0,0.9691780654392537,-0.2463612742933147,0.0
2017-04-17,0.0,31.47,41.46,23.42,53.49,2.74,80,0.0,0.0,0,0.9648061359537646,-0.26296220265651454,0.0
2017-04-18,0.0,32.14,42.15,23.79,47.77,3.1,80,0.0,0.0,0,0.9601498736716018,-0.2794856348516094,0.0
2017-04-19,0.0,31.04,39.77,24.22,50.79,2.39,80,0.0,0.0,0,0.9552106508146317,-0.2959267013472892,0.0
2017-04-20,0.0,29.94,38.56,24.2,60.82,2.23,80,0.0,0.0,0,0.949989922994501,-0.31228055688579476,0.0
2017-04-21,0.0,29.17,37.13,23.33,62.86,2.71,80,0.0,0.0,0,0.9444892287836613,-0.32854238191083474,0.0
2017-04-22,0.0,29.26,37.21,22.68,62.15,2.63,80,0.0,0.0,0,0.9387101892619443,-0.3447073839879337,0.0
2017-04-23,0.01,29.49,37.19,23.74,61.72,2.35,80,0.0,0.01,0,0.9326545075388225,-0.3607707992167831,0.0
2017-04-24,0.01,29.3,36.84,23.81,60.69,2.22,80,0.0,0.02,0,0.926323968251495,-0.376727893635185,0.0
2017-04-25,0.0,29.08,36.7,23.73,55.91,2.35,80,0.0,0.02,0,0.9197204370389467,-0.39257396461417177,0.0
2017-04-26,0.01,29.42,37.55,23.49,56.1,2.44,80,0.0,0.03,0,0.9128458599921355,-0.40830434224389345,0.0
2017-04-27,0.0,30.32,39.49,23.02,53.69,2.28,80,0.0,0.03,0,0.9057022630804715,-0.42391439070986064,0.0
2017-04-28,0.0,30.44,39.11,23.31,51.83,2.28,80,0.0,0.019999999999999997,0,0.898291751554753,-0.43939950965914143,0.0
2017-04-29,0.02,30.1,38.34,24.52,55.6,2.0,80,0.0,0.030000000000000002,0,0.8906165093267405,-0.4547551355561055,0.0
2017-04-30,0.03,29.63,37.79,23.85,57.34,1.8,80,0.0,0.06,0,0.8826787983255476,-0.4699767430273197,0.0
2017-05-01,0.05,30.67,39.91,24.26,56.32,2.01,80,0.0,0.1,0,0.8744809578310397,-0.4850598461951961,0.0
2017-05-02,0.03,30.92,39.17,24.29,55.21,2.12,80,0.0,0.13,0,0.8660254037844387,-0.4999999999999998,0.0
2017-05-03,0.12,31.08,39.36,24.96,55.89,2.15,80,0.0,0.25,0,0.8573146280763323,-0.5147928015098308,0.0
2017-05-04,0.26,31.92,40.43,25.2,55.28,2.07,80,0.0,0.49,0,0.848351197812304,-0.5294338912181852,0.0
2017-05-05,0.26,32.64,41.18,25.68,51.92,2.0,80,0.0,0.72,0,0.8391377545563939,-0.5439189543287246,0.0
2017-05-06,0.12,32.33,40.73,25.79,51.78,2.2,80,0.0,0.79,0,0.8296770135526188,-0.5582437220268649,0.0
2017-05-07,0.11,31.91,39.42,25.45,52.79,2.29,80,0.0,0.87,0,0.8199717629247771,-0.5724039727378148,0.0
2017-05-08,0.17,32.22,40.32,26.37,53.89,2.14,80,0.0,0.92,0,0.8100248628547753,-0.5863955333706956,0.0
2017-05-09,0.1,31.85,39.99,25.55,55.84,2.27,80,0.0,0.76,0,0.7998392447397195,-0.6002142805483681,0.0
2017-05-10,0.02,31.91,40.53,24.79,52.97,2.17,80,0.0,0.52,0,0.7894179103280199,-0.6138561418226116,0.0
2017-05-11,0.28,32.04,40.47,25.38,55.2,2.22,80,0.0,0.68,0,0.7787639308347607,-0.6273170968742938,0.0
2017-05-12,1.82,32.91,41.05,26.6,54.35,2.21,80,0.0,2.39,0,0.7678804460366001,-0.6405931786981751,0.0
2017-05-13,1.94,33.7,40.92,27.68,50.62,2.06,80,0.0,4.16,0,0.7567706633464627,-0.6536804747720057,0.0
2017-05-14,2.08,31.73,36.97,28.18,58.34,2.27,80,0.0,6.14,0,0.7454378568683001,-0.6665751282095632,0.0
2017-05-15,0.62,30.57,36.42,26.81,63.35,2.76,80,0.0,6.74,0,0.7338853664321991,-0.6792733388972931,0.0
2017-05-16,0.11,30.76,37.19,25.95,62.55,2.38,80,0.0,6.57,0,0.722116596610116,-0.6917713646142222,0.0
2017-05-17,0.03,31.0,37.63,26.49,63.11,2.33,80,0.0,4.779999999999999,0,0.7101350157125357,-0.7040655221348058,0.0
2017-05-18,0.02,30.93,37.65,25.87,61.65,2.13,80,0.0,2.86,0,0.6979441547663435,-0.7161521883143933,0.0
2017-05-19,0.02,30.85,37.56,25.81,60.49,2.5,80,0.0,0.8,0,0.6855476064742155,-0.7280278011569847,0.0
2017-05-20,0.01,31.03,38.26,25.59,59.73,2.67,80,0.0,0.19,0,0.672949024155833,-0.7396888608649667,0.0
2017-05-21,0.04,30.74,37.17,26.12,60.26,2.85,80,0.0,0.12,0,0.660152120671232,-0.7511319308705197,0.0
2017-05-22,0.07,31.29,38.81,25.79,59.62,2.82,80,0.0,0.16,0,0.647160667326606,-0.7623536388483902,0.0
2017-05-23,0.13,32.48,40.51,26.32,58.76,2.98,80,0.0,0.27,0,0.6339784927628868,-0.7733506777097298,0.0
2017-05-24,0.14,31.04,37.34,27.01,63.33,2.23,80,0.0,0.39,0,0.620609481827423,-0.7841198065767103,0.0
2017-05-25,0.04,31.36,38.35,26.31,62.93,2.64,80,0.0,0.42,0,0.6070575744291006,-0.7946578517376249,0.0
2017-05-26,0.04,31.17,37.66,27.03,64.11,2.86,80,0.0,0.42000000000000004,0,0.593326764377232,-0.8049617075821959,0.0
2017-05-27,0.17,31.09,36.4,27.68,64.19,3.55,80,0.0,0.52,0,0.5794210982045638,-0.8150283375168113,0.0
2017-05-28,0.35,31.53,36.92,27.74,61.01,3.89,80,0.0,0.74,0,0.5653446739747428,-0.8248547748594245,0.0
2017-05-29,1.07,31.33,36.33,27.88,67.09,4.43,80,0.0,1.67,0,0.5511016400746,-0.8344381237138473,0.0
2017-05-30,2.21,31.24,35.83,28.24,69.38,4.96,80,0.0,3.84,0,0.5366961939916005,-0.8437755598231856,0.0
2017-05-31,1.02,31.36,36.04,28.12,70.1,3.62,80,0.0,4.82,0,0.522132581076825,-0.8528643314021596,0.0
2017-06-01,3.67,30.39,34.46,28.23,73.73,1.93,80,0.0,8.32,0,0.5074150932938458,-0.861701759948068,0.0
2017-06-02,3.92,30.22,34.25,27.54,74.93,1.89,80,0.0,11.89,0,0.4925480679538644,-0.8702852410301553,0.0
2017-06-03,8.88,30.74,37.52,27.17,70.9,3.52,80,0.0,19.700000000000003,0,0.47753588643748834,-0.8786122450571482,0.0
2017-06-04,3.06,29.36,33.67,26.76,74.33,3.36,80,0.0,20.55,0,0.4623829729035151,-0.8866803180227399,0.0
2017-06-05,1.32,30.21,34.39,27.21,72.24,3.29,80,0.0,20.85,0,0.44709379298511426,-0.8944870822287954,0.0
2017-06-06,3.32,30.21,34.5,27.08,73.29,3.38,80,0.0,20.500000000000004,0,0.43167285247378384,-0.9020302369860707,0.0
2017-06-07,18.25,28.86,31.73,26.89,79.69,3.45,80,0.44608979000724086,34.83,0,0.4161246959914746,-0.9093075592922357,0.0
2017-06-08,19.6,28.24,31.13,26.24,80.33,2.71,80,0.6762784090909091,45.55,0,0.4004539056512664,-0.9163169044870048,0.0
2017-06-09,25.36,27.39,29.92,25.62,84.38,2.36,86,4.997958558437169,67.85000000000001,0,0.3846650997070012,-0.923056206884176,0.0
2017-06-10,14.79,28.21,31.23,25.84,83.28,3.2,92,3.3146165215877135,81.32,0,0.3687629311922603,-0.9295234803804002,1.0
2017-06-11,42.97,28.0,30.31,26.6,86.97,2.33,92,24.51045999277394,120.97,1,0.352752086549095,-0.9357168190404935,1.0
2017-06-12,37.36,27.87,30.27,26.05,86.2,1.95,92,19.720589530151177,140.07999999999998,1,0.3366372842469106,-0.9416343976591258,0.0
2017-06-13,11.52,27.97,30.65,26.27,86.53,2.34,92,1.728256310357691,132.0,0,0.3204232733919116,-0.9472744722987168,0.0
2017-06-14,7.2,28.53,32.28,25.7,83.59,2.62,92,0.31134083307996374,113.83999999999999,0,0.30411483232751846,-0.9526353808033824,0.0
2017-06-15,6.76,28.07,31.5,25.98,82.79,2.21,92,0.22463827956456753,105.81,0,0.2877167672261668,-0.9577155432887804,0.0
2017-06-16,5.9,27.92,30.72,25.51,86.02,2.34,92,0.0932613106838945,68.74,0,0.27123391067291,-0.9625134626077081,0.0
2017-06-17,9.48,28.74,31.67,26.55,83.87,2.01,92,0.9440301014056426,40.86,0,0.2546711202412288,-0.9670277247913204,0.0
2017-06-18,4.37,28.66,31.74,26.52,83.86,2.67,86,0.0,33.71,0,0.2380332770614858,-0.9712569994658313,0.0
2017-06-19,3.74,28.79,32.43,26.14,81.75,3.08,80,0.0,30.25,0,0.22132528438243243,-0.9752000402445825,0.0
2017-06-20,3.19,28.67,32.41,26.19,79.97,3.97,80,0.0,26.68,0,0.2045520661262008,-0.9788556850953578,0.0
2017-06-21,5.02,28.55,32.14,26.11,79.72,4.62,80,0.0,25.8,0,0.18771856543719884,-0.9822228566828406,0.0
2017-06-22,15.86,28.38,31.42,26.19,82.14,4.26,80,0.14979897989798965,32.18,0,0.17082974322534442,-0.985300562686109,0.0
2017-06-23,12.18,28.54,31.52,26.42,82.87,3.94,80,0.0,39.989999999999995,0,0.15389057670406214,-0.9880878960910771,0.0
2017-06-24,31.42,28.5,31.39,26.61,83.45,4.2,86,8.309162743405565,67.67,0,0.13690605792347574,-0.9905840354577969,1.0
2017-06-25,59.72,27.81,29.94,26.62,88.19,3.52,92,39.51926231854747,124.2,1,0.11988119229922782,-0.9927882451625399,1.0
2017-06-26,56.71,27.27,28.63,26.38,90.03,3.92,92,36.76435747109231,175.89000000000001,1,0.10282099713736025,-0.9946998756145891,1.0
2017-06-27,49.52,27.51,29.07,26.44,88.71,5.69,92,30.276208881116215,209.55,1,0.0857305001556943,-0.9963183634476755,1.0
2017-06-28,47.65,27.48,29.62,26.0,87.78,6.22,92,28.6140675984436,245.02,1,0.0686147380021341,-0.9976432316860063,1.0
2017-06-29,46.64,27.61,29.75,26.21,88.49,5.82,92,27.721361185381674,260.24,1,0.05147875477034673,-0.9986740898848305,1.0
2017-06-30,33.27,27.5,29.51,26.22,87.19,5.77,92,16.342366193973888,233.79000000000002,1,0.03432760051324382,-0.9994106342455052,1.0
2017-07-01,43.44,27.44,29.42,26.0,88.04,5.39,92,24.918586542007045,220.51999999999998,1,0.01716632975470737,-0.9998526477050269,1.0
2017-07-02,30.43,27.19,28.6,26.22,89.72,4.83,92,14.067815542508512,201.43,1,1.2246467991473532e-16,-1.0,0.0
2017-07-03,13.59,27.51,29.75,25.72,87.86,4.32,92,2.6915521600647305,167.37,0,-0.017166329754707124,-0.9998526477050269,0.0
2017-07-04,13.33,27.2,29.23,25.69,87.95,4.58,92,2.5624421892617564,134.06,0,-0.03432760051324313,-0.9994106342455054,0.0
2017-07-05,8.29,26.95,29.13,25.43,88.14,4.24,92,0.5777099109346293,109.08,0,-0.051478754770346045,-0.9986740898848305,0.0
2017-07-06,9.77,26.86,29.05,25.2,88.75,3.58,92,1.0441280545732745,75.41,0,-0.06861473800213432,-0.9976432316860063,0.0
2017-07-07,10.43,26.92,29.42,25.02,87.51,3.29,92,1.28654885039493,55.41,0,-0.0857305001556945,-0.9963183634476755,0.0
2017-07-08,10.3,26.67,29.16,24.74,88.64,2.55,92,1.2372407220919315,52.12,0,-0.10282099713736044,-0.9946998756145891,0.0
2017-07-09,13.39,26.87,29.39,24.65,88.08,2.37,86,0.564177023138964,52.18,0,-0.11988119229922714,-0.99278824516254,0.0
2017-07-10,11.07,26.99,29.56,24.94,88.01,2.3,86,0.17760968511837938,54.96,0,-0.13690605792347504,-0.990584035457797,0.0
2017-07-11,9.75,26.91,28.99,25.38,88.27,3.29,92,1.0370957845425186,54.940000000000005,0,-0.15389057670406148,-0.9880878960910772,0.0
2017-07-12,12.36,26.72,28.85,25.15,88.17,3.92,92,2.1007641114868525,56.870000000000005,0,-0.17082974322534417,-0.985300562686109,1.0
2017-07-13,48.94,26.65,28.52,25.24,89.7,4.5,92,29.759429874624185,95.50999999999999,1,-0.1877185654371986,-0.9822228566828407,1.0
2017-07-14,99.47,26.62,28.27,25.43,90.2,5.33,92,77.13020278913736,181.58999999999997,1,-0.20455206612620058,-0.9788556850953579,1.0
2017-07-15,53.21,26.35,27.97,25.16,90.23,5.22,92,33.58822329151209,223.73,1,-0.22132528438243218,-0.9752000402445826,1.0
2017-07-16,39.73,26.28,28.19,24.84,89.72,4.6,92,21.72456059849093,253.70999999999998,1,-0.23803327706148514,-0.9712569994658315,1.0
2017-07-17,77.93,26.3,27.83,25.02,91.55,4.68,92,56.528537812397616,319.28,1,-0.254671120241229,-0.9670277247913203,1.0
2017-07-18,65.82,26.13,27.15,25.33,94.04,4.48,92,45.15870150735929,336.15999999999997,1,-0.2712339106729102,-0.9625134626077081,1.0
2017-07-19,76.71,26.29,27.66,25.1,93.85,3.97,92,55.37450040148784,313.4,1,-0.287716767226167,-0.9577155432887803,1.0
2017-07-20,57.48,26.46,27.7,25.5,92.93,5.19,92,37.467155444517445,317.67,1,-0.3041148323275178,-0.9526353808033826,1.0
2017-07-21,62.51,26.58,28.18,25.63,91.95,5.94,92,42.08991625130644,340.45,1,-0.32042327339191096,-0.947274472298717,1.0
2017-07-22,57.65,26.35,27.96,25.38,91.24,5.51,92,37.62250379918708,320.16999999999996,1,-0.3366372842469099,-0.941634397659126,1.0
2017-07-23,48.88,26.19,27.45,25.17,91.95,5.55,92,29.706032872864782,303.22999999999996,1,-0.35275208654909473,-0.9357168190404936,0.0
2017-07-24,22.7,26.52,28.46,25.3,90.74,5.02,92,8.27984594132659,249.22,0,-0.36876293119226006,-0.9295234803804003,0.0
2017-07-25,9.55,26.42,28.37,24.99,90.14,4.67,92,0.9678211908341817,201.28999999999996,0,-0.38466509970700097,-0.9230562068841761,0.0
2017-07-26,10.96,26.33,28.47,24.72,89.58,4.4,92,1.4951581771986084,149.73999999999998,0,-0.40045390565126615,-0.9163169044870049,0.0
2017-07-27,20.81,26.22,28.33,24.67,90.22,4.2,92,6.983385033865223,112.89999999999998,0,-0.4161246959914748,-0.9093075592922356,1.0
2017-07-28,26.17,26.35,28.59,24.72,90.69,4.16,92,10.793354877489802,90.18999999999998,1,-0.431672852473784,-0.9020302369860707,0.0
2017-07-29,20.86,26.61,28.98,24.98,89.92,3.81,92,7.016933079647183,88.34999999999998,0,-0.44709379298511404,-0.8944870822287955,0.0
2017-07-30,12.04,26.3,28.75,24.42,90.45,3.54,92,1.9557392678711865,90.83999999999999,0,-0.4623829729035149,-0.88668031802274,0.0
2017-07-31,18.9,26.22,28.79,24.38,90.05,3.55,92,5.7355331786015205,98.77999999999999,0,-0.4775358864374881,-0.8786122450571483,0.0
2017-08-01,14.04,26.33,28.88,24.51,89.55,3.47,92,2.9200841283959567,92.00999999999999,0,-0.4925480679538642,-0.8702852410301554,0.0
2017-08-02,5.29,26.24,28.83,24.34,89.57,3.4,92,0.03316464961414047,71.12999999999998,0,-0.5074150932938452,-0.8617017599480683,0.0
2017-08-03,9.02,26.31,28.91,24.37,90.12,3.78,92,0.7937186924082678,59.289999999999985,0,-0.5221325810768248,-0.8528643314021597,0.0
2017-08-04,4.16,26.26,28.8,24.93,90.7,3.31,92,0.0,51.40999999999998,0,-0.5366961939916004,-0.8437755598231858,0.0
2017-08-05,1.19,26.3,28.67,24.74,89.77,3.02,86,0.0,33.69999999999998,0,-0.5511016400745999,-0.8344381237138474,0.0
2017-08-06,1.94,26.19,29.1,24.4,89.24,2.35,80,0.0,21.599999999999984,0,-0.5653446739747425,-0.8248547748594246,0.0
2017-08-07,3.97,26.3,29.12,23.96,89.4,2.41,80,0.0,20.279999999999987,0,-0.5794210982045637,-0.8150283375168114,0.0
2017-08-08,2.45,26.53,29.56,24.74,89.36,2.27,80,0.0,13.709999999999987,0,-0.5933267643772321,-0.8049617075821958,0.0
2017-08-09,2.87,26.26,28.84,24.61,89.97,2.58,80,0.0,12.419999999999986,0,-0.6070575744291004,-0.794657851737625,0.0
2017-08-10,6.21,26.37,29.11,24.25,88.73,2.95,80,0.0,17.439999999999987,0,-0.6206094818274228,-0.7841198065767104,0.0
2017-08-11,8.84,26.62,29.44,24.66,88.15,2.72,80,0.0,24.339999999999986,0,-0.6339784927628865,-0.77335067770973,0.0
2017-08-12,5.69,26.44,29.47,24.56,87.88,2.84,80,0.0,26.059999999999988,0,-0.6471606673266059,-0.7623536388483905,0.0
2017-08-13,6.51,26.22,28.67,24.36,87.86,3.29,80,0.0,30.119999999999987,0,-0.6601521206712315,-0.7511319308705201,0.0
2017-08-14,16.71,26.28,28.86,24.4,88.75,2.23,80,0.23818841653088427,43.95999999999999,0,-0.6729490241558326,-0.7396888608649671,0.0
2017-08-15,14.9,26.17,28.99,24.24,89.1,1.75,86,0.9162325153049221,52.649999999999984,0,-0.6855476064742154,-0.7280278011569848,0.0
2017-08-16,5.22,26.19,28.99,23.94,89.17,2.1,86,0.0,49.02999999999999,0,-0.6979441547663433,-0.7161521883143935,0.0
2017-08-17,3.73,26.44,29.43,24.26,88.4,2.45,86,0.0,47.069999999999986,0,-0.7101350157125356,-0.7040655221348059,0.0
2017-08-18,4.23,26.19,28.9,24.19,89.11,2.27,86,0.0,44.789999999999985,0,-0.7221165966101161,-0.691771364614222,0.0
2017-08-19,11.98,26.36,29.1,24.76,88.79,3.11,86,0.3055062101043504,40.05999999999999,0,-0.7338853664321993,-0.6792733388972929,1.0
2017-08-20,113.2,25.17,26.43,24.18,92.95,3.37,86,75.26950863312014,138.35999999999999,1,-0.7454378568683002,-0.6665751282095631,0.0
2017-08-21,8.2,24.47,25.86,23.36,91.43,4.2,92,0.5530873218852759,141.34,0,-0.7567706633464625,-0.653680474772006,0.0
2017-08-22,11.71,25.8,29.03,22.68,87.44,2.67,92,1.8101745616174207,149.32000000000002,0,-0.7678804460366,-0.6405931786981752,0.0
2017-08-23,5.68,26.48,29.39,24.11,89.08,2.28,92,0.06827453545683591,150.76999999999998,0,-0.7787639308347605,-0.627317096874294,0.0
2017-08-24,12.63,26.48,29.16,24.32,89.58,2.53,92,2.2260036110745447,151.42000000000002,0,-0.7894179103280194,-0.6138561418226122,1.0
2017-08-25,37.28,26.23,28.4,24.89,92.34,3.18,92,19.653495819503853,75.5,1,-0.7998392447397191,-0.6002142805483686,1.0
2017-08-26,36.79,26.5,28.62,24.98,91.05,3.33,92,19.243374227805027,104.09,1,-0.8100248628547748,-0.5863955333706962,1.0
2017-08-27,44.41,26.38,28.05,25.3,92.92,3.02,92,25.76385231891874,136.79,1,-0.8199717629247767,-0.5724039727378154,1.0
2017-08-28,96.64,25.62,26.76,24.96,93.33,3.02,92,74.40330595656405,227.75,1,-0.8296770135526184,-0.5582437220268655,1.0
2017-08-29,143.89,25.67,27.19,24.62,92.87,4.89,92,120.4051802825507,359.01,1,-0.8391377545563938,-0.5439189543287248,0.0
2017-08-30,23.01,26.0,28.3,24.51,90.4,4.03,92,8.49775793478377,344.74,0,-0.8483511978123038,-0.5294338912181854,0.0
2017-08-31,6.17,26.18,28.66,24.39,90.74,3.31,92,0.12884619379865253,314.12,0,-0.8573146280763322,-0.514792801509831,0.0
2017-09-01,4.56,26.21,29.05,24.01,90.02,2.53,92,0.0009148734973774294,274.27,0,-0.8660254037844384,-0.5000000000000004,0.0
2017-09-02,15.82,26.21,28.98,23.99,90.06,2.31,92,3.8823879683765736,193.45,0,-0.8744809578310394,-0.4850598461951967,0.0
2017-09-03,8.11,26.02,28.8,23.69,89.64,1.88,92,0.5289212158631528,57.67,0,-0.8826787983255475,-0.4699767430273199,0.0
2017-09-04,0.7,26.35,29.77,24.12,86.42,1.54,92,0.0,35.36,0,-0.8906165093267404,-0.45475513555610575,0.0
2017-09-05,0.69,26.06,29.59,23.53,88.05,1.64,86,0.0,29.880000000000003,0,-0.8982917515547529,-0.4393995096591416,0.0
2017-09-06,0.39,26.13,29.56,23.47,87.31,1.51,80,0.0,25.71,0,-0.9057022630804714,-0.42391439070986087,0.0
2017-09-07,1.54,26.38,29.88,23.18,88.48,2.03,80,0.0,11.43,0,-0.9128458599921354,-0.40830434224389367,0.0
2017-09-08,5.05,26.55,30.08,24.06,88.92,2.11,80,0.0,8.37,0,-0.9197204370389468,-0.3925739646141714,0.0
2017-09-09,5.0,27.34,31.13,24.51,88.06,1.49,80,0.0,12.669999999999998,0,-0.9263239682514951,-0.3767278936351848,0.0
2017-09-10,9.22,27.12,30.08,25.4,91.48,1.56,80,0.0,21.200000000000003,0,-0.9326545075388225,-0.3607707992167831,0.0
2017-09-11,3.46,28.56,32.88,25.05,86.01,1.18,80,0.0,24.27,0,-0.9387101892619443,-0.3447073839879337,0.0
2017-09-12,28.44,28.98,31.98,25.93,81.89,1.14,80,3.126547198384654,51.17,0,-0.9444892287836613,-0.32854238191083474,0.0
2017-09-13,12.91,28.44,31.67,25.39,83.54,1.26,86,0.46819294894417957,59.03,0,-0.9499899229945009,-0.3122805568857948,0.0
2017-09-14,20.87,27.64,30.94,25.36,85.39,1.27,92,7.023647811421059,74.9,0,-0.9552106508146316,-0.29592670134728966,0.0
2017-09-15,17.05,26.54,29.41,24.55,87.73,1.13,92,4.596336430432333,82.73,0,-0.9601498736716017,-0.2794856348516098,0.0
2017-09-16,7.93,26.56,29.31,24.49,86.86,1.59,92,0.4819777111053843,87.2,0,-0.9648061359537644,-0.2629622026565152,0.0
2017-09-17,8.47,26.67,29.49,24.16,89.38,1.91,92,0.6283056777527642,67.23,0,-0.9691780654392534,-0.24636127429331536,1.0
2017-09-18,31.17,26.57,27.81,25.68,94.15,2.27,92,14.654145032557127,85.49000000000001,1,-0.9732643737003823,-0.2296877421317963,1.0
2017-09-19,123.94,25.85,27.76,24.53,93.62,5.31,92,100.88057235034533,188.56,1,-0.9770638564833508,-0.21294651993841573,1.0
2017-09-20,93.07,25.91,27.69,24.64,91.58,4.02,92,70.97088572739082,264.58,1,-0.9805753940631429,-0.19614254142819712,0.0
2017-09-21,20.33,26.11,28.65,24.51,88.89,1.83,92,6.6635266496432894,276.97999999999996,0,-0.9837979515735163,-0.1792807588107359,1.0
2017-09-22,27.97,26.2,29.0,24.05,87.63,1.7,92,12.154484244716867,296.48,1,-0.9867305793119814,-0.16236614133076413,0.0
2017-09-23,1.05,26.01,28.9,23.79,89.53,1.7,92,0.0,266.36,0,-0.9893724130196829,-0.14540367380369032,0.0
2017-09-24,0.15,26.23,30.01,23.65,88.46,1.73,92,0.0,142.57,0,-0.9917226741361014,-0.12839835514655154,0.0
2017-09-25,0.06,26.11,30.2,23.17,88.46,1.69,92,0.0,49.559999999999995,0,-0.9937806700284985,-0.11135519690480865,0.0
2017-09-26,1.12,26.22,30.55,22.62,87.78,1.66,86,0.0,30.349999999999998,0,-0.9955457941960382,-0.09427922177542443,0.0
2017-09-27,1.13,26.81,31.0,23.68,87.73,1.68,80,0.0,3.51,0,-0.9970175264485267,-0.07717546212664643,0.0
2017-09-28,2.56,27.05,31.36,23.56,87.62,1.79,80,0.0,5.0200000000000005,0,-0.998195433059714,-0.06004895851494849,0.0
2017-09-29,11.08,26.83,30.13,24.37,89.51,1.79,80,0.0,15.95,0,-0.9990791668951153,-0.04290475819955383,0.0
2017-09-30,8.11,27.34,31.59,24.19,87.41,1.47,80,0.0,24.0,0,-0.9996684675143132,-0.025747913654988113,0.0
2017-10-01,1.36,27.58,31.7,24.38,85.48,1.44,80,0.0,24.24,0,-0.9999631612477099,-0.008583481082086734,0.0
2017-10-02,0.73,27.54,32.19,23.82,83.2,1.39,80,0.0,23.84,0,-0.9999631612477099,0.008583481082087254,0.0
2017-10-03,0.18,27.59,32.23,23.5,80.33,1.28,80,0.0,21.46,0,-0.999668467514313,0.025747913654988634,0.0
2017-10-04,0.02,27.62,34.0,23.13,73.69,1.46,80,0.0,10.4,0,-0.9990791668951153,0.04290475819955435,0.0
2017-10-05,0.01,27.63,34.03,22.12,73.3,1.63,80,0.0,2.3000000000000003,0,-0.998195433059714,0.06004895851494813,0.0
2017-10-06,16.95,26.88,31.55,22.61,79.48,1.98,80,0.2666051660516603,17.89,0,-0.9970175264485267,0.07717546212664607,0.0
2017-10-07,8.44,27.84,32.92,23.78,84.02,1.46,80,0.0,25.6,0,-0.9955457941960382,0.09427922177542405,0.0
2017-10-08,22.68,28.51,32.6,25.15,83.27,0.95,80,1.355476320087098,48.1,0,-0.9937806700284985,0.11135519690480827,0.0
2017-10-09,4.64,27.97,31.92,25.2,85.5,1.06,86,0.0,52.72,0,-0.9917226741361016,0.1283983551465503,0.0
2017-10-10,10.04,27.53,30.85,25.74,85.78,1.22,86,0.07267604164001357,62.75,0,-0.9893724130196829,0.14540367380368996,0.0
2017-10-11,14.76,26.58,30.14,24.51,88.81,2.57,92,3.298519542716978,60.559999999999995,0,-0.9867305793119814,0.16236614133076377,0.0
2017-10-12,3.01,27.04,31.22,23.78,85.75,1.4,92,0.0,55.129999999999995,0,-0.9837979515735163,0.17928075881073555,0.0
2017-10-13,17.79,27.26,30.69,24.54,85.95,0.92,92,5.043114946015351,50.239999999999995,0,-0.980575394063143,0.19614254142819676,0.0
2017-10-14,23.18,27.21,29.89,25.31,88.21,0.89,86,3.9516301257164073,68.78,0,-0.9770638564833509,0.21294651993841537,0.0
2017-10-15,5.52,27.85,31.39,24.91,85.06,0.97,92,0.052426422157153034,64.25999999999999,0,-0.9732643737003827,0.22968774213179508,0.0
2017-10-16,3.97,28.12,32.23,24.77,83.5,0.96,92,0.0,53.47,0,-0.9691780654392538,0.24636127429331414,0.0
2017-10-17,1.13,27.79,32.59,24.37,79.91,1.03,92,0.0,51.589999999999996,0,-0.9648061359537647,0.262962202656514,0.0
2017-10-18,0.0,26.19,32.31,21.47,71.2,1.63,86,0.0,33.8,0,-0.9601498736716018,0.2794856348516095,0.0
2017-10-19,0.0,25.55,31.9,20.13,69.51,1.55,80,0.0,10.62,0,-0.9552106508146317,0.2959267013472893,0.0
2017-10-20,0.0,25.6,31.1,20.87,68.59,1.23,80,0.0,5.1,0,-0.9499899229945011,0.3122805568857945,0.0
2017-10-21,0.0,25.8,29.76,22.59,86.33,1.46,80,0.0,1.13,0,-0.9444892287836614,0.3285423819108344,0.0
2017-10-22,1.1,26.79,30.5,23.8,84.27,1.24,80,0.0,1.1,0,-0.938710189261944,0.3447073839879342,0.0
2017-10-23,0.51,26.65,31.49,22.67,80.25,1.32,80,0.0,1.61,0,-0.9326545075388223,0.3607707992167836,0.0
2017-10-24,0.0,24.87,32.56,19.74,66.27,1.9,80,0.0,1.61,0,-0.9263239682514949,0.3767278936351853,0.0
2017-10-25,0.0,24.97,32.84,18.12,61.0,1.68,80,0.0,1.61,0,-0.9197204370389466,0.3925739646141719,0.0
2017-10-26,0.0,25.79,33.24,18.86,63.24,1.92,80,0.0,1.61,0,-0.9128458599921356,0.40830434224389334,0.0
2017-10-27,0.28,25.55,32.18,20.33,68.8,1.59,80,0.0,0.79,0,-0.9057022630804715,0.42391439070986053,0.0
2017-10-28,0.02,25.17,31.95,19.38,65.9,1.7,80,0.0,0.30000000000000004,0,-0.898291751554753,0.4393995096591413,0.0
2017-10-29,0.0,25.13,31.83,19.67,68.01,1.72,80,0.0,0.30000000000000004,0,-0.8906165093267405,0.4547551355561054,0.0
2017-10-30,0.0,24.87,31.7,19.4,67.25,2.03,80,0.0,0.30000000000000004,0,-0.8826787983255476,0.46997674302731957,0.0
2017-10-31,0.0,24.38,31.67,19.01,65.13,2.22,80,0.0,0.30000000000000004,0,-0.8744809578310401,0.4850598461951956,0.0
2017-11-01,0.0,23.79,31.6,18.34,65.36,2.41,80,0.0,0.02,0,-0.8660254037844386,0.5000000000000001,0.0
2017-11-02,0.0,23.42,31.04,18.17,64.53,2.69,80,0.0,0.0,0,-0.8573146280763323,0.5147928015098308,0.0
2017-11-03,0.0,23.11,30.78,17.55,66.56,2.51,80,0.0,0.0,0,-0.848351197812304,0.5294338912181851,0.0
2017-11-04,0.0,22.44,29.94,17.12,69.73,3.1,80,0.0,0.0,0,-0.8391377545563939,0.5439189543287245,0.0
2017-11-05,0.33,22.73,30.17,16.56,72.03,3.32,80,0.0,0.33,0,-0.8296770135526191,0.5582437220268645,0.0
2017-11-06,0.0,24.24,31.61,18.88,71.57,2.8,80,0.0,0.33,0,-0.8199717629247775,0.5724039727378144,0.0
2017-11-07,0.0,24.34,31.2,18.23,63.18,1.87,80,0.0,0.33,0,-0.8100248628547756,0.5863955333706952,0.0
2017-11-08,0.0,23.93,31.63,17.9,67.12,1.86,80,0.0,0.33,0,-0.7998392447397199,0.6002142805483676,0.0
2017-11-09,0.0,23.77,30.75,17.99,68.49,1.61,80,0.0,0.33,0,-0.7894179103280197,0.613856141822612,0.0
2017-11-10,0.0,23.8,30.78,18.01,68.02,1.87,80,0.0,0.0,0,-0.7787639308347607,0.6273170968742937,0.0
2017-11-11,0.0,23.36,30.3,18.04,65.71,2.07,80,0.0,0.0,0,-0.7678804460366002,0.640593178698175,0.0
2017-11-12,0.0,23.17,30.46,16.75,59.14,1.86,80,0.0,0.0,0,-0.7567706633464628,0.6536804747720056,0.0
2017-11-13,0.0,22.83,29.87,16.03,60.52,1.47,80,0.0,0.0,0,-0.7454378568682999,0.6665751282095634,0.0
2017-11-14,0.0,22.73,29.09,17.42,65.2,1.29,80,0.0,0.0,0,-0.7338853664321989,0.6792733388972934,0.0
2017-11-15,0.0,22.43,29.37,16.97,69.82,1.6,80,0.0,0.0,0,-0.7221165966101161,0.6917713646142221,0.0
2017-11-16,0.0,22.87,29.31,17.71,74.58,1.53,80,0.0,0.0,0,-0.7101350157125358,0.7040655221348057,0.0
2017-11-17,0.0,23.65,30.48,18.17,71.58,1.36,80,0.0,0.0,0,-0.6979441547663436,0.7161521883143933,0.0
2017-11-18,0.0,23.87,31.56,18.25,67.06,1.47,80,0.0,0.0,0,-0.6855476064742156,0.7280278011569846,0.0
2017-11-19,0.0,23.91,31.34,18.01,68.22,1.83,80,0.0,0.0,0,-0.6729490241558331,0.7396888608649665,0.0
2017-11-20,0.49,24.9,30.11,20.75,75.54,2.11,80,0.0,0.49,0,-0.6601521206712321,0.7511319308705195,0.0
2017-11-21,0.07,25.42,31.29,20.69,74.78,1.98,80,0.0,0.56,0,-0.6471606673266065,0.7623536388483899,0.0
2017-11-22,0.05,25.47,31.23,21.42,74.98,1.71,80,0.0,0.61,0,-0.6339784927628872,0.7733506777097294,0.0
2017-11-23,0.0,24.3,31.77,19.64,71.92,1.81,80,0.0,0.61,0,-0.6206094818274227,0.7841198065767104,0.0
2017-11-24,0.0,22.84,29.92,17.46,67.98,1.52,80,0.0,0.61,0,-0.607057574429101,0.7946578517376245,0.0
2017-11-25,0.0,23.33,31.12,16.89,68.29,1.53,80,0.0,0.12000000000000001,0,-0.5933267643772321,0.8049617075821959,0.0
2017-11-26,0.0,24.05,31.25,18.3,65.21,2.04,80,0.0,0.05,0,-0.5794210982045647,0.8150283375168107,0.0
2017-11-27,0.0,23.55,31.69,17.31,58.65,2.08,80,0.0,0.0,0,-0.5653446739747432,0.8248547748594242,0.0
2017-11-28,0.0,23.27,30.7,16.84,58.75,1.42,80,0.0,0.0,0,-0.5511016400745998,0.8344381237138475,0.0
2017-11-29,0.0,22.51,30.42,15.83,59.61,1.63,80,0.0,0.0,0,-0.5366961939916011,0.8437755598231853,0.0
2017-11-30,0.0,22.54,30.37,16.2,60.52,2.24,80,0.0,0.0,0,-0.5221325810768248,0.8528643314021598,0.0
2017-12-01,0.0,22.64,30.3,16.43,62.38,2.76,80,0.0,0.0,0,-0.5074150932938463,0.8617017599480677,0.0
2017-12-02,0.0,23.2,30.11,17.22,68.15,3.11,80,0.0,0.0,0,-0.4925480679538645,0.8702852410301551,0.0
2017-12-03,0.0,24.13,30.06,18.65,67.33,2.67,80,0.0,0.0,0,-0.47753588643748845,0.8786122450571482,0.0
2017-12-04,1.39,22.6,26.77,19.64,74.99,2.31,80,0.0,1.39,0,-0.4623829729035152,0.8866803180227398,1.0
2017-12-05,43.68,23.8,28.02,19.98,86.29,4.25,80,10.158344623200675,45.07,1,-0.44709379298511437,0.8944870822287954,0.0
2017-12-06,0.96,24.16,27.92,20.75,89.24,3.04,86,0.0,46.03,0,-0.43167285247378356,0.9020302369860709,0.0
2017-12-07,0.08,22.35,26.96,19.15,87.15,1.33,86,0.0,46.11,0,-0.4161246959914751,0.9093075592922355,0.0
2017-12-08,0.0,23.71,30.5,18.75,78.28,1.28,86,0.0,46.11,0,-0.4004539056512665,0.9163169044870048,0.0
2017-12-09,0.0,24.17,30.91,19.08,74.7,1.53,86,0.0,44.72,0,-0.3846650997070013,0.923056206884176,0.0
2017-12-10,0.01,23.85,30.42,18.99,76.33,1.5,86,0.0,1.05,0,-0.3687629311922604,0.9295234803804002,0.0
2017-12-11,0.0,22.37,27.42,19.19,84.19,1.32,80,0.0,0.09,0,-0.3527520865490943,0.9357168190404939,0.0
2017-12-12,0.68,21.31,27.15,16.87,84.43,1.42,80,0.0,0.6900000000000001,0,-0.3366372842469107,0.9416343976591258,0.0
2017-12-13,0.0,20.65,25.97,15.91,81.24,1.37,80,0.0,0.6900000000000001,0,-0.3204232733919109,0.947274472298717,0.0
2017-12-14,0.0,20.76,27.5,16.03,76.14,1.23,80,0.0,0.6900000000000001,0,-0.30411483232751857,0.9526353808033823,0.0
2017-12-15,0.0,21.91,29.42,15.85,73.04,1.32,80,0.0,0.68,0,-0.28771676722616696,0.9577155432887803,0.0
2017-12-16,0.0,24.05,30.87,18.76,69.82,1.71,80,0.0,0.68,0,-0.27123391067291097,0.9625134626077079,0.0
2017-12-17,0.0,23.35,30.18,17.79,62.16,2.69,80,0.0,0.0,0,-0.25467112024122895,0.9670277247913203,0.0
2017-12-18,0.0,21.6,27.92,17.85,68.93,2.81,80,0.0,0.0,0,-0.23803327706148678,0.9712569994658311,0.0
2017-12-19,0.47,21.63,28.7,16.83,59.79,2.78,80,0.0,0.47,0,-0.22132528438243296,0.9752000402445824,0.0
2017-12-20,0.0,20.45,28.4,15.7,54.61,2.72,80,0.0,0.47,0,-0.2045520661262005,0.9788556850953579,0.0
2017-12-21,0.0,21.6,30.39,14.39,51.17,3.08,80,0.0,0.47,0,-0.1877185654371994,0.9822228566828405,0.0
2017-12-22,0.0,21.78,29.19,16.26,54.31,2.54,80,0.0,0.47,0,-0.17082974322534408,0.985300562686109,0.0
2017-12-23,0.0,22.12,30.79,16.12,56.52,2.33,80,0.0,0.47,0,-0.1538905767040627,0.9880878960910771,0.0
2017-12-24,0.0,21.58,30.65,14.95,58.18,1.66,80,0.0,0.0,0,-0.1369060579234754,0.9905840354577969,0.0
2017-12-25,0.0,22.04,31.22,14.82,55.89,1.76,80,0.0,0.0,0,-0.1198811922992275,0.99278824516254,0.0
2017-12-26,0.0,21.52,30.13,14.58,51.03,3.02,80,0.0,0.0,0,-0.1028209971373608,0.9946998756145891,0.0
2017-12-27,0.0,21.23,30.27,14.8,51.85,2.41,80,0.0,0.0,0,-0.08573050015569487,0.9963183634476755,0.0
2017-12-28,0.0,21.34,30.29,14.86,49.46,2.33,80,0.0,0.0,0,-0.06861473800213468,0.9976432316860063,0.0
2017-12-29,0.0,21.68,30.61,14.6,48.98,1.91,80,0.0,0.0,0,-0.05147875477034641,0.9986740898848305,0.0
2017-12-30,0.0,21.98,29.93,15.43,52.6,1.3,80,0.0,0.0,0,-0.034327600513243496,0.9994106342455052,0.0
2017-12-31,0.0,21.85,30.46,15.21,56.84,1.5,80,0.0,0.0,0,-0.017166329754707492,0.9998526477050269,0.0
2018-01-01,0.0,21.26,29.48,15.44,60.72,1.67,80,0.0,0.0,0,0.01716632975470737,0.9998526477050269,0.0
2018-01-02,0.0,21.03,29.7,14.18,58.78,1.66,80,0.0,0.0,0,0.034327600513243496,0.9994106342455052,0.0
2018-01-03,0.0,21.48,30.4,15.16,61.22,1.85,80,0.0,0.0,0,0.05147875477034653,0.9986740898848305,0.0
2018-01-04,0.0,21.93,30.07,16.79,62.05,1.17,80,0.0,0.0,0,0.06861473800213404,0.9976432316860063,0.0
2018-01-05,0.0,21.45,29.72,15.6,63.0,1.56,80,0.0,0.0,0,0.08573050015569435,0.9963183634476755,0.0
2018-01-06,0.0,20.59,28.49,15.04,56.46,1.54,80,0.0,0.0,0,0.1028209971373604,0.9946998756145891,0.0
2018-01-07,0.0,20.3,28.2,14.43,56.87,1.41,80,0.0,0.0,0,0.11988119229922722,0.99278824516254,0.0
2018-01-08,0.0,20.64,29.07,14.25,60.41,1.45,80,0.0,0.0,0,0.13690605792347524,0.990584035457797,0.0
2018-01-09,0.0,22.1,30.15,15.04,57.8,1.74,80,0.0,0.0,0,0.15389057670406178,0.9880878960910772,0.0
2018-01-10,0.0,22.85,31.1,16.29,56.09,2.41,80,0.0,0.0,0,0.17082974322534417,0.985300562686109,0.0
2018-01-11,0.0,24.17,32.82,17.6,56.19,2.01,80,0.0,0.0,0,0.1877185654371987,0.9822228566828407,0.0
2018-01-12,0.0,25.31,33.12,19.52,57.19,2.13,80,0.0,0.0,0,0.2045520661262008,0.9788556850953578,0.0
2018-01-13,0.0,25.79,33.44,19.72,56.19,1.85,80,0.0,0.0,0,0.22132528438243257,0.9752000402445825,0.0
2018-01-14,0.0,26.15,34.31,19.91,54.14,1.52,80,0.0,0.0,0,0.2380332770614856,0.9712569994658314,0.0
2018-01-15,0.0,26.62,34.66,21.46,58.84,1.64,80,0.0,0.0,0,0.2546711202412287,0.9670277247913204,0.0
2018-01-16,0.0,26.19,34.3,20.11,51.7,1.86,80,0.0,0.0,0,0.27123391067291003,0.9625134626077081,0.0
2018-01-17,0.0,25.75,33.63,20.49,51.89,1.69,80,0.0,0.0,0,0.287716767226167,0.9577155432887803,0.0
2018-01-18,0.0,24.61,33.51,18.22,52.07,1.86,80,0.0,0.0,0,0.30411483232751785,0.9526353808033825,0.0
2018-01-19,0.0,23.89,32.82,17.19,52.77,1.7,80,0.0,0.0,0,0.3204232733919111,0.9472744722987169,0.0
2018-01-20,0.0,23.78,32.6,16.86,52.36,1.51,80,0.0,0.0,0,0.33663728424691025,0.9416343976591259,0.0
2018-01-21,0.05,23.7,33.0,16.76,53.66,1.53,80,0.0,0.05,0,0.3527520865490948,0.9357168190404936,0.0
2018-01-22,0.57,23.06,31.63,16.29,54.91,1.59,80,0.0,0.62,0,0.3687629311922601,0.9295234803804003,0.0
2018-01-23,1.46,22.01,29.57,16.89,64.5,1.84,80,0.0,2.08,0,0.3846650997070012,0.9230562068841761,0.0
2018-01-24,0.0,21.36,29.95,14.76,58.17,1.59,80,0.0,2.08,0,0.40045390565126643,0.9163169044870048,0.0
2018-01-25,0.0,21.33,31.02,13.56,48.27,1.69,80,0.0,2.08,0,0.41612469599147445,0.9093075592922358,0.0
2018-01-26,0.0,21.81,31.84,14.14,41.48,1.73,80,0.0,2.0300000000000002,0,0.43167285247378384,0.9020302369860707,0.0
2018-01-27,0.0,22.0,31.72,14.64,44.69,1.67,80,0.0,1.46,0,0.44709379298511387,0.8944870822287956,0.0
2018-01-28,0.0,22.29,31.35,15.72,53.82,1.62,80,0.0,0.0,0,0.4623829729035149,0.88668031802274,0.0
2018-01-29,0.0,23.37,33.44,15.53,50.27,1.6,80,0.0,0.0,0,0.47753588643748823,0.8786122450571483,0.0
2018-01-30,0.0,23.97,33.8,16.12,41.93,2.33,80,0.0,0.0,0,0.4925480679538643,0.8702852410301553,0.0
2018-01-31,0.0,24.4,34.5,16.64,39.62,2.18,80,0.0,0.0,0,0.5074150932938455,0.8617017599480682,0.0
2018-02-01,0.0,24.35,34.51,16.34,41.02,1.57,80,0.0,0.0,0,0.5221325810768248,0.8528643314021597,0.0
2018-02-02,0.07,24.1,34.5,16.61,46.41,1.63,80,0.0,0.07,0,0.5366961939916004,0.8437755598231856,0.0
2018-02-03,0.0,24.38,34.24,17.22,45.85,1.58,80,0.0,0.07,0,0.5511016400746002,0.8344381237138473,0.0
2018-02-04,0.0,24.72,34.45,17.64,44.34,1.61,80,0.0,0.07,0,0.5653446739747429,0.8248547748594244,0.0
2018-02-05,0.87,25.1,35.3,17.87,47.08,1.57,80,0.0,0.94,0,0.5794210982045637,0.8150283375168114,0.0
2018-02-06,4.02,23.88,31.41,18.64,50.74,1.56,80,0.0,4.959999999999999,0,0.593326764377232,0.8049617075821959,0.0
2018-02-07,0.87,25.06,32.91,20.51,49.61,1.5,80,0.0,5.759999999999999,0,0.6070575744291002,0.7946578517376252,0.0
2018-02-08,0.07,23.84,31.68,17.68,62.39,1.44,80,0.0,5.829999999999999,0,0.6206094818274227,0.7841198065767105,0.0
2018-02-09,0.0,23.75,31.73,16.82,57.71,1.59,80,0.0,5.829999999999999,0,0.6339784927628866,0.7733506777097299,0.0
2018-02-10,0.01,24.02,31.75,18.67,50.25,1.59,80,0.0,4.969999999999999,0,0.647160667326606,0.7623536388483904,0.0
2018-02-11,0.48,23.02,30.83,17.12,62.68,1.87,80,0.0,1.429999999999999,0,0.6601521206712317,0.7511319308705199,0.0
2018-02-12,0.0,22.77,30.19,17.17,63.96,1.61,80,0.0,0.5599999999999992,0,0.6729490241558329,0.7396888608649669,0.0
2018-02-13,0.0,22.95,32.49,15.78,54.29,1.75,80,0.0,0.4899999999999991,0,0.6855476064742154,0.7280278011569848,0.0
2018-02-14,0.0,25.56,35.06,16.66,47.56,2.64,80,0.0,0.4899999999999991,0,0.6979441547663435,0.7161521883143933,0.0
2018-02-15,0.0,27.16,35.45,20.63,48.75,3.13,80,0.0,0.4799999999999991,0,0.7101350157125358,0.7040655221348057,0.0
2018-02-16,0.0,26.85,35.59,20.34,44.18,2.23,80,0.0,0.0,0,0.7221165966101162,0.691771364614222,0.0
2018-02-17,0.0,26.18,35.9,18.46,38.42,1.99,80,0.0,0.0,0,0.733885366432199,0.6792733388972931,0.0
2018-02-18,0.0,26.33,36.25,18.56,34.26,1.96,80,0.0,0.0,0,0.7454378568683001,0.6665751282095632,0.0
2018-02-19,0.0,27.0,36.9,19.54,34.24,1.67,80,0.0,0.0,0,0.7567706633464625,0.653680474772006,0.0
2018-02-20,0.0,26.99,37.04,19.57,40.6,1.82,80,0.0,0.0,0,0.7678804460366,0.6405931786981751,0.0
2018-02-21,0.0,27.25,36.88,19.95,37.19,1.92,80,0.0,0.0,0,0.7787639308347607,0.6273170968742937,0.0
2018-02-22,0.0,27.74,37.35,20.33,37.27,1.98,80,0.0,0.0,0,0.7894179103280197,0.613856141822612,0.0
2018-02-23,0.0,28.11,37.5,21.25,38.59,1.74,80,0.0,0.0,0,0.7998392447397193,0.6002142805483682,0.0
2018-02-24,0.0,28.63,37.48,21.79,36.71,1.94,80,0.0,0.0,0,0.8100248628547753,0.5863955333706956,0.0
2018-02-25,0.0,29.3,38.53,22.3,35.27,2.01,80,0.0,0.0,0,0.8199717629247771,0.5724039727378148,0.0
2018-02-26,0.0,29.32,38.67,21.83,34.73,1.88,80,0.0,0.0,0,0.8296770135526188,0.5582437220268648,0.0
2018-02-27,0.0,29.93,39.52,22.77,33.11,2.02,80,0.0,0.0,0,0.8391377545563938,0.5439189543287247,0.0
2018-02-28,0.0,29.88,39.86,22.42,34.21,2.18,80,0.0,0.0,0,0.8483511978123038,0.5294338912181853,0.0
2018-03-01,0.0,29.51,38.35,23.56,38.47,1.3,80,0.0,0.0,0,0.8573146280763322,0.5147928015098309,0.0
2018-03-02,0.0,29.34,38.29,23.17,39.06,1.66,80,0.0,0.0,0,0.8660254037844386,0.5000000000000001,0.0
2018-03-03,0.0,29.31,37.83,22.99,34.19,1.72,80,0.0,0.0,0,0.8744809578310397,0.4850598461951962,0.0
2018-03-04,0.0,28.16,36.44,22.19,49.72,1.65,80,0.0,0.0,0,0.8826787983255474,0.46997674302731995,0.0
2018-03-05,0.0,28.12,37.47,20.76,46.84,2.28,80,0.0,0.0,0,0.8906165093267404,0.4547551355561058,0.0
2018-03-06,0.0,29.26,39.32,21.24,36.3,2.11,80,0.0,0.0,0,0.8982917515547528,0.4393995096591417,0.0
2018-03-07,0.0,29.39,38.59,23.29,37.1,1.97,80,0.0,0.0,0,0.9057022630804714,0.42391439070986076,0.0
2018-03-08,0.0,28.41,38.07,22.33,52.23,1.65,80,0.0,0.0,0,0.9128458599921356,0.40830434224389334,0.0
2018-03-09,0.01,28.9,39.19,20.82,51.31,2.37,80,0.0,0.009999999999999112,0,0.9197204370389467,0.3925739646141717,0.0
2018-03-10,0.06,29.28,38.68,22.77,43.83,2.18,80,0.0,0.0699999999999991,0,0.926323968251495,0.3767278936351851,0.0
2018-03-11,0.08,30.39,39.95,23.54,33.45,2.64,80,0.0,0.14999999999999913,0,0.9326545075388224,0.36077079921678346,0.0
2018-03-12,0.0,30.89,41.03,22.89,25.33,2.56,80,0.0,0.14999999999999913,0,0.9387101892619443,0.3447073839879338,0.0
2018-03-13,0.09,29.84,39.51,22.5,29.34,2.56,80,0.0,0.2399999999999991,0,0.9444892287836613,0.32854238191083485,0.0
2018-03-14,0.0,29.49,38.1,23.31,26.85,2.92,80,0.0,0.2299999999999991,0,0.949989922994501,0.3122805568857947,0.0
2018-03-15,0.06,28.34,34.67,23.14,38.05,1.49,80,0.0,0.2299999999999991,0,0.9552106508146316,0.2959267013472893,0.0
2018-03-16,0.08,29.33,36.86,23.69,42.69,1.86,80,0.0,0.22999999999999912,0,0.9601498736716018,0.2794856348516095,0.0
2018-03-17,0.0,29.82,37.39,24.28,37.46,1.86,80,0.0,0.22999999999999912,0,0.9648061359537645,0.2629622026565149,0.0
2018-03-18,0.61,29.55,37.56,23.88,51.08,1.72,80,0.0,0.7499999999999991,0,0.9691780654392536,0.2463612742933148,0.0
2018-03-19,0.11,28.93,36.79,23.21,46.24,1.67,80,0.0,0.8599999999999991,0,0.9732643737003824,0.22968774213179574,0.0
2018-03-20,0.0,27.87,36.03,21.3,53.45,2.07,80,0.0,0.7999999999999992,0,0.9770638564833508,0.21294651993841582,0.0
2018-03-21,0.0,27.36,35.9,20.91,54.19,2.51,80,0.0,0.7199999999999991,0,0.9805753940631429,0.19614254142819698,0.0
2018-03-22,0.0,26.36,34.86,19.55,53.89,2.36,80,0.0,0.7199999999999991,0,0.9837979515735163,0.17928075881073577,0.0
2018-03-23,0.0,25.76,32.92,19.76,52.77,1.59,80,0.0,0.10999999999999911,0,0.9867305793119814,0.162366141330764,0.0
2018-03-24,0.0,29.57,39.58,20.5,34.46,1.8,80,0.0,0.0,0,0.989372413019683,0.14540367380368976,0.0
2018-03-25,0.02,31.98,41.83,23.25,23.17,1.84,80,0.0,0.019999999999999112,0,0.9917226741361015,0.12839835514655099,0.0
2018-03-26,0.0,32.76,42.99,25.8,22.43,2.82,80,0.0,0.019999999999999112,0,0.9937806700284985,0.11135519690480875,0.0
2018-03-27,0.06,31.11,39.92,25.04,39.46,1.74,80,0.0,0.07999999999999911,0,0.9955457941960382,0.09427922177542453,0.0
2018-03-28,0.15,29.81,38.76,22.67,52.46,1.99,80,0.0,0.2299999999999991,0,0.9970175264485267,0.07717546212664653,0.0
2018-03-29,0.06,29.28,38.44,22.07,52.78,1.91,80,0.0,0.28999999999999915,0,0.998195433059714,0.0600489585149486,0.0
2018-03-30,0.05,28.96,38.45,22.2,58.15,1.73,80,0.0,0.3199999999999991,0,0.9990791668951153,0.042904758199554374,0.0
2018-03-31,0.05,28.5,36.28,22.8,61.2,1.67,80,0.0,0.3699999999999991,0,0.999668467514313,0.025747913654988658,0.0
2018-04-01,0.0,29.5,39.38,22.04,55.62,2.07,80,0.0,0.3099999999999991,0,0.9999631612477099,0.008583481082087055,0.0
2018-04-02,0.0,29.57,39.48,22.76,52.29,2.01,80,0.0,0.15999999999999914,0,0.9999631612477099,-0.008583481082086933,0.0
2018-04-03,0.01,29.65,39.58,22.62,51.83,1.97,80,0.0,0.10999999999999914,0,0.9996684675143132,-0.025747913654988314,0.0
2018-04-04,0.11,30.27,39.61,23.43,49.12,2.08,80,0.0,0.16999999999999915,0,0.9990791668951153,-0.04290475819955447,0.0
2018-04-05,0.15,30.45,38.98,24.71,55.49,1.88,80,0.0,0.26999999999999913,0,0.998195433059714,-0.06004895851494825,0.0
2018-04-06,0.1,29.31,36.52,24.69,56.27,1.58,80,0.0,0.3699999999999991,0,0.9970175264485267,-0.07717546212664618,0.0
2018-04-07,0.08,30.09,39.57,22.51,54.1,2.15,80,0.0,0.4499999999999991,0,0.9955457941960382,-0.0942792217754244,0.0
2018-04-08,0.05,30.52,39.52,23.6,45.99,1.91,80,0.0,0.4899999999999991,0,0.9937806700284985,-0.11135519690480862,0.0
2018-04-09,0.03,30.46,40.22,22.3,41.15,2.24,80,0.0,0.40999999999999914,0,0.9917226741361015,-0.12839835514655107,0.0
2018-04-10,0.0,31.04,39.95,24.39,38.72,1.96,80,0.0,0.2599999999999991,0,0.9893724130196829,-0.14540367380368988,0.0
2018-04-11,0.03,30.45,38.82,24.61,48.8,1.73,80,0.0,0.18999999999999914,0,0.9867305793119814,-0.16236614133076366,0.0
2018-04-12,0.02,30.32,38.89,23.38,52.13,1.82,80,0.0,0.12999999999999914,0,0.9837979515735163,-0.17928075881073566,0.0
2018-04-13,0.01,30.49,39.14,23.19,51.44,2.08,80,0.0,0.08999999999999914,0,0.980575394063143,-0.19614254142819687,0.0
2018-04-14,0.02,31.06,39.13,24.7,52.66,1.9,80,0.0,0.07999999999999914,0,0.9770638564833507,-0.21294651993841593,0.0
2018-04-15,0.05,31.76,40.3,25.33,50.15,1.97,80,0.0,0.12999999999999914,0,0.9732643737003824,-0.22968774213179563,0.0
2018-04-16,0.03,32.19,40.34,25.23,53.46,2.36,80,0.0,0.12999999999999914,0,0.9691780654392537,-0.2463612742933147,0.0
2018-04-17,0.1,33.83,42.54,27.2,48.99,2.03,80,0.0,0.20999999999999913,0,0.9648061359537646,-0.26296220265651454,0.0
2018-04-18,0.04,33.16,41.98,25.91,48.97,2.23,80,0.0,0.23999999999999913,0,0.9601498736716018,-0.2794856348516094,0.0
2018-04-19,0.06,32.34,41.08,25.18,50.51,2.14,80,0.0,0.27999999999999914,0,0.9552106508146317,-0.2959267013472892,0.0
2018-04-20,0.05,30.89,38.44,25.18,57.0,2.48,80,0.0,0.27999999999999914,0,0.949989922994501,-0.31228055688579476,0.0
2018-04-21,0.04,31.66,39.22,25.42,49.11,2.43,80,0.0,0.28999999999999915,0,0.9444892287836613,-0.32854238191083474,0.0
2018-04-22,0.0,31.31,40.06,23.94,47.3,2.62,80,0.0,0.18999999999999917,0,0.9387101892619443,-0.3447073839879337,0.0
2018-04-23,0.0,31.16,40.09,24.14,48.66,2.04,80,0.0,0.14999999999999913,0,0.9326545075388225,-0.3607707992167831,0.0
2018-04-24,0.0,31.44,40.27,24.11,45.07,2.0,80,0.0,0.08999999999999915,0,0.926323968251495,-0.376727893635185,0.0
2018-04-25,0.0,30.6,39.41,23.92,48.96,2.12,80,0.0,0.03999999999999914,0,0.9197204370389467,-0.39257396461417177,0.0
2018-04-26,0.0,30.26,38.8,24.34,52.69,1.92,80,0.0,0.0,0,0.9128458599921355,-0.40830434224389345,0.0
2018-04-27,0.0,30.65,40.09,23.89,53.75,2.11,80,0.0,0.0,0,0.9057022630804715,-0.42391439070986064,0.0
2018-04-28,0.0,31.03,39.95,24.14,57.95,2.19,80,0.0,0.0,0,0.898291751554753,-0.43939950965914143,0.0
2018-04-29,0.02,30.71,38.46,25.53,60.49,2.2,80,0.0,0.01999999999999914,0,0.8906165093267405,-0.4547551355561055,0.0
2018-04-30,0.01,30.6,38.61,25.13,61.05,2.37,80,0.0,0.02999999999999914,0,0.8826787983255476,-0.4699767430273197,0.0
2018-05-01,0.0,30.64,38.63,25.18,60.28,2.25,80,0.0,0.02999999999999914,0,0.8744809578310397,-0.4850598461951961,0.0
2018-05-02,0.0,30.09,38.69,24.11,62.63,2.18,80,0.0,0.02999999999999914,0,0.8660254037844387,-0.4999999999999998,0.0
2018-05-03,0.01,30.96,39.38,24.87,57.49,1.91,80,0.0,0.03999999999999914,0,0.8573146280763323,-0.5147928015098308,0.0
2018-05-04,0.03,31.15,39.2,25.06,55.46,1.95,80,0.0,0.04999999999999914,0,0.848351197812304,-0.5294338912181852,0.0
2018-05-05,0.01,31.02,38.57,25.67,56.85,1.92,80,0.0,0.049999999999999135,0,0.8391377545563939,-0.5439189543287246,0.0
2018-05-06,0.04,31.48,39.42,25.87,56.66,2.05,80,0.0,0.08999999999999914,0,0.8296770135526188,-0.5582437220268649,0.0
2018-05-07,0.04,31.0,38.14,26.29,56.41,2.19,80,0.0,0.12999999999999914,0,0.8199717629247771,-0.5724039727378148,0.0
2018-05-08,0.01,31.12,39.17,25.03,55.36,2.46,80,0.0,0.12999999999999914,0,0.8100248628547753,-0.5863955333706956,0.0
2018-05-09,0.03,32.11,41.03,25.33,54.33,2.97,80,0.0,0.12999999999999914,0,0.7998392447397195,-0.6002142805483681,0.0
2018-05-10,0.09,32.16,40.52,26.04,53.47,2.2,80,0.0,0.20999999999999913,0,0.7894179103280199,-0.6138561418226116,0.0
2018-05-11,0.04,32.03,39.04,26.93,54.48,2.64,80,0.0,0.20999999999999916,0,0.7787639308347607,-0.6273170968742938,0.0
2018-05-12,0.03,30.77,36.52,26.68,58.01,2.26,80,0.0,0.19999999999999915,0,0.7678804460366001,-0.6405931786981751,0.0
2018-05-13,0.06,31.41,38.17,25.97,57.6,2.26,80,0.0,0.24999999999999914,0,0.7567706633464627,-0.6536804747720057,0.0
2018-05-14,0.28,31.88,39.41,26.48,57.47,2.54,80,0.0,0.49999999999999917,0,0.7454378568683001,-0.6665751282095632,0.0
2018-05-15,0.13,31.11,38.09,26.31,59.91,2.27,80,0.0,0.5399999999999991,0,0.7338853664321991,-0.6792733388972931,0.0
2018-05-16,0.14,31.73,39.12,26.57,59.11,2.54,80,0.0,0.6399999999999992,0,0.722116596610116,-0.6917713646142222,0.0
2018-05-17,0.46,32.76,40.92,26.73,57.42,2.46,80,0.0,1.0699999999999992,0,0.7101350157125357,-0.7040655221348058,0.0
2018-05-18,0.62,32.06,38.97,26.84,57.41,2.91,80,0.0,1.629999999999999,0,0.6979441547663435,-0.7161521883143933,0.0
2018-05-19,0.17,31.28,37.79,26.77,59.59,2.4,80,0.0,1.5199999999999994,0,0.6855476064742155,-0.7280278011569847,0.0
2018-05-20,0.08,31.56,39.29,26.35,59.54,2.31,80,0.0,1.4699999999999993,0,0.672949024155833,-0.7396888608649667,0.0
2018-05-21,0.08,30.89,38.11,25.8,60.41,2.09,80,0.0,1.409999999999999,0,0.660152120671232,-0.7511319308705197,0.0
2018-05-22,0.02,31.44,38.39,25.68,54.05,2.22,80,0.0,0.9699999999999991,0,0.647160667326606,-0.7623536388483902,0.0
2018-05-23,0.02,31.57,38.74,26.8,53.91,2.07,80,0.0,0.3699999999999992,0,0.6339784927628868,-0.7733506777097298,0.0
2018-05-24,0.1,31.05,37.58,26.58,60.09,2.74,80,0.0,0.29999999999999927,0,0.620609481827423,-0.7841198065767103,0.0
2018-05-25,0.07,31.11,37.66,26.35,59.37,3.14,80,0.0,0.28999999999999926,0,0.6070575744291006,-0.7946578517376249,0.0
2018-05-26,0.34,32.26,39.26,27.43,60.21,3.21,80,0.0,0.5499999999999993,0,0.593326764377232,-0.8049617075821959,0.0
2018-05-27,0.41,31.33,36.81,27.95,70.02,2.29,80,0.0,0.9399999999999993,0,0.5794210982045638,-0.8150283375168113,0.0
2018-05-28,0.4,31.33,37.59,27.98,67.71,3.53,80,0.0,1.3199999999999992,0,0.5653446739747428,-0.8248547748594245,0.0
2018-05-29,0.46,30.85,35.16,27.98,68.47,3.64,80,0.0,1.6799999999999993,0,0.5511016400746,-0.8344381237138473,0.0
2018-05-30,0.77,31.12,35.97,27.85,66.76,3.41,80,0.0,2.3799999999999994,0,0.5366961939916005,-0.8437755598231856,0.0
2018-05-31,0.24,31.61,37.29,28.01,65.16,3.22,80,0.0,2.279999999999999,0,0.522132581076825,-0.8528643314021596,0.0
2018-06-01,1.47,31.71,37.52,27.86,64.48,1.96,80,0.0,3.3399999999999994,0,0.5074150932938458,-0.861701759948068,0.0
2018-06-02,5.42,31.66,37.78,27.7,64.99,2.2,80,0.0,8.36,0,0.4925480679538644,-0.8702852410301553,0.0
2018-06-03,5.45,29.64,33.5,27.35,73.14,2.52,80,0.0,13.35,0,0.47753588643748834,-0.8786122450571482,0.0
2018-06-04,9.17,28.81,32.49,26.59,77.57,2.12,80,0.0,21.75,0,0.4623829729035151,-0.8866803180227399,0.0
2018-06-05,4.41,29.35,34.25,25.93,74.04,1.56,80,0.0,25.919999999999998,0,0.44709379298511426,-0.8944870822287954,0.0
2018-06-06,6.2,29.33,32.27,27.18,75.13,1.89,80,0.0,30.65,0,0.43167285247378384,-0.9020302369860707,0.0
2018-06-07,12.19,29.33,32.92,27.31,81.2,3.06,80,0.0,37.42,0,0.4161246959914746,-0.9093075592922357,0.0
2018-06-08,18.26,28.73,31.03,27.28,84.09,3.96,86,1.9440310667452994,50.230000000000004,0,0.4004539056512664,-0.9163169044870048,1.0
2018-06-09,38.23,28.2,29.92,27.14,86.15,4.25,86,12.5876769654291,79.28999999999999,1,0.3846650997070012,-0.923056206884176,0.0
2018-06-10,23.9,28.99,32.05,27.1,82.62,4.71,92,9.13100821725943,98.78,0,0.3687629311922603,-0.9295234803804002,0.0
2018-06-11,5.49,29.03,31.76,27.24,82.46,4.66,92,0.04967664130087892,98.07,0,0.352752086549095,-0.9357168190404935,0.0
2018-06-12,0.97,29.35,32.56,27.3,79.61,4.82,92,0.0,86.85,0,0.3366372842469106,-0.9416343976591258,0.0
2018-06-13,0.97,29.5,33.11,27.16,77.47,4.48,92,0.0,69.55999999999999,0,0.3204232733919116,-0.9472744722987168,0.0
2018-06-14,0.92,29.3,33.08,27.01,77.51,3.78,92,0.0,32.25,0,0.30411483232751846,-0.9526353808033824,0.0
2018-06-15,15.08,29.04,32.2,26.63,80.81,4.0,80,0.08598057073466901,23.43,0,0.2877167672261668,-0.9577155432887804,0.0
2018-06-16,17.81,28.95,32.36,26.57,79.67,4.05,80,0.38058737793324554,35.75,0,0.27123391067291,-0.9625134626077081,1.0
2018-06-17,36.58,28.37,31.19,26.33,82.43,4.51,86,11.505598196640648,71.36,1,0.2546711202412288,-0.9670277247913204,0.0
2018-06-18,15.6,28.1,31.04,26.03,84.71,3.39,92,3.7587126980158643,85.99,0,0.2380332770614858,-0.9712569994658313,0.0
2018-06-19,1.64,28.36,31.43,26.15,84.19,2.48,92,0.0,86.71,0,0.22132528438243243,-0.9752000402445825,0.0
2018-06-20,2.96,28.35,31.06,26.55,83.91,2.62,92,0.0,74.59,0,0.2045520661262008,-0.9788556850953578,1.0
2018-06-21,29.79,28.01,30.06,26.72,85.95,3.34,92,13.564584274505293,86.57,1,0.18771856543719884,-0.9822228566828406,0.0
2018-06-22,12.73,27.97,30.5,26.05,85.2,2.75,92,2.2730411712434955,62.72,0,0.17082974322534442,-0.985300562686109,1.0
2018-06-23,48.61,27.48,29.17,26.08,87.76,3.01,92,29.46589430575477,95.72999999999999,1,0.15389057670406214,-0.9880878960910771,1.0
2018-06-24,76.01,26.87,28.92,24.71,88.68,3.86,92,54.71312348594502,170.10000000000002,1,0.13690605792347574,-0.9905840354577969,1.0
2018-06-25,65.96,26.96,28.44,25.78,90.09,3.88,92,45.28891995576857,233.1,1,0.11988119229922782,-0.9927882451625399,0.0
2018-06-26,22.12,27.3,29.45,26.08,87.93,4.85,92,7.875993439968682,225.43,0,0.10282099713736025,-0.9946998756145891,0.0
2018-06-27,8.56,27.51,29.95,26.0,86.39,4.33,92,0.6542695871266069,221.26000000000002,0,0.0857305001556943,-0.9963183634476755,0.0
2018-06-28,16.63,27.54,30.02,25.86,86.34,3.76,92,4.348387806312336,189.28,0,0.0686147380021341,-0.9976432316860063,0.0
2018-06-29,19.59,26.96,28.99,25.5,89.02,3.42,92,6.178495462526973,132.86,0,0.05147875477034673,-0.9986740898848305,0.0
2018-06-30,16.2,26.95,29.27,25.37,89.07,3.63,92,4.0989562984874715,83.10000000000002,0,0.03432760051324382,-0.9994106342455052,0.0
2018-07-01,6.51,27.37,30.19,25.02,87.57,3.73,92,0.1811038004095071,67.49000000000001,0,0.01716632975470737,-0.9998526477050269,0.0
2018-07-02,23.62,27.11,29.45,25.71,90.08,4.28,92,8.930590060149674,82.55000000000001,0,1.2246467991473532e-16,-1.0,1.0
2018-07-03,65.67,26.77,28.8,25.72,90.97,4.83,92,45.01921820969306,131.59000000000003,1,-0.017166329754707124,-0.9998526477050269,1.0
2018-07-04,61.71,26.7,28.43,25.67,91.07,4.73,92,41.351234441303895,173.71000000000004,1,-0.03432760051324313,-0.9994106342455054,1.0
2018-07-05,46.57,26.73,28.42,25.71,90.73,4.02,92,27.659627113536793,204.08000000000004,1,-0.051478754770346045,-0.9986740898848305,1.0
2018-07-06,28.37,27.01,28.94,25.61,90.09,3.35,92,12.461617754598352,225.94000000000003,1,-0.06861473800213432,-0.9976432316860063,1.0
2018-07-07,67.82,26.46,27.8,25.22,92.88,3.51,92,47.02200530780352,270.14,1,-0.0857305001556945,-0.9963183634476755,1.0
2018-07-08,53.89,26.46,28.36,25.1,91.8,3.34,92,34.20282115630137,258.36,1,-0.10282099713736044,-0.9946998756145891,1.0
2018-07-09,86.26,25.9,27.27,25.0,93.56,2.9,92,64.44953930191924,282.91,1,-0.11988119229922714,-0.99278824516254,1.0
2018-07-10,68.61,25.99,27.5,25.04,92.8,3.67,92,47.75975633130003,304.95000000000005,1,-0.13690605792347504,-0.990584035457797,0.0
2018-07-11,23.92,26.53,28.42,25.0,91.3,4.17,92,9.145364803589679,300.5,0,-0.15389057670406148,-0.9880878960910772,0.0
2018-07-12,24.77,26.34,27.59,25.53,92.33,4.47,92,9.760436484127544,257.45000000000005,0,-0.17082974322534417,-0.985300562686109,1.0
2018-07-13,32.91,26.32,27.99,25.28,91.62,3.79,92,16.050528445515667,236.47000000000003,1,-0.1877185654371986,-0.9822228566828407,1.0
2018-07-14,35.23,26.45,28.57,25.01,90.83,4.64,92,17.947536066312487,185.44000000000003,1,-0.20455206612620058,-0.9788556850953579,1.0
2018-07-15,73.94,26.14,27.33,25.31,93.86,5.18,92,52.76079095429646,190.77000000000004,1,-0.22132528438243218,-0.9752000402445826,1.0
2018-07-16,83.29,26.4,27.69,25.6,93.21,5.62,92,61.6176227488929,250.14000000000001,1,-0.23803327706148514,-0.9712569994658315,1.0
2018-07-17,40.31,26.31,27.7,25.39,91.88,5.8,92,22.21954156001121,265.68000000000006,1,-0.254671120241229,-0.9670277247913203,0.0
2018-07-18,20.65,26.21,27.62,25.0,91.46,4.82,92,6.876319800898328,253.42000000000004,0,-0.2712339106729102,-0.9625134626077081,0.0
2018-07-19,19.18,26.14,28.2,24.84,90.73,4.65,92,5.914170607312623,237.37000000000006,0,-0.287716767226167,-0.9577155432887803,1.0
2018-07-20,27.11,26.01,27.5,24.98,92.6,4.52,92,11.499765281642192,190.54000000000005,1,-0.3041148323275178,-0.9526353808033826,0.0
2018-07-21,18.51,26.03,27.61,24.99,90.86,5.0,92,5.489331302226504,125.76000000000005,0,-0.32042327339191096,-0.947274472298717,0.0
2018-07-22,14.53,26.12,27.97,24.94,90.22,4.59,92,3.1759700462087515,99.98000000000005,0,-0.3366372842469099,-0.941634397659126,0.0
2018-07-23,15.68,25.92,27.66,24.71,90.01,4.5,92,3.8035384810723554,95.01000000000003,0,-0.35275208654909473,-0.9357168190404936,0.0
2018-07-24,6.93,25.89,27.62,24.68,90.64,4.34,92,0.25663878209536967,82.76000000000005,0,-0.36876293119226006,-0.9295234803804003,0.0
2018-07-25,7.35,25.92,27.78,24.51,90.42,4.24,92,0.3437387375475527,63.00000000000004,0,-0.38466509970700097,-0.9230562068841761,0.0
2018-07-26,5.83,26.0,28.0,24.83,90.15,4.67,92,0.08491490410875166,50.320000000000036,0,-0.40045390565126615,-0.9163169044870049,0.0
2018-07-27,4.76,25.9,28.18,24.38,89.37,4.55,86,0.0,40.55000000000004,0,-0.4161246959914748,-0.9093075592922356,0.0
2018-07-28,1.59,26.11,28.48,24.41,89.69,4.07,86,0.0,26.460000000000043,0,-0.431672852473784,-0.9020302369860707,0.0
2018-07-29,0.9,26.09,28.49,24.49,89.79,3.81,80,0.0,20.430000000000042,0,-0.44709379298511404,-0.8944870822287955,0.0
2018-07-30,1.63,25.92,28.4,24.29,89.07,3.66,80,0.0,14.710000000000043,0,-0.4623829729035149,-0.88668031802274,0.0
2018-07-31,2.51,26.07,28.75,24.21,89.43,3.65,80,0.0,11.390000000000043,0,-0.4775358864374881,-0.8786122450571483,0.0
2018-08-01,5.1,26.0,27.9,24.76,89.6,4.11,80,0.0,11.730000000000043,0,-0.4925480679538642,-0.8702852410301554,0.0
2018-08-02,4.24,26.0,28.32,24.36,89.12,3.93,80,0.0,14.380000000000042,0,-0.5074150932938452,-0.8617017599480683,0.0
2018-08-03,11.82,25.94,28.15,24.47,89.05,3.94,80,0.0,25.30000000000004,0,-0.5221325810768248,-0.8528643314021597,0.0
2018-08-04,15.32,25.58,27.17,24.49,89.96,4.31,80,0.10381730187537803,38.990000000000045,0,-0.5366961939916004,-0.8437755598231858,0.0
2018-08-05,3.68,25.88,28.34,24.24,87.94,4.31,86,0.0,40.160000000000046,0,-0.5511016400745999,-0.8344381237138474,0.0
2018-08-06,3.82,25.86,28.0,24.29,87.89,4.77,86,0.0,38.880000000000045,0,-0.5653446739747425,-0.8248547748594246,0.0
2018-08-07,5.87,26.05,28.4,24.21,87.78,4.43,86,0.0,40.51000000000004,0,-0.5794210982045637,-0.8150283375168114,0.0
2018-08-08,4.12,25.88,27.73,24.56,89.61,3.94,86,0.0,32.810000000000045,0,-0.5933267643772321,-0.8049617075821958,0.0
2018-08-09,7.65,25.97,28.14,24.54,89.23,4.36,80,0.0,25.140000000000043,0,-0.6070575744291004,-0.794657851737625,0.0
2018-08-10,9.63,26.1,28.78,24.39,88.71,4.01,80,0.0,31.090000000000042,0,-0.6206094818274228,-0.7841198065767104,0.0
2018-08-11,14.87,26.03,28.5,24.41,89.22,4.45,80,0.07170549718288399,42.14000000000004,0,-0.6339784927628865,-0.77335067770973,0.0
2018-08-12,20.06,25.83,27.97,24.46,88.86,5.15,86,2.615958171329984,56.33000000000004,0,-0.6471606673266059,-0.7623536388483905,1.0
2018-08-13,27.84,25.67,27.34,24.41,90.23,5.01,92,12.055017346111413,80.05000000000004,1,-0.6601521206712315,-0.7511319308705201,0.0
2018-08-14,7.75,26.02,28.23,24.58,90.32,4.07,92,0.4369185949230125,80.15000000000003,0,-0.6729490241558326,-0.7396888608649671,0.0
2018-08-15,10.19,25.72,27.58,24.66,91.04,3.96,92,1.1961066475049384,80.71000000000004,0,-0.6855476064742154,-0.7280278011569848,1.0
2018-08-16,31.76,25.61,27.73,24.38,90.95,4.78,92,15.124920621808583,97.60000000000002,1,-0.6979441547663433,-0.7161521883143935,0.0
2018-08-17,21.68,25.28,26.8,24.33,92.01,4.64,92,7.5730864453745035,99.22000000000004,0,-0.7101350157125356,-0.7040655221348059,0.0
2018-08-18,11.6,25.54,27.73,23.97,90.38,4.33,92,1.7625771784339561,82.98000000000003,0,-0.7221165966101161,-0.691771364614222,1.0
2018-08-19,25.85,25.77,28.16,24.36,90.36,4.26,92,10.555177038335325,101.08000000000004,1,-0.7338853664321993,-0.6792733388972929,1.0
2018-08-20,35.14,25.52,27.58,24.15,91.04,3.81,92,17.8732523394327,126.03000000000004,1,-0.7454378568683002,-0.6665751282095631,1.0
2018-08-21,27.72,25.24,26.67,24.31,93.15,3.41,92,11.96335698352594,121.99000000000004,1,-0.7567706633464625,-0.653680474772006,0.0
2018-08-22,24.27,25.72,27.84,24.14,91.4,4.09,92,9.39747634434822,124.58000000000003,0,-0.7678804460366,-0.6405931786981752,0.0
2018-08-23,14.99,25.65,28.16,24.23,90.96,3.58,92,3.422582446745397,127.97000000000004,0,-0.7787639308347605,-0.627317096874294,0.0
2018-08-24,14.05,25.69,28.23,24.0,90.07,3.57,92,2.9252339887899934,116.17000000000003,0,-0.7894179103280194,-0.6138561418226122,0.0
2018-08-25,14.55,25.61,27.82,24.06,89.73,3.7,92,3.186565625155846,95.58000000000003,0,-0.7998392447397191,-0.6002142805483686,0.0
2018-08-26,16.74,25.58,27.67,23.93,90.13,3.75,92,4.412920770920294,84.60000000000005,0,-0.8100248628547748,-0.5863955333706962,0.0
2018-08-27,12.99,25.61,27.38,24.26,90.92,3.32,92,2.3969557078743278,73.32000000000004,0,-0.8199717629247767,-0.5724039727378154,0.0
2018-08-28,9.39,25.52,27.95,24.07,90.23,2.7,92,0.9137928507507422,67.72000000000004,0,-0.8296770135526184,-0.5582437220268655,0.0
2018-08-29,3.79,25.8,28.66,23.76,89.5,2.52,92,0.0,57.460000000000036,0,-0.8391377545563938,-0.5439189543287248,0.0
2018-08-30,3.53,25.55,28.37,23.32,89.74,2.79,92,0.0,46.44000000000004,0,-0.8483511978123038,-0.5294338912181854,0.0
2018-08-31,3.82,25.58,28.52,23.17,88.94,2.42,86,0.0,33.52000000000004,0,-0.8573146280763322,-0.514792801509831,0.0
2018-09-01,8.0,25.59,28.61,23.39,89.31,2.81,80,0.0,28.530000000000033,0,-0.8660254037844384,-0.5000000000000004,0.0
2018-09-02,15.02,25.51,28.16,23.94,88.91,3.57,80,0.08177453661501052,34.16000000000004,0,-0.8744809578310394,-0.4850598461951967,0.0
2018-09-03,7.97,25.34,27.94,23.56,89.28,3.4,80,0.0,38.34000000000003,0,-0.8826787983255475,-0.4699767430273199,0.0
2018-09-04,2.97,25.05,28.16,22.98,89.01,3.1,86,0.0,37.78000000000003,0,-0.8906165093267404,-0.45475513555610575,0.0
2018-09-05,2.17,25.33,28.41,23.49,87.73,3.09,86,0.0,36.13000000000003,0,-0.8982917515547529,-0.4393995096591416,0.0
2018-09-06,0.74,25.28,28.54,23.16,87.22,2.53,86,0.0,28.870000000000037,0,-0.9057022630804714,-0.42391439070986087,0.0
2018-09-07,2.36,25.14,27.91,23.15,87.14,2.24,80,0.0,16.210000000000036,0,-0.9128458599921354,-0.40830434224389367,0.0
2018-09-08,1.07,25.09,28.28,22.73,86.94,2.17,80,0.0,9.310000000000036,0,-0.9197204370389468,-0.3925739646141714,0.0
2018-09-09,1.01,25.04,28.23,22.48,86.0,2.02,80,0.0,7.350000000000036,0,-0.9263239682514951,-0.3767278936351848,0.0
2018-09-10,0.12,25.34,29.2,22.94,82.72,1.4,80,0.0,5.300000000000035,0,-0.9326545075388225,-0.3607707992167831,0.0
2018-09-11,0.09,25.32,29.58,21.65,83.9,1.46,80,0.0,4.650000000000036,0,-0.9387101892619443,-0.3447073839879337,0.0
2018-09-12,0.79,25.16,28.96,22.64,85.41,1.5,80,0.0,3.0800000000000356,0,-0.9444892287836613,-0.32854238191083474,0.0
2018-09-13,1.62,25.26,28.98,22.77,85.5,1.74,80,0.0,3.6300000000000354,0,-0.9499899229945009,-0.3122805568857948,0.0
2018-09-14,3.18,25.66,29.82,22.72,86.85,1.72,80,0.0,5.800000000000036,0,-0.9552106508146316,-0.29592670134728966,0.0
2018-09-15,7.81,26.33,30.49,23.77,85.69,1.49,80,0.0,13.490000000000034,0,-0.9601498736716017,-0.2794856348516098,0.0
2018-09-16,3.1,25.56,29.48,22.9,87.24,1.84,80,0.0,16.500000000000036,0,-0.9648061359537644,-0.2629622026565152,0.0
2018-09-17,0.29,25.28,29.57,22.15,85.8,1.79,80,0.0,16.000000000000036,0,-0.9691780654392534,-0.24636127429331536,0.0
2018-09-18,1.05,25.48,30.23,22.21,83.8,1.49,80,0.0,15.430000000000035,0,-0.9732643737003823,-0.2296877421317963,0.0
2018-09-19,9.67,25.58,28.97,23.49,87.33,1.65,80,0.0,21.920000000000037,0,-0.9770638564833508,-0.21294651993841573,0.0
2018-09-20,5.31,26.2,29.73,23.53,88.19,1.98,80,0.0,19.420000000000034,0,-0.9805753940631429,-0.19614254142819712,0.0
2018-09-21,3.4,26.96,31.29,23.77,87.26,1.83,80,0.0,19.720000000000034,0,-0.9837979515735163,-0.1792807588107359,0.0
2018-09-22,0.53,26.36,28.87,24.67,89.36,2.45,80,0.0,19.960000000000033,0,-0.9867305793119814,-0.16236614133076413,0.0
2018-09-23,0.13,26.32,30.08,23.7,85.87,1.89,80,0.0,19.040000000000035,0,-0.9893724130196829,-0.14540367380369032,0.0
2018-09-24,0.09,26.19,30.44,23.23,84.93,1.32,80,0.0,9.460000000000035,0,-0.9917226741361014,-0.12839835514655154,0.0
2018-09-25,0.04,26.19,30.76,22.66,84.79,1.6,80,0.0,4.190000000000035,0,-0.9937806700284985,-0.11135519690480865,0.0
2018-09-26,0.92,27.0,31.95,22.68,84.81,1.47,80,0.0,1.7100000000000355,0,-0.9955457941960382,-0.09427922177542443,0.0
2018-09-27,4.53,27.41,32.44,22.86,80.7,1.06,80,0.0,5.7100000000000355,0,-0.9970175264485267,-0.07717546212664643,0.0
2018-09-28,11.3,27.7,32.32,23.53,79.51,1.32,80,0.0,16.880000000000038,0,-0.998195433059714,-0.06004895851494849,0.0
2018-09-29,4.17,27.81,33.04,24.13,79.63,1.71,80,0.0,20.960000000000036,0,-0.9990791668951153,-0.04290475819955383,0.0
2018-09-30,0.28,27.84,33.85,23.12,74.61,1.91,80,0.0,21.20000000000004,0,-0.9996684675143132,-0.025747913654988113,0.0
2018-10-01,2.15,28.03,34.2,22.76,74.39,1.68,80,0.0,22.430000000000035,0,-0.9999631612477099,-0.008583481082086734,0.0
2018-10-02,3.25,28.42,33.57,24.24,75.18,1.41,80,0.0,21.150000000000034,0,-0.9999631612477099,0.008583481082087254,0.0
2018-10-03,3.59,28.2,32.42,24.85,79.01,1.18,80,0.0,13.440000000000035,0,-0.999668467514313,0.025747913654988634,0.0
2018-10-04,1.38,28.29,31.44,24.98,77.73,1.0,80,0.0,10.650000000000034,0,-0.9990791668951153,0.04290475819955435,0.0
2018-10-05,1.24,27.95,32.65,24.25,78.88,1.72,80,0.0,11.610000000000035,0,-0.998195433059714,0.06004895851494813,0.0
2018-10-06,0.12,27.39,33.04,23.37,73.61,1.95,80,0.0,9.580000000000036,0,-0.9970175264485267,0.07717546212664607,0.0
2018-10-07,0.01,27.69,34.05,22.44,71.61,2.12,80,0.0,6.340000000000035,0,-0.9955457941960382,0.09427922177542405,0.0
2018-10-08,0.05,28.27,34.07,23.94,73.8,1.66,80,0.0,2.8000000000000353,0,-0.9937806700284985,0.11135519690480827,0.0
2018-10-09,0.02,27.39,32.83,22.9,71.84,1.3,80,0.0,1.4400000000000355,0,-0.9917226741361016,0.1283983551465503,0.0
2018-10-10,0.05,26.96,32.43,22.25,72.98,1.18,80,0.0,0.2500000000000355,0,-0.9893724130196829,0.14540367380368996,0.0
2018-10-11,0.04,27.09,32.31,22.57,74.43,1.43,80,0.0,0.17000000000003554,0,-0.9867305793119814,0.16236614133076377,0.0
2018-10-12,0.03,27.81,33.39,22.98,72.78,1.27,80,0.0,0.19000000000003553,0,-0.9837979515735163,0.17928075881073555,0.0
2018-10-13,0.02,27.45,33.96,21.97,66.23,1.75,80,0.0,0.16000000000003553,0,-0.980575394063143,0.19614254142819676,0.0
2018-10-14,0.0,27.17,34.02,21.07,65.28,1.6,80,0.0,0.1400000000000355,0,-0.9770638564833509,0.21294651993841537,0.0
2018-10-15,0.01,26.91,33.85,21.69,64.82,1.71,80,0.0,0.10000000000003553,0,-0.9732643737003827,0.22968774213179508,0.0
2018-10-16,0.07,26.95,33.54,21.02,66.22,1.75,80,0.0,0.13000000000003553,0,-0.9691780654392538,0.24636127429331414,0.0
2018-10-17,0.86,27.28,32.83,23.64,73.2,1.02,80,0.0,0.9600000000000355,0,-0.9648061359537647,0.262962202656514,0.0
2018-10-18,4.95,26.38,29.33,23.59,79.8,0.86,80,0.0,5.890000000000036,0,-0.9601498736716018,0.2794856348516095,0.0
2018-10-19,2.22,27.46,32.23,23.23,74.54,0.93,80,0.0,8.110000000000035,0,-0.9552106508146317,0.2959267013472893,0.0
2018-10-20,0.37,27.4,33.28,22.56,72.97,1.29,80,0.0,8.470000000000036,0,-0.9499899229945011,0.3122805568857945,0.0
2018-10-21,0.33,26.91,32.45,22.05,71.37,1.24,80,0.0,8.730000000000036,0,-0.9444892287836614,0.3285423819108344,0.0
2018-10-22,0.19,27.22,33.66,22.49,68.63,1.3,80,0.0,8.060000000000036,0,-0.938710189261944,0.3447073839879342,0.0
2018-10-23,0.0,26.35,34.69,20.21,58.98,1.57,80,0.0,3.110000000000035,0,-0.9326545075388223,0.3607707992167836,0.0
2018-10-24,0.0,25.86,35.32,18.8,58.91,1.64,80,0.0,0.8900000000000347,0,-0.9263239682514949,0.3767278936351853,0.0
2018-10-25,0.46,26.13,31.66,20.96,71.23,2.31,80,0.0,0.9800000000000346,0,-0.9197204370389466,0.3925739646141719,0.0
2018-10-26,0.23,26.55,33.2,22.45,67.27,1.78,80,0.0,0.8800000000000346,0,-0.9128458599921356,0.40830434224389334,0.0
2018-10-27,0.01,25.81,33.73,20.15,64.16,2.09,80,0.0,0.7000000000000347,0,-0.9057022630804715,0.42391439070986053,0.0
2018-10-28,0.0,25.6,34.08,19.57,59.5,2.32,80,0.0,0.7000000000000347,0,-0.898291751554753,0.4393995096591413,0.0
2018-10-29,0.0,24.76,32.48,18.92,53.87,2.67,80,0.0,0.7000000000000347,0,-0.8906165093267405,0.4547551355561054,0.0
2018-10-30,0.0,24.2,31.91,18.29,54.79,2.48,80,0.0,0.24000000000003466,0,-0.8826787983255476,0.46997674302731957,0.0
2018-10-31,0.0,24.5,32.68,18.19,63.71,2.41,80,0.0,0.01000000000003464,0,-0.8744809578310401,0.4850598461951956,0.0
2018-11-01,0.0,25.27,32.3,18.51,63.87,2.22,80,0.0,0.0,0,-0.8660254037844386,0.5000000000000001,0.0
2018-11-02,0.0,25.91,32.91,19.52,67.59,1.95,80,0.0,0.0,0,-0.8573146280763323,0.5147928015098308,0.0
2018-11-03,0.05,27.1,33.07,21.89,73.04,1.9,80,0.0,0.05000000000003464,0,-0.848351197812304,0.5294338912181851,0.0
2018-11-04,1.36,27.92,33.24,23.71,74.79,1.14,80,0.0,1.4100000000000348,0,-0.8391377545563939,0.5439189543287245,0.0
2018-11-05,4.93,27.41,32.13,24.29,77.77,0.99,80,0.0,6.3400000000000345,0,-0.8296770135526191,0.5582437220268645,0.0
2018-11-06,0.2,27.5,33.62,23.37,70.21,1.38,80,0.0,6.540000000000035,0,-0.8199717629247775,0.5724039727378144,0.0
2018-11-07,0.0,26.33,34.01,21.31,60.38,1.96,80,0.0,6.540000000000035,0,-0.8100248628547756,0.5863955333706952,0.0
2018-11-08,0.0,25.53,34.04,18.59,58.79,1.8,80,0.0,6.490000000000035,0,-0.7998392447397199,0.6002142805483676,0.0
2018-11-09,0.0,25.96,34.11,19.87,59.58,1.48,80,0.0,5.1300000000000345,0,-0.7894179103280197,0.613856141822612,0.0
2018-11-10,0.0,25.56,33.55,19.3,57.83,1.53,80,0.0,0.20000000000003465,0,-0.7787639308347607,0.6273170968742937,0.0
2018-11-11,0.0,25.0,33.62,18.43,55.89,1.53,80,0.0,0.0,0,-0.7678804460366002,0.640593178698175,0.0
2018-11-12,0.0,24.67,33.33,17.67,55.92,1.68,80,0.0,0.0,0,-0.7567706633464628,0.6536804747720056,0.0
2018-11-13,0.0,24.85,32.77,18.03,58.1,1.23,80,0.0,0.0,0,-0.7454378568682999,0.6665751282095634,0.0
2018-11-14,0.0,24.63,32.43,18.62,65.98,1.24,80,0.0,0.0,0,-0.7338853664321989,0.6792733388972934,0.0
2018-11-15,0.0,24.97,33.88,17.93,56.1,1.8,80,0.0,0.0,0,-0.7221165966101161,0.6917713646142221,0.0
2018-11-16,0.0,24.89,34.38,18.22,50.07,2.33,80,0.0,0.0,0,-0.7101350157125358,0.7040655221348057,0.0
2018-11-17,0.0,25.19,34.54,18.09,50.22,1.9,80,0.0,0.0,0,-0.6979441547663436,0.7161521883143933,0.0
2018-11-18,0.0,26.02,34.46,19.56,56.7,1.41,80,0.0,0.0,0,-0.6855476064742156,0.7280278011569846,0.0
2018-11-19,0.01,26.53,34.54,21.0,57.52,1.39,80,0.0,0.01000000000003464,0,-0.6729490241558331,0.7396888608649665,0.0
2018-11-20,0.04,26.79,33.77,21.36,61.3,1.28,80,0.0,0.05000000000003464,0,-0.6601521206712321,0.7511319308705195,0.0
2018-11-21,0.01,27.18,33.77,22.2,66.05,1.27,80,0.0,0.060000000000034644,0,-0.6471606673266065,0.7623536388483899,0.0
2018-11-22,0.0,27.06,33.85,22.17,61.22,1.84,80,0.0,0.060000000000034644,0,-0.6339784927628872,0.7733506777097294,0.0
2018-11-23,0.0,26.33,34.56,20.34,52.5,2.66,80,0.0,0.060000000000034644,0,-0.6206094818274227,0.7841198065767104,0.0
2018-11-24,0.0,25.83,34.39,19.52,53.01,2.31,80,0.0,0.05000000000003464,0,-0.607057574429101,0.7946578517376245,0.0
2018-11-25,0.0,25.7,33.74,19.41,56.2,1.76,80,0.0,0.01000000000003464,0,-0.5933267643772321,0.8049617075821959,0.0
2018-11-26,0.0,25.43,33.47,19.57,55.73,1.61,80,0.0,0.0,0,-0.5794210982045647,0.8150283375168107,0.0
2018-11-27,0.0,24.94,33.66,18.5,47.95,2.35,80,0.0,0.0,0,-0.5653446739747432,0.8248547748594242,0.0
2018-11-28,0.0,24.85,32.66,18.45,47.26,2.08,80,0.0,0.0,0,-0.5511016400745998,0.8344381237138475,0.0
2018-11-29,0.0,24.42,33.11,18.29,46.64,2.07,80,0.0,0.0,0,-0.5366961939916011,0.8437755598231853,0.0
2018-11-30,0.0,24.44,33.51,17.38,47.85,2.19,80,0.0,0.0,0,-0.5221325810768248,0.8528643314021598,0.0
2018-12-01,0.0,24.18,31.82,18.08,47.89,2.06,80,0.0,0.0,0,-0.5074150932938463,0.8617017599480677,0.0
2018-12-02,0.0,24.47,32.71,18.58,51.32,1.88,80,0.0,0.0,0,-0.4925480679538645,0.8702852410301551,0.0
2018-12-03,0.0,24.83,32.87,18.14,56.48,1.75,80,0.0,0.0,0,-0.47753588643748845,0.8786122450571482,0.0
2018-12-04,0.0,24.72,31.16,20.23,57.77,1.85,80,0.0,0.0,0,-0.4623829729035152,0.8866803180227398,0.0
2018-12-05,0.03,25.21,33.68,19.11,54.71,1.64,80,0.0,0.030000000000034638,0,-0.44709379298511437,0.8944870822287954,0.0
2018-12-06,0.06,24.56,32.56,18.8,57.09,1.63,80,0.0,0.09000000000003464,0,-0.43167285247378356,0.9020302369860709,0.0
2018-12-07,0.0,24.4,33.33,17.85,53.05,1.57,80,0.0,0.09000000000003464,0,-0.4161246959914751,0.9093075592922355,0.0
2018-12-08,0.0,24.42,32.54,18.42,53.24,1.64,80,0.0,0.09000000000003464,0,-0.4004539056512665,0.9163169044870048,0.0
2018-12-09,0.0,23.97,32.63,17.82,52.85,1.61,80,0.0,0.09000000000003464,0,-0.3846650997070013,0.923056206884176,0.0
2018-12-10,0.0,22.74,31.41,17.12,50.67,1.81,80,0.0,0.06000000000003464,0,-0.3687629311922604,0.9295234803804002,0.0
2018-12-11,0.0,22.14,31.32,14.56,50.94,1.99,80,0.0,0.0,0,-0.3527520865490943,0.9357168190404939,0.0
2018-12-12,0.1,22.56,30.13,16.93,62.34,1.89,80,0.0,0.10000000000003464,0,-0.3366372842469107,0.9416343976591258,0.0
2018-12-13,0.0,22.55,31.34,15.67,50.64,2.57,80,0.0,0.10000000000003464,0,-0.3204232733919109,0.947274472298717,0.0
2018-12-14,0.0,22.98,32.04,15.61,45.84,3.13,80,0.0,0.10000000000003464,0,-0.30411483232751857,0.9526353808033823,0.0
2018-12-15,0.0,24.59,31.9,18.55,48.71,3.59,80,0.0,0.10000000000003464,0,-0.28771676722616696,0.9577155432887803,0.0
2018-12-16,0.0,23.78,31.62,18.13,44.72,3.11,80,0.0,0.10000000000003464,0,-0.27123391067291097,0.9625134626077079,0.0
2018-12-17,0.0,22.53,30.95,15.56,43.49,2.85,80,0.0,0.0,0,-0.25467112024122895,0.9670277247913203,0.0
2018-12-18,0.0,23.3,31.83,17.57,53.33,2.27,80,0.0,0.0,0,-0.23803327706148678,0.9712569994658311,0.0
2018-12-19,0.0,21.98,31.82,14.75,41.29,2.44,80,0.0,0.0,0,-0.22132528438243296,0.9752000402445824,0.0
2018-12-20,0.0,22.17,31.87,14.84,44.71,2.4,80,0.0,0.0,0,-0.2045520661262005,0.9788556850953579,0.0
2018-12-21,0.0,23.19,32.41,16.36,52.25,1.86,80,0.0,0.0,0,-0.1877185654371994,0.9822228566828405,0.0
2018-12-22,0.0,23.65,33.16,16.42,46.37,1.58,80,0.0,0.0,0,-0.17082974322534408,0.985300562686109,0.0
2018-12-23,0.0,24.61,33.78,17.6,44.86,1.68,80,0.0,0.0,0,-0.1538905767040627,0.9880878960910771,0.0
2018-12-24,0.0,25.46,34.25,19.2,47.33,1.91,80,0.0,0.0,0,-0.1369060579234754,0.9905840354577969,0.0
2018-12-25,0.0,25.23,33.45,19.38,47.11,1.58,80,0.0,0.0,0,-0.1198811922992275,0.99278824516254,0.0
2018-12-26,0.0,23.14,30.92,17.37,41.17,2.3,80,0.0,0.0,0,-0.1028209971373608,0.9946998756145891,0.0
2018-12-27,0.0,20.76,31.58,12.27,29.87,2.49,80,0.0,0.0,0,-0.08573050015569487,0.9963183634476755,0.0
2018-12-28,0.0,20.78,31.32,12.61,26.67,2.56,80,0.0,0.0,0,-0.06861473800213468,0.9976432316860063,0.0
2018-12-29,0.0,21.29,32.35,12.86,25.43,2.69,80,0.0,0.0,0,-0.05147875477034641,0.9986740898848305,0.0
2018-12-30,0.0,22.05,32.81,13.94,27.07,2.66,80,0.0,0.0,0,-0.034327600513243496,0.9994106342455052,0.0
2018-12-31,0.0,22.7,33.62,14.3,29.08,2.39,80,0.0,0.0,0,-0.017166329754707492,0.9998526477050269,0.0
2019-01-01,0.0,22.99,34.02,15.7,28.82,2.2,80,0.0,0.0,0,0.01716632975470737,0.9998526477050269,0.0
2019-01-02,0.0,23.28,34.37,15.23,28.92,1.7,80,0.0,0.0,0,0.034327600513243496,0.9994106342455052,0.0
2019-01-03,0.0,23.45,34.15,15.67,31.22,1.63,80,0.0,0.0,0,0.05147875477034653,0.9986740898848305,0.0
2019-01-04,0.0,23.6,34.6,16.2,31.3,2.0,80,0.0,0.0,0,0.06861473800213404,0.9976432316860063,0.0
2019-01-05,0.0,23.53,32.71,17.42,35.35,1.65,80,0.0,0.0,0,0.08573050015569435,0.9963183634476755,0.0
2019-01-06,0.0,23.07,33.1,15.77,34.39,2.2,80,0.0,0.0,0,0.1028209971373604,0.9946998756145891,0.0
2019-01-07,0.0,23.0,34.0,14.94,30.35,2.43,80,0.0,0.0,0,0.11988119229922722,0.99278824516254,0.0
2019-01-08,0.0,22.81,33.72,15.19,27.21,2.78,80,0.0,0.0,0,0.13690605792347524,0.990584035457797,0.0
2019-01-09,0.0,22.59,33.66,14.58,29.19,1.68,80,0.0,0.0,0,0.15389057670406178,0.9880878960910772,0.0
2019-01-10,0.0,22.81,34.34,15.13,29.65,2.24,80,0.0,0.0,0,0.17082974322534417,0.985300562686109,0.0
2019-01-11,0.0,22.83,33.04,15.57,33.32,1.63,80,0.0,0.0,0,0.1877185654371987,0.9822228566828407,0.0
2019-01-12,0.0,22.79,31.71,17.39,34.45,1.55,80,0.0,0.0,0,0.2045520661262008,0.9788556850953578,0.0
2019-01-13,0.0,22.55,32.57,14.87,37.12,1.86,80,0.0,0.0,0,0.22132528438243257,0.9752000402445825,0.0
2019-01-14,0.0,24.38,34.81,16.02,30.12,2.53,80,0.0,0.0,0,0.2380332770614856,0.9712569994658314,0.0
2019-01-15,0.0,24.99,34.73,17.84,32.28,2.86,80,0.0,0.0,0,0.2546711202412287,0.9670277247913204,0.0
2019-01-16,0.0,25.21,34.89,17.99,39.07,2.35,80,0.0,0.0,0,0.27123391067291003,0.9625134626077081,0.0
2019-01-17,0.0,25.32,35.58,17.59,30.35,1.98,80,0.0,0.0,0,0.287716767226167,0.9577155432887803,0.0
2019-01-18,0.0,25.21,35.77,17.51,27.24,1.96,80,0.0,0.0,0,0.30411483232751785,0.9526353808033825,0.0
2019-01-19,0.0,25.3,35.49,18.1,32.69,2.3,80,0.0,0.0,0,0.3204232733919111,0.9472744722987169,0.0
2019-01-20,0.0,25.79,35.97,18.43,36.05,1.73,80,0.0,0.0,0,0.33663728424691025,0.9416343976591259,0.0
2019-01-21,0.0,24.52,33.03,19.2,49.0,1.63,80,0.0,0.0,0,0.3527520865490948,0.9357168190404936,0.0
2019-01-22,0.22,22.58,29.83,17.4,71.05,1.68,80,0.0,0.22000000000003464,0,0.3687629311922601,0.9295234803804003,0.0
2019-01-23,0.05,22.1,29.33,16.83,67.62,2.27,80,0.0,0.27000000000003466,0,0.3846650997070012,0.9230562068841761,0.0
2019-01-24,0.0,21.66,30.76,14.65,42.99,2.48,80,0.0,0.27000000000003466,0,0.40045390565126643,0.9163169044870048,0.0
2019-01-25,0.0,21.1,30.29,13.45,31.03,3.22,80,0.0,0.27000000000003466,0,0.41612469599147445,0.9093075592922358,0.0
2019-01-26,0.0,21.68,31.76,12.56,30.84,2.53,80,0.0,0.27000000000003466,0,0.43167285247378384,0.9020302369860707,0.0
2019-01-27,0.0,23.41,32.12,15.92,37.84,3.32,80,0.0,0.05000000000003464,0,0.44709379298511387,0.8944870822287956,0.0
2019-01-28,0.0,23.0,31.31,16.87,27.57,3.83,80,0.0,0.0,0,0.4623829729035149,0.88668031802274,0.0
2019-01-29,0.0,23.02,33.02,15.16,21.57,3.3,80,0.0,0.0,0,0.47753588643748823,0.8786122450571483,0.0
2019-01-30,0.0,22.87,33.37,15.16,23.41,2.81,80,0.0,0.0,0,0.4925480679538643,0.8702852410301553,0.0
2019-01-31,0.0,23.24,33.05,16.11,30.24,1.87,80,0.0,0.0,0,0.5074150932938455,0.8617017599480682,0.0
2019-02-01,0.0,24.09,33.77,16.72,33.9,2.1,80,0.0,0.0,0,0.5221325810768248,0.8528643314021597,0.0
2019-02-02,0.0,24.39,34.07,17.32,34.29,2.08,80,0.0,0.0,0,0.5366961939916004,0.8437755598231856,0.0
2019-02-03,0.0,25.73,34.54,18.64,37.16,1.87,80,0.0,0.0,0,0.5511016400746002,0.8344381237138473,0.0
2019-02-04,0.0,26.79,36.62,20.16,41.78,2.92,80,0.0,0.0,0,0.5653446739747429,0.8248547748594244,0.0
2019-02-05,0.09,26.63,35.94,19.93,43.3,1.69,80,0.0,0.09000000000003464,0,0.5794210982045637,0.8150283375168114,0.0
2019-02-06,0.04,24.19,31.85,19.01,50.15,2.11,80,0.0,0.13000000000003464,0,0.593326764377232,0.8049617075821959,0.0
2019-02-07,0.04,21.52,28.06,17.05,63.45,2.86,80,0.0,0.17000000000003462,0,0.6070575744291002,0.7946578517376252,0.0
2019-02-08,0.0,19.61,26.56,14.48,51.86,2.82,80,0.0,0.17000000000003462,0,0.6206094818274227,0.7841198065767105,0.0
2019-02-09,0.0,20.96,32.26,12.29,27.79,2.37,80,0.0,0.17000000000003462,0,0.6339784927628866,0.7733506777097299,0.0
2019-02-10,0.0,23.09,34.69,13.74,19.49,3.13,80,0.0,0.08000000000003464,0,0.647160667326606,0.7623536388483904,0.0
2019-02-11,0.0,25.33,35.57,16.69,24.25,2.04,80,0.0,0.04000000000003464,0,0.6601521206712317,0.7511319308705199,0.0
2019-02-12,0.0,28.03,37.71,20.03,27.98,2.26,80,0.0,0.0,0,0.6729490241558329,0.7396888608649669,0.0
2019-02-13,0.0,28.18,36.66,22.38,37.01,1.89,80,0.0,0.0,0,0.6855476064742154,0.7280278011569848,0.0
2019-02-14,0.0,26.54,35.36,20.3,42.92,2.26,80,0.0,0.0,0,0.6979441547663435,0.7161521883143933,0.0
2019-02-15,0.0,24.77,32.81,19.34,51.02,2.04,80,0.0,0.0,0,0.7101350157125358,0.7040655221348057,0.0
2019-02-16,0.0,23.98,33.72,16.14,45.52,2.23,80,0.0,0.0,0,0.7221165966101162,0.691771364614222,0.0
2019-02-17,0.0,24.18,33.83,16.69,33.34,1.97,80,0.0,0.0,0,0.733885366432199,0.6792733388972931,0.0
2019-02-18,0.0,25.14,35.85,16.89,35.45,1.95,80,0.0,0.0,0,0.7454378568683001,0.6665751282095632,0.0
2019-02-19,0.0,26.25,37.07,18.1,37.61,2.03,80,0.0,0.0,0,0.7567706633464625,0.653680474772006,0.0
2019-02-20,0.09,26.8,38.15,18.7,43.06,2.2,80,0.0,0.09000000000003464,0,0.7678804460366,0.6405931786981751,0.0
2019-02-21,0.0,26.03,35.55,19.35,60.73,2.01,80,0.0,0.09000000000003464,0,0.7787639308347607,0.6273170968742937,0.0
2019-02-22,0.0,27.51,37.77,19.53,48.11,2.46,80,0.0,0.09000000000003464,0,0.7894179103280197,0.613856141822612,0.0
2019-02-23,0.0,29.41,39.4,21.7,31.43,2.65,80,0.0,0.09000000000003464,0,0.7998392447397193,0.6002142805483682,0.0
2019-02-24,0.0,28.33,37.8,21.26,24.77,2.51,80,0.0,0.09000000000003464,0,0.8100248628547753,0.5863955333706956,0.0
2019-02-25,0.0,27.02,36.6,19.94,35.84,2.47,80,0.0,0.0,0,0.8199717629247771,0.5724039727378148,0.0
2019-02-26,0.0,25.56,33.63,19.39,49.45,2.48,80,0.0,0.0,0,0.8296770135526188,0.5582437220268648,0.0
2019-02-27,0.0,24.61,31.75,19.12,58.79,2.33,80,0.0,0.0,0,0.8391377545563938,0.5439189543287247,0.0
2019-02-28,0.0,25.03,33.92,17.36,43.29,2.05,80,0.0,0.0,0,0.8483511978123038,0.5294338912181853,0.0
2019-03-01,0.0,25.92,36.13,17.08,28.96,1.92,80,0.0,0.0,0,0.8573146280763322,0.5147928015098309,0.0
2019-03-02,0.01,26.61,36.83,19.25,47.38,2.5,80,0.0,0.01000000000003464,0,0.8660254037844386,0.5000000000000001,0.0
2019-03-03,0.04,25.47,33.23,19.34,65.57,2.05,80,0.0,0.05000000000003464,0,0.8744809578310397,0.4850598461951962,0.0
2019-03-04,0.15,25.13,32.44,20.44,69.31,2.25,80,0.0,0.20000000000003465,0,0.8826787983255474,0.46997674302731995,0.0
2019-03-05,0.0,25.39,33.08,20.26,61.08,2.0,80,0.0,0.20000000000003462,0,0.8906165093267404,0.4547551355561058,0.0
2019-03-06,0.0,24.45,32.14,18.45,52.92,2.35,80,0.0,0.20000000000003462,0,0.8982917515547528,0.4393995096591417,0.0
2019-03-07,0.0,25.54,35.44,17.25,50.12,2.42,80,0.0,0.1900000000000346,0,0.9057022630804714,0.42391439070986076,0.0
2019-03-08,0.0,26.96,36.79,19.15,39.9,2.32,80,0.0,0.1500000000000346,0,0.9128458599921356,0.40830434224389334,0.0
2019-03-09,0.04,27.64,36.5,20.17,37.07,2.32,80,0.0,0.04000000000003464,0,0.9197204370389467,0.3925739646141717,0.0
2019-03-10,0.0,28.04,37.71,20.73,33.7,2.29,80,0.0,0.04000000000003464,0,0.926323968251495,0.3767278936351851,0.0
2019-03-11,0.01,26.08,34.51,19.34,53.63,2.41,80,0.0,0.05000000000003464,0,0.9326545075388224,0.36077079921678346,0.0
2019-03-12,0.0,26.44,36.24,18.82,52.21,2.08,80,0.0,0.05000000000003464,0,0.9387101892619443,0.3447073839879338,0.0
2019-03-13,0.0,26.16,34.52,19.53,50.69,2.65,80,0.0,0.05000000000003464,0,0.9444892287836613,0.32854238191083485,0.0
2019-03-14,0.0,26.11,34.16,20.24,46.95,3.06,80,0.0,0.01000000000003464,0,0.949989922994501,0.3122805568857947,0.0
2019-03-15,0.0,27.92,38.86,19.25,34.74,2.45,80,0.0,0.01000000000003464,0,0.9552106508146316,0.2959267013472893,0.0
2019-03-16,0.0,28.57,38.91,21.34,31.48,1.98,80,0.0,0.0,0,0.9601498736716018,0.2794856348516095,0.0
2019-03-17,0.26,27.72,37.19,20.88,40.11,1.74,80,0.0,0.26000000000003465,0,0.9648061359537645,0.2629622026565149,0.0
2019-03-18,0.0,28.36,38.72,19.74,35.4,2.17,80,0.0,0.26000000000003465,0,0.9691780654392536,0.2463612742933148,0.0
2019-03-19,0.0,28.73,38.63,20.69,35.51,2.04,80,0.0,0.26000000000003465,0,0.9732643737003824,0.22968774213179574,0.0
2019-03-20,0.0,27.34,36.59,20.33,51.89,2.04,80,0.0,0.26000000000003465,0,0.9770638564833508,0.21294651993841582,0.0
2019-03-21,0.0,27.14,36.5,19.88,53.83,2.09,80,0.0,0.26000000000003465,0,0.9805753940631429,0.19614254142819698,0.0
2019-03-22,0.0,27.44,37.37,18.79,48.66,2.17,80,0.0,0.0,0,0.9837979515735163,0.17928075881073577,0.0
2019-03-23,0.02,30.19,40.95,20.89,30.39,2.39,80,0.0,0.02000000000003464,0,0.9867305793119814,0.162366141330764,0.0
2019-03-24,0.0,31.54,41.67,23.0,21.66,2.46,80,0.0,0.02000000000003464,0,0.989372413019683,0.14540367380368976,0.0
2019-03-25,0.0,32.64,43.18,23.35,21.56,2.69,80,0.0,0.02000000000003464,0,0.9917226741361015,0.12839835514655099,0.0
2019-03-26,0.0,32.59,43.26,24.12,25.02,2.69,80,0.0,0.02000000000003464,0,0.9937806700284985,0.11135519690480875,0.0
2019-03-27,0.04,30.82,41.18,23.91,41.37,1.66,80,0.0,0.06000000000003464,0,0.9955457941960382,0.09427922177542453,0.0
2019-03-28,0.04,30.81,42.52,22.14,41.41,1.78,80,0.0,0.08000000000003464,0,0.9970175264485267,0.07717546212664653,0.0
2019-03-29,0.03,30.83,41.83,22.66,51.59,1.92,80,0.0,0.11000000000003464,0,0.998195433059714,0.0600489585149486,0.0
2019-03-30,0.02,30.6,39.78,24.11,50.2,2.05,80,0.0,0.13000000000003464,0,0.9990791668951153,0.042904758199554374,0.0
2019-03-31,0.01,29.91,38.88,23.61,54.86,1.84,80,0.0,0.14000000000003465,0,0.999668467514313,0.025747913654988658,0.0
2019-04-01,0.0,29.06,38.11,22.15,55.8,1.86,80,0.0,0.10000000000003464,0,0.9999631612477099,0.008583481082087055,0.0
2019-04-02,0.01,29.13,39.34,21.79,55.44,1.56,80,0.0,0.07000000000003465,0,0.9999631612477099,-0.008583481082086933,0.0
2019-04-03,0.02,30.75,41.83,22.77,53.49,1.93,80,0.0,0.06000000000003465,0,0.9996684675143132,-0.025747913654988314,0.0
2019-04-04,0.03,30.82,41.7,22.72,53.19,2.16,80,0.0,0.07000000000003465,0,0.9990791668951153,-0.04290475819955447,0.0
2019-04-05,0.01,29.89,38.82,23.82,58.79,2.12,80,0.0,0.07000000000003465,0,0.998195433059714,-0.06004895851494825,0.0
2019-04-06,0.0,30.31,39.75,24.03,53.19,2.08,80,0.0,0.07000000000003465,0,0.9970175264485267,-0.07717546212664618,0.0
2019-04-07,0.0,30.37,39.37,24.05,53.54,1.84,80,0.0,0.060000000000034644,0,0.9955457941960382,-0.0942792217754244,0.0
2019-04-08,0.0,30.88,40.7,23.02,55.1,2.37,80,0.0,0.04000000000003465,0,0.9937806700284985,-0.11135519690480862,0.0
2019-04-09,0.0,30.42,39.14,24.1,51.82,2.05,80,0.0,0.010000000000034646,0,0.9917226741361015,-0.12839835514655107,0.0
2019-04-10,0.0,30.23,39.78,22.5,53.15,2.23,80,0.0,0.0,0,0.9893724130196829,-0.14540367380368988,0.0
2019-04-11,0.21,30.3,39.37,22.68,56.41,2.08,80,0.0,0.21000000000003463,0,0.9867305793119814,-0.16236614133076366,0.0
2019-04-12,0.25,31.02,40.05,24.29,54.4,1.84,80,0.0,0.4600000000000346,0,0.9837979515735163,-0.17928075881073566,0.0
2019-04-13,0.12,32.32,43.02,23.7,42.86,2.48,80,0.0,0.5800000000000346,0,0.980575394063143,-0.19614254142819687,0.0
2019-04-14,0.28,32.53,41.84,25.11,48.93,1.97,80,0.0,0.8600000000000346,0,0.9770638564833507,-0.21294651993841593,0.0
2019-04-15,1.56,30.85,36.52,26.51,49.74,1.65,80,0.0,2.4200000000000346,0,0.9732643737003824,-0.22968774213179563,0.0
2019-04-16,0.55,30.0,35.73,25.87,55.17,2.32,80,0.0,2.7600000000000344,0,0.9691780654392537,-0.2463612742933147,0.0
2019-04-17,0.0,28.94,36.79,22.79,48.4,2.69,80,0.0,2.5100000000000344,0,0.9648061359537646,-0.26296220265651454,0.0
2019-04-18,0.0,28.67,37.75,20.89,51.46,2.93,80,0.0,2.3900000000000343,0,0.9601498736716018,-0.2794856348516094,0.0
2019-04-19,0.0,30.18,38.98,23.01,50.45,2.17,80,0.0,2.110000000000035,0,0.9552106508146317,-0.2959267013472892,0.0
2019-04-20,0.0,30.18,38.62,22.64,51.22,2.01,80,0.0,0.5500000000000347,0,0.949989922994501,-0.31228055688579476,0.0
2019-04-21,0.0,30.48,38.9,23.81,52.21,1.97,80,0.0,0.0,0,0.9444892287836613,-0.32854238191083474,0.0
2019-04-22,0.0,30.26,39.14,22.11,51.84,2.52,80,0.0,0.0,0,0.9387101892619443,-0.3447073839879337,0.0
2019-04-23,0.0,30.64,40.59,22.95,53.37,2.62,80,0.0,0.0,0,0.9326545075388225,-0.3607707992167831,0.0
2019-04-24,0.02,31.4,41.59,23.99,53.88,2.87,80,0.0,0.02000000000003464,0,0.926323968251495,-0.376727893635185,0.0
2019-04-25,0.02,32.09,41.9,24.56,52.88,2.91,80,0.0,0.04000000000003464,0,0.9197204370389467,-0.39257396461417177,0.0
2019-04-26,0.12,33.01,43.03,25.06,52.75,2.68,80,0.0,0.16000000000003464,0,0.9128458599921355,-0.40830434224389345,0.0
2019-04-27,0.12,34.35,44.91,25.93,49.98,2.63,80,0.0,0.28000000000003467,0,0.9057022630804715,-0.42391439070986064,0.0
2019-04-28,0.22,34.14,43.96,27.11,50.4,2.79,80,0.0,0.5000000000000346,0,0.898291751554753,-0.43939950965914143,0.0
2019-04-29,0.1,32.1,39.7,25.93,56.2,2.73,80,0.0,0.5800000000000346,0,0.8906165093267405,-0.4547551355561055,0.0
2019-04-30,0.01,31.13,39.16,24.53,58.02,2.46,80,0.0,0.5700000000000346,0,0.8826787983255476,-0.4699767430273197,0.0
2019-05-01,0.01,29.94,37.71,24.84,60.16,2.52,80,0.0,0.4600000000000346,0,0.8744809578310397,-0.4850598461951961,0.0
2019-05-02,0.0,29.3,37.19,23.78,56.88,2.42,80,0.0,0.3400000000000346,0,0.8660254037844387,-0.4999999999999998,0.0
2019-05-03,0.01,29.24,36.73,23.39,61.54,2.75,80,0.0,0.13000000000003464,0,0.8573146280763323,-0.5147928015098308,0.0
2019-05-04,0.05,29.57,35.9,24.91,62.02,2.92,80,0.0,0.08000000000003464,0,0.848351197812304,-0.5294338912181852,0.0
2019-05-05,0.01,30.05,37.03,25.08,58.07,2.48,80,0.0,0.08000000000003464,0,0.8391377545563939,-0.5439189543287246,0.0
2019-05-06,0.01,30.98,39.22,24.68,56.28,2.47,80,0.0,0.08000000000003464,0,0.8296770135526188,-0.5582437220268649,0.0
2019-05-07,0.01,30.8,38.13,25.21,58.57,2.57,80,0.0,0.09000000000003464,0,0.8199717629247771,-0.5724039727378148,0.0
2019-05-08,0.0,30.27,36.95,26.13,60.29,3.14,80,0.0,0.08000000000003464,0,0.8100248628547753,-0.5863955333706956,0.0
2019-05-09,0.0,29.67,36.27,25.68,58.28,3.07,80,0.0,0.030000000000034638,0,0.7998392447397195,-0.6002142805483681,0.0
2019-05-10,0.0,29.76,36.62,25.04,58.69,2.75,80,0.0,0.020000000000034636,0,0.7894179103280199,-0.6138561418226116,0.0
2019-05-11,0.0,30.37,38.51,24.59,57.75,2.92,80,0.0,0.01000000000003464,0,0.7787639308347607,-0.6273170968742938,0.0
2019-05-12,0.01,30.79,39.24,24.82,59.96,2.69,80,0.0,0.01000000000003464,0,0.7678804460366001,-0.6405931786981751,0.0
2019-05-13,0.0,30.8,38.83,25.42,59.31,2.66,80,0.0,0.01000000000003464,0,0.7567706633464627,-0.6536804747720057,0.0
2019-05-14,0.0,30.43,38.34,24.92,58.6,2.31,80,0.0,0.01000000000003464,0,0.7454378568683001,-0.6665751282095632,0.0
2019-05-15,0.0,30.79,39.27,24.46,56.86,2.39,80,0.0,0.01000000000003464,0,0.7338853664321991,-0.6792733388972931,0.0
2019-05-16,0.13,30.81,39.19,24.22,54.9,2.37,80,0.0,0.14000000000003465,0,0.722116596610116,-0.6917713646142222,0.0
2019-05-17,0.0,31.01,39.28,24.05,55.41,2.74,80,0.0,0.13000000000003464,0,0.7101350157125357,-0.7040655221348058,0.0
2019-05-18,0.0,32.22,40.72,24.9,52.53,3.04,80,0.0,0.13000000000003464,0,0.6979441547663435,-0.7161521883143933,0.0
2019-05-19,0.0,33.45,41.81,26.26,46.16,3.51,80,0.0,0.13000000000003464,0,0.6855476064742155,-0.7280278011569847,0.0
2019-05-20,0.0,32.71,41.05,25.8,55.09,2.98,80,0.0,0.13000000000003464,0,0.672949024155833,-0.7396888608649667,0.0
2019-05-21,0.01,32.27,40.04,26.12,59.54,2.95,80,0.0,0.01000000000003464,0,0.660152120671232,-0.7511319308705197,0.0
2019-05-22,0.01,31.78,38.79,26.93,61.87,2.55,80,0.0,0.02000000000003464,0,0.647160667326606,-0.7623536388483902,0.0
2019-05-23,0.01,31.68,38.94,26.93,60.25,2.81,80,0.0,0.030000000000034638,0,0.6339784927628868,-0.7733506777097298,0.0
2019-05-24,0.01,31.27,37.75,26.39,62.43,2.45,80,0.0,0.04000000000003464,0,0.620609481827423,-0.7841198065767103,0.0
2019-05-25,0.01,31.4,38.08,26.68,58.93,2.4,80,0.0,0.05,0,0.6070575744291006,-0.7946578517376249,0.0
2019-05-26,0.02,31.21,37.48,26.16,57.9,2.27,80,0.0,0.06000000000003464,0,0.593326764377232,-0.8049617075821959,0.0
2019-05-27,0.03,31.7,38.63,26.19,57.02,2.58,80,0.0,0.08000000000003464,0,0.5794210982045638,-0.8150283375168113,0.0
2019-05-28,0.01,32.01,39.84,26.44,58.95,2.95,80,0.0,0.08000000000003463,0,0.5653446739747428,-0.8248547748594245,0.0
2019-05-29,0.01,32.02,39.71,26.66,59.05,2.74,80,0.0,0.08000000000003464,0,0.5511016400746,-0.8344381237138473,0.0
2019-05-30,0.02,31.66,39.26,26.51,62.33,2.87,80,0.0,0.09000000000003464,0,0.5366961939916005,-0.8437755598231856,0.0
2019-05-31,0.04,31.92,39.42,27.27,61.12,2.72,80,0.0,0.11000000000003464,0,0.522132581076825,-0.8528643314021596,0.0
2019-06-01,0.05,31.95,38.84,27.81,59.96,3.11,80,0.0,0.13000000000003464,0,0.5074150932938458,-0.861701759948068,0.0
2019-06-02,0.05,32.19,39.15,27.57,62.15,2.89,80,0.0,0.17000000000003465,0,0.4925480679538644,-0.8702852410301553,0.0
2019-06-03,0.06,31.52,36.67,28.24,62.29,3.16,80,0.0,0.22000000000003464,0,0.47753588643748834,-0.8786122450571482,0.0
2019-06-04,0.04,31.62,37.79,27.87,62.79,3.31,80,0.0,0.24000000000003466,0,0.4623829729035151,-0.8866803180227399,0.0
2019-06-05,0.16,32.05,39.27,27.22,59.66,2.73,80,0.0,0.3600000000000346,0,0.44709379298511426,-0.8944870822287954,0.0
2019-06-06,0.27,31.53,36.72,27.82,60.32,2.76,80,0.0,0.5800000000000347,0,0.43167285247378384,-0.9020302369860707,0.0
2019-06-07,0.94,32.05,38.01,27.34,60.66,2.73,80,0.0,1.4700000000000346,0,0.4161246959914746,-0.9093075592922357,0.0
2019-06-08,1.58,32.32,37.17,28.41,62.09,1.92,80,0.0,2.990000000000035,0,0.4004539056512664,-0.9163169044870048,0.0
2019-06-09,2.08,31.43,35.3,28.26,65.08,2.05,80,0.0,5.030000000000035,0,0.3846650997070012,-0.923056206884176,0.0
2019-06-10,9.21,30.42,33.94,27.91,71.2,1.73,80,0.0,14.080000000000036,0,0.3687629311922603,-0.9295234803804002,0.0
2019-06-11,21.09,29.49,33.67,27.29,79.83,1.56,80,0.9791640005564054,34.900000000000034,0,0.352752086549095,-0.9357168190404935,0.0
2019-06-12,11.63,29.16,32.62,26.71,76.37,6.16,80,0.0,45.59000000000004,0,0.3366372842469106,-0.9416343976591258,0.0
2019-06-13,7.07,29.51,33.82,26.23,72.65,6.79,86,0.0,51.080000000000034,0,0.3204232733919116,-0.9472744722987168,0.0
2019-06-14,13.85,29.34,34.01,26.1,73.98,5.55,86,0.6635331907755809,62.85000000000004,0,0.30411483232751846,-0.9526353808033824,0.0
2019-06-15,20.94,29.33,33.64,26.11,76.95,5.31,92,7.07069858395277,74.58000000000004,0,0.2877167672261668,-0.9577155432887804,0.0
2019-06-16,4.69,29.84,34.26,26.96,76.59,4.62,92,0.003323655903978734,58.180000000000035,0,0.27123391067291,-0.9625134626077081,0.0
2019-06-17,4.22,29.6,33.35,26.85,77.02,4.47,92,0.0,50.77000000000004,0,0.2546711202412288,-0.9670277247913204,0.0
2019-06-18,4.49,29.42,33.37,26.68,76.27,4.68,86,0.0,48.19000000000004,0,0.2380332770614858,-0.9712569994658313,0.0
2019-06-19,5.07,29.26,33.2,26.61,77.8,3.46,86,0.0,39.41000000000004,0,0.22132528438243243,-0.9752000402445825,0.0
2019-06-20,1.44,29.1,33.29,26.53,76.73,2.91,86,0.0,19.910000000000036,0,0.2045520661262008,-0.9788556850953578,0.0
2019-06-21,0.14,29.34,34.48,25.82,73.67,2.5,80,0.0,15.360000000000035,0,0.18771856543719884,-0.9822228566828406,0.0
2019-06-22,0.19,29.46,34.1,26.14,72.45,2.17,80,0.0,11.330000000000036,0,0.17082974322534442,-0.985300562686109,0.0
2019-06-23,1.21,29.17,33.65,26.82,75.41,2.52,80,0.0,8.050000000000036,0,0.15389057670406214,-0.9880878960910771,0.0
2019-06-24,6.26,27.92,30.52,26.21,80.86,2.15,80,0.0,9.240000000000036,0,0.13690605792347574,-0.9905840354577969,0.0
2019-06-25,4.64,29.15,33.22,26.02,76.79,2.38,80,0.0,12.440000000000037,0,0.11988119229922782,-0.9927882451625399,0.0
2019-06-26,10.02,29.07,32.54,26.53,78.97,2.1,80,0.0,22.320000000000036,0,0.10282099713736025,-0.9946998756145891,1.0
2019-06-27,46.97,28.59,31.99,26.51,83.74,3.24,80,12.012201084177146,69.10000000000004,1,0.0857305001556943,-0.9963183634476755,1.0
2019-06-28,122.07,27.24,29.19,25.56,89.52,4.29,92,99.05667239881697,189.96000000000004,1,0.0686147380021341,-0.9976432316860063,1.0
2019-06-29,62.96,26.94,28.03,25.61,92.32,3.62,92,42.50595949081238,246.66000000000005,1,0.05147875477034673,-0.9986740898848305,1.0
2019-06-30,73.3,27.24,28.95,26.11,89.03,3.0,92,52.15825500956924,315.32000000000005,1,0.03432760051324382,-0.9994106342455052,1.0
2019-07-01,94.36,26.96,28.35,26.03,91.98,3.08,92,72.21016026690225,399.66,1,0.01716632975470737,-0.9998526477050269,1.0
2019-07-02,45.51,26.95,29.2,25.38,90.32,2.74,92,26.727035610387055,398.2,1,1.2246467991473532e-16,-1.0,1.0
2019-07-03,25.44,26.66,28.33,25.03,91.9,2.45,92,10.251786909514422,301.57,1,-0.017166329754707124,-0.9998526477050269,0.0
2019-07-04,6.45,26.38,29.09,24.4,86.18,2.98,92,0.1712923957129143,245.06000000000003,0,-0.03432760051324313,-0.9994106342455054,1.0
2019-07-05,55.39,27.23,29.45,24.52,89.74,4.39,92,35.562856547380484,227.15000000000003,1,-0.051478754770346045,-0.9986740898848305,1.0
2019-07-06,77.64,26.95,28.34,26.02,91.3,5.06,92,56.25406444743979,210.43,1,-0.06861473800213432,-0.9976432316860063,1.0
2019-07-07,48.08,26.88,28.23,25.99,91.99,4.53,92,28.995224406523924,213.0,1,-0.0857305001556945,-0.9963183634476755,1.0
2019-07-08,49.77,27.2,28.7,25.92,91.36,4.61,92,30.49929383249528,237.33,1,-0.10282099713736044,-0.9946998756145891,1.0
2019-07-09,38.03,27.28,28.67,26.27,91.63,4.47,92,20.283954801397048,268.91,1,-0.11988119229922714,-0.99278824516254,1.0
2019-07-10,38.66,27.23,29.34,26.01,91.49,4.61,92,20.816000367805724,252.18,1,-0.13690605792347504,-0.990584035457797,1.0
2019-07-11,34.82,27.04,28.41,26.01,91.6,4.44,92,17.609568905224844,209.36,1,-0.15389057670406148,-0.9880878960910772,0.0
2019-07-12,7.91,27.23,29.07,25.76,90.69,3.63,92,0.4768773588321848,169.19000000000005,0,-0.17082974322534417,-0.985300562686109,0.0
2019-07-13,12.81,27.21,29.27,25.65,91.05,3.68,92,2.310921439199092,132.23000000000005,0,-0.1877185654371986,-0.9822228566828407,0.0
2019-07-14,13.06,27.06,28.9,25.73,91.2,3.7,92,2.430710767879311,107.26000000000003,0,-0.20455206612620058,-0.9788556850953579,0.0
2019-07-15,8.43,27.02,29.15,25.34,89.96,3.55,92,0.6169079220405791,77.03000000000003,0,-0.22132528438243218,-0.9752000402445826,0.0
2019-07-16,10.45,26.81,28.55,25.57,91.41,3.55,92,1.2942009377993648,52.660000000000025,0,-0.23803327706148514,-0.9712569994658315,0.0
2019-07-17,5.15,27.03,29.42,25.24,90.49,2.57,86,0.0,49.900000000000034,0,-0.254671120241229,-0.9670277247913203,0.0
2019-07-18,6.83,27.18,30.08,24.86,88.35,1.96,86,0.0,43.92000000000003,0,-0.2712339106729102,-0.9625134626077081,0.0
2019-07-19,13.37,27.53,30.57,25.15,86.69,1.53,86,0.5600192270231378,44.230000000000025,0,-0.287716767226167,-0.9577155432887803,0.0
2019-07-20,12.97,27.53,30.78,25.52,87.92,1.52,86,0.47975314620176845,48.770000000000024,0,-0.3041148323275178,-0.9526353808033826,0.0
2019-07-21,8.63,27.04,29.52,25.14,89.49,1.61,86,0.0031112536593912144,46.950000000000024,0,-0.32042327339191096,-0.947274472298717,0.0
2019-07-22,16.65,27.32,29.46,25.85,91.94,2.33,86,1.4122182067133933,58.450000000000024,0,-0.3366372842469099,-0.941634397659126,0.0
2019-07-23,17.75,27.38,30.31,25.6,89.8,2.73,92,5.018651514787626,69.37000000000003,0,-0.35275208654909473,-0.9357168190404936,1.0
2019-07-24,77.04,26.81,27.8,26.18,93.0,4.36,92,55.68649039467192,133.04000000000002,1,-0.36876293119226006,-0.9295234803804003,1.0
2019-07-25,31.46,27.08,28.7,25.97,91.25,4.09,92,14.885185363034518,151.53000000000003,1,-0.38466509970700097,-0.9230562068841761,1.0
2019-07-26,83.36,26.76,28.24,25.81,91.65,4.42,92,61.68427483841222,226.26000000000002,1,-0.40045390565126615,-0.9163169044870049,1.0
2019-07-27,70.16,26.38,27.42,25.64,92.45,4.65,92,49.20997374189226,279.77,1,-0.4161246959914748,-0.9093075592922356,0.0
2019-07-28,22.85,26.49,27.81,25.54,91.48,4.57,92,8.385111279061904,284.87,0,-0.431672852473784,-0.9020302369860707,1.0
2019-07-29,66.13,26.21,27.6,25.25,92.27,4.73,92,45.447086296246084,273.96,1,-0.44709379298511404,-0.8944870822287955,1.0
2019-07-30,52.75,25.88,27.2,25.1,93.3,4.61,92,33.173182142142906,295.25,1,-0.4623829729035149,-0.88668031802274,1.0
2019-07-31,45.07,26.26,27.74,25.31,91.57,4.55,92,26.341186586733112,256.96,1,-0.4775358864374881,-0.8786122450571483,1.0
2019-08-01,25.59,26.55,28.45,25.1,89.73,5.01,92,10.362548877374936,212.39,1,-0.4925480679538642,-0.8702852410301554,1.0
2019-08-02,65.63,26.23,27.97,24.96,91.09,5.5,92,44.982029060395824,255.17,1,-0.5074150932938452,-0.8617017599480683,1.0
2019-08-03,112.51,26.03,26.81,25.37,94.82,5.49,92,89.75304253874137,301.55,1,-0.5221325810768248,-0.8528643314021597,1.0
2019-08-04,117.88,26.1,27.21,25.22,94.5,5.11,92,94.97458403039533,366.68,1,-0.5366961939916004,-0.8437755598231858,1.0
2019-08-05,46.96,26.37,27.62,25.49,92.98,5.24,92,28.003802107342008,368.57,1,-0.5511016400745999,-0.8344381237138474,0.0
2019-08-06,19.5,26.3,27.39,25.5,92.99,5.05,92,6.120197633081927,362.47999999999996,0,-0.5653446739747425,-0.8248547748594246,0.0
2019-08-07,20.59,26.3,27.35,25.62,93.33,4.88,92,6.836284483018443,317.44000000000005,0,-0.5794210982045637,-0.8150283375168114,0.0
2019-08-08,16.86,26.26,27.66,25.43,92.2,5.05,92,4.483650754894028,221.79,0,-0.5933267643772321,-0.8049617075821958,0.0
2019-08-09,24.67,26.04,27.05,25.42,92.88,5.47,92,9.687585521325252,128.58,0,-0.6070575744291004,-0.794657851737625,0.0
2019-08-10,23.5,26.15,27.78,25.0,90.93,5.97,92,8.845027940143353,105.11999999999999,0,-0.6206094818274228,-0.7841198065767104,0.0
2019-08-11,17.72,26.03,28.23,24.63,90.35,4.58,92,5.00032698968222,103.34,0,-0.6339784927628865,-0.77335067770973,0.0
2019-08-12,7.36,26.18,28.46,24.45,90.75,3.13,92,0.3459487154699473,90.11,0,-0.6471606673266059,-0.7623536388483905,0.0
2019-08-13,7.59,26.45,28.98,24.62,91.39,3.34,92,0.39848056960211237,80.84,0,-0.6601521206712315,-0.7511319308705201,0.0
2019-08-14,7.92,26.14,27.82,24.87,92.97,2.68,92,0.47942462369467725,64.09,0,-0.6729490241558326,-0.7396888608649671,0.0
2019-08-15,8.07,26.47,28.74,24.9,91.09,3.38,92,0.5183285020890515,48.660000000000004,0,-0.6855476064742154,-0.7280278011569848,0.0
2019-08-16,9.14,26.5,29.0,24.92,90.4,3.61,86,0.017937503346653536,40.08,0,-0.6979441547663433,-0.7161521883143935,0.0
2019-08-17,3.51,26.38,29.03,24.54,89.18,3.09,86,0.0,36.230000000000004,0,-0.7101350157125356,-0.7040655221348059,0.0
2019-08-18,3.54,26.29,28.76,24.19,89.65,2.5,86,0.0,32.18,0,-0.7221165966101161,-0.691771364614222,0.0
2019-08-19,2.44,26.13,28.85,24.05,90.11,2.07,80,0.0,26.7,0,-0.7338853664321993,-0.6792733388972929,0.0
2019-08-20,2.07,26.06,28.41,24.27,89.47,1.63,80,0.0,20.7,0,-0.7454378568683002,-0.6665751282095631,0.0
2019-08-21,10.97,26.38,29.29,23.93,89.38,2.33,80,0.0,22.53,0,-0.7567706633464625,-0.653680474772006,0.0
2019-08-22,8.04,26.27,29.13,24.11,89.11,2.06,80,0.0,27.060000000000002,0,-0.7678804460366,-0.6405931786981752,0.0
2019-08-23,4.87,26.12,28.97,23.7,88.7,1.62,80,0.0,28.39,0,-0.7787639308347605,-0.627317096874294,0.0
2019-08-24,7.86,26.28,29.33,23.98,89.46,2.11,80,0.0,33.81,0,-0.7894179103280194,-0.6138561418226122,0.0
2019-08-25,5.36,25.63,28.0,23.88,89.51,1.82,80,0.0,37.1,0,-0.7998392447397191,-0.6002142805483686,0.0
2019-08-26,2.22,25.7,28.5,23.61,89.4,2.14,86,0.0,28.35,0,-0.8100248628547748,-0.5863955333706962,0.0
2019-08-27,4.08,26.09,29.19,23.64,88.65,2.39,80,0.0,24.39,0,-0.8199717629247767,-0.5724039727378154,0.0
2019-08-28,2.2,26.56,29.75,23.83,88.49,2.28,80,0.0,21.72,0,-0.8296770135526184,-0.5582437220268655,0.0
2019-08-29,8.09,27.0,29.76,24.5,88.49,2.22,80,0.0,21.95,0,-0.8391377545563938,-0.5439189543287248,0.0
2019-08-30,24.82,26.84,29.51,24.96,89.54,2.67,80,1.9425337212377676,41.41,0,-0.8483511978123038,-0.5294338912181854,1.0
2019-08-31,38.14,26.61,28.5,25.39,91.59,3.11,86,12.527975947886183,77.33,1,-0.8573146280763322,-0.514792801509831,1.0
2019-09-01,25.22,26.03,27.36,25.05,92.5,2.51,92,10.089832488414878,98.47,1,-0.8660254037844384,-0.5000000000000004,1.0
2019-09-02,34.58,26.59,28.68,25.28,90.81,3.28,92,17.41225902152025,130.85,1,-0.8744809578310394,-0.4850598461951967,1.0
2019-09-03,87.13,26.4,28.33,25.13,91.7,3.6,92,65.28057271085663,209.89,1,-0.8826787983255475,-0.4699767430273199,1.0
2019-09-04,103.54,25.95,27.5,24.79,93.44,3.43,92,81.06036464209372,288.61,1,-0.8906165093267404,-0.45475513555610575,1.0
2019-09-05,68.34,26.3,28.11,24.7,93.02,3.86,92,47.507505614401715,318.81,1,-0.8982917515547529,-0.4393995096591416,1.0
2019-09-06,61.91,26.23,27.93,24.96,91.95,4.03,92,41.53578931478026,355.5,1,-0.9057022630804714,-0.42391439070986087,1.0
2019-09-07,83.79,26.26,28.23,24.72,91.39,4.33,92,62.093810452020605,404.71000000000004,1,-0.9128458599921354,-0.40830434224389367,1.0
2019-09-08,34.3,26.24,27.84,25.12,91.85,3.88,92,17.18256250022734,351.88,1,-0.9197204370389468,-0.3925739646141714,1.0
2019-09-09,32.48,26.26,27.82,25.14,92.64,3.7,92,15.70322700489123,280.82,1,-0.9263239682514951,-0.3767278936351848,1.0
2019-09-10,25.56,26.39,28.49,25.09,92.06,3.63,92,10.34037469980462,238.04000000000002,1,-0.9326545075388225,-0.3607707992167831,0.0
2019-09-11,14.41,26.11,27.9,24.77,92.18,3.28,92,3.112642826290256,190.54,0,-0.9387101892619443,-0.3447073839879337,0.0
2019-09-12,23.64,25.76,27.27,24.81,93.32,2.8,92,8.94486986540831,130.39,0,-0.9444892287836613,-0.32854238191083474,1.0
2019-09-13,42.01,26.22,28.35,24.79,91.96,3.27,92,23.67986803182339,138.1,1,-0.9499899229945009,-0.3122805568857948,1.0
2019-09-14,46.7,26.51,28.85,24.97,92.34,3.05,92,27.774290413050824,152.32,1,-0.9552106508146316,-0.29592670134728966,0.0
2019-09-15,18.41,26.21,28.78,24.4,91.3,1.97,92,5.426703368788474,145.17000000000002,0,-0.9601498736716017,-0.2794856348516098,0.0
2019-09-16,10.09,26.08,28.77,23.96,91.31,2.57,92,1.1591856414894033,140.85000000000002,0,-0.9648061359537644,-0.2629622026565152,0.0
2019-09-17,20.21,26.3,28.6,24.92,91.82,2.44,92,6.584196201372474,137.42,0,-0.9691780654392534,-0.24636127429331536,0.0
2019-09-18,16.63,26.67,29.42,24.64,93.34,2.39,92,4.348387806312336,112.04,0,-0.9732643737003823,-0.2296877421317963,1.0
2019-09-19,41.85,26.83,30.18,24.51,90.13,1.41,92,23.541841890881145,107.19,1,-0.9770638564833508,-0.21294651993841573,0.0
2019-09-20,17.69,25.94,27.51,24.5,94.65,3.64,92,4.982022276146593,106.47,0,-0.9805753940631429,-0.19614254142819712,0.0
2019-09-21,8.34,26.45,29.92,23.73,89.59,3.08,92,0.591584628601082,104.72,0,-0.9837979515735163,-0.1792807588107359,0.0
2019-09-22,2.53,26.69,30.07,24.6,90.48,2.6,92,0.0,87.03999999999999,0,-0.9867305793119814,-0.16236614133076413,0.0
2019-09-23,2.98,26.8,30.05,24.1,88.3,1.42,92,0.0,73.39,0,-0.9893724130196829,-0.14540367380369032,1.0
2019-09-24,32.88,27.06,30.26,24.59,88.26,1.48,92,16.026252456927118,64.42,1,-0.9917226741361014,-0.12839835514655154,1.0
2019-09-25,36.91,27.29,30.43,25.1,88.55,1.54,92,19.34367955559235,83.64,1,-0.9937806700284985,-0.11135519690480865,1.0
2019-09-26,34.47,26.32,28.85,25.04,91.94,2.1,92,17.32195666857493,109.77,1,-0.9955457941960382,-0.09427922177542443,0.0
2019-09-27,4.94,25.79,28.09,24.25,91.32,3.34,92,0.012079836394252443,112.17999999999999,0,-0.9970175264485267,-0.07717546212664643,0.0
2019-09-28,1.78,26.08,28.96,23.87,89.64,2.46,92,0.0,110.97999999999999,0,-0.998195433059714,-0.06004895851494849,0.0
2019-09-29,2.49,25.82,28.54,23.88,90.62,2.45,92,0.0,80.59,0,-0.9990791668951153,-0.04290475819955383,0.0
2019-09-30,3.88,26.11,28.85,23.85,90.09,2.2,92,0.0,47.56,0,-0.9996684675143132,-0.025747913654988113,0.0
2019-10-01,2.19,26.61,29.98,24.21,86.97,1.72,86,0.0,15.280000000000001,0,-0.9999631612477099,-0.008583481082086734,0.0
2019-10-02,0.87,26.76,30.5,24.4,84.29,1.23,80,0.0,11.209999999999999,0,-0.9999631612477099,0.008583481082087254,0.0
2019-10-03,1.63,26.78,31.06,23.61,86.04,1.35,80,0.0,11.06,0,-0.999668467514313,0.025747913654988634,0.0
2019-10-04,10.62,26.15,28.87,24.01,88.49,1.16,80,0.0,19.189999999999998,0,-0.9990791668951153,0.04290475819955435,0.0
2019-10-05,12.33,26.59,30.03,23.36,84.48,1.06,80,0.0,27.64,0,-0.998195433059714,0.06004895851494813,0.0
2019-10-06,6.9,27.15,30.54,24.41,81.07,1.0,80,0.0,32.35,0,-0.9970175264485267,0.07717546212664607,0.0
2019-10-07,3.95,26.99,30.63,23.86,83.64,1.25,80,0.0,35.43,0,-0.9955457941960382,0.09427922177542405,0.0
2019-10-08,14.48,27.6,32.3,23.88,83.07,1.57,86,0.8109281492418654,48.28,0,-0.9937806700284985,0.11135519690480827,0.0
2019-10-09,14.02,27.24,31.45,23.89,83.21,1.54,86,0.7020345547364703,51.68,0,-0.9917226741361016,0.1283983551465503,0.0
2019-10-10,3.9,27.6,32.27,24.09,80.4,1.25,86,0.0,43.25,0,-0.9893724130196829,0.14540367380368996,0.0
2019-10-11,1.91,27.77,31.64,24.22,79.14,0.96,86,0.0,38.260000000000005,0,-0.9867305793119814,0.16236614133076377,0.0
2019-10-12,3.91,27.14,31.03,24.31,81.85,1.16,86,0.0,38.22,0,-0.9837979515735163,0.17928075881073555,0.0
2019-10-13,4.44,27.3,30.66,24.08,83.18,1.37,86,0.0,28.18,0,-0.980575394063143,0.19614254142819676,0.0
2019-10-14,0.37,27.9,33.06,24.18,80.22,1.82,80,0.0,14.53,0,-0.9770638564833509,0.21294651993841537,0.0
2019-10-15,0.0,26.65,32.39,22.52,76.07,2.64,80,0.0,10.629999999999999,0,-0.9732643737003827,0.22968774213179508,0.0
2019-10-16,0.0,25.6,31.46,21.13,77.65,2.74,80,0.0,8.719999999999999,0,-0.9691780654392538,0.24636127429331414,0.0
2019-10-17,0.0,26.26,31.64,21.5,78.06,2.23,80,0.0,4.8100000000000005,0,-0.9648061359537647,0.262962202656514,0.0
2019-10-18,2.16,25.98,29.21,23.77,83.47,1.81,80,0.0,2.5300000000000002,0,-0.9601498736716018,0.2794856348516095,0.0
2019-10-19,19.03,24.89,27.96,22.69,90.36,2.4,80,0.5738063869397106,21.19,0,-0.9552106508146317,0.2959267013472893,0.0
2019-10-20,10.96,25.11,28.58,23.01,88.93,2.17,80,0.0,32.150000000000006,0,-0.9499899229945011,0.3122805568857945,0.0
2019-10-21,5.18,25.12,27.92,22.93,89.95,1.95,80,0.0,37.33,0,-0.9444892287836614,0.3285423819108344,0.0
2019-10-22,22.63,25.17,27.88,23.4,92.12,1.78,86,3.7016643786138066,59.96,0,-0.938710189261944,0.3447073839879342,1.0
2019-10-23,27.84,25.46,27.92,23.67,89.44,1.42,92,12.055017346111413,85.64,1,-0.9326545075388223,0.3607707992167836,0.0
2019-10-24,9.29,25.9,29.23,23.63,88.41,1.81,92,0.8806638871768335,75.89999999999999,0,-0.9263239682514949,0.3767278936351853,0.0
2019-10-25,4.14,24.99,27.66,22.91,90.02,3.48,92,0.0,69.08,0,-0.9197204370389466,0.3925739646141719,0.0
2019-10-26,3.57,25.78,29.42,23.8,87.62,3.17,92,0.0,67.47,0,-0.9128458599921356,0.40830434224389334,0.0
2019-10-27,1.1,25.34,29.44,21.96,81.53,2.11,92,0.0,45.94,0,-0.9057022630804715,0.42391439070986053,0.0
2019-10-28,1.03,25.87,30.74,21.36,82.06,1.63,86,0.0,19.13,0,-0.898291751554753,0.4393995096591413,0.0
2019-10-29,1.16,26.63,30.98,22.96,85.88,1.4,80,0.0,11.0,0,-0.8906165093267405,0.4547551355561054,0.0
2019-10-30,2.58,27.15,31.24,24.31,85.9,1.88,80,0.0,9.44,0,-0.8826787983255476,0.46997674302731957,0.0
2019-10-31,0.48,26.5,30.54,23.48,84.24,2.13,80,0.0,6.35,0,-0.8744809578310401,0.4850598461951956,0.0
2019-11-01,17.85,25.67,28.09,23.8,89.08,2.04,80,0.3863437727603788,23.1,0,-0.8660254037844386,0.5000000000000001,0.0
2019-11-02,19.71,25.8,28.83,23.27,86.05,1.66,80,0.6969238405899871,41.78,0,-0.8573146280763323,0.5147928015098308,0.0
2019-11-03,2.17,26.17,30.58,22.85,83.21,1.15,86,0.0,42.790000000000006,0,-0.848351197812304,0.5294338912181851,0.0
2019-11-04,2.49,26.36,31.28,22.16,84.16,1.44,86,0.0,42.7,0,-0.8391377545563939,0.5439189543287245,0.0
2019-11-05,0.44,25.92,31.45,21.75,79.5,1.46,86,0.0,42.660000000000004,0,-0.8296770135526191,0.5582437220268645,0.0
2019-11-06,0.45,25.36,29.9,21.54,82.29,1.35,86,0.0,25.26,0,-0.8199717629247775,0.5724039727378144,0.0
2019-11-07,2.49,25.16,28.71,22.49,88.54,1.9,80,0.0,8.040000000000001,0,-0.8100248628547756,0.5863955333706952,0.0
2019-11-08,6.8,25.42,28.64,22.6,85.71,1.74,80,0.0,12.67,0,-0.7998392447397199,0.6002142805483676,0.0
2019-11-09,0.76,25.4,29.8,22.4,79.92,0.89,80,0.0,10.94,0,-0.7894179103280197,0.613856141822612,0.0
2019-11-10,0.0,25.36,30.86,20.42,81.37,1.17,80,0.0,10.5,0,-0.7787639308347607,0.6273170968742937,0.0
2019-11-11,0.06,25.73,31.83,20.8,77.48,1.35,80,0.0,10.11,0,-0.7678804460366002,0.640593178698175,0.0
2019-11-12,0.08,25.79,31.15,20.71,76.94,1.53,80,0.0,7.699999999999999,0,-0.7567706633464628,0.6536804747720056,0.0
2019-11-13,0.02,24.7,29.85,21.6,80.34,2.22,80,0.0,0.92,0,-0.7454378568682999,0.6665751282095634,0.0
2019-11-14,0.0,24.21,30.22,18.72,76.25,2.17,80,0.0,0.16,0,-0.7338853664321989,0.6792733388972934,0.0
2019-11-15,0.0,25.22,30.01,21.55,81.39,1.67,80,0.0,0.16,0,-0.7221165966101161,0.6917713646142221,0.0
2019-11-16,0.0,26.06,31.13,21.66,79.83,1.6,80,0.0,0.1,0,-0.7101350157125358,0.7040655221348057,0.0
2019-11-17,0.0,25.91,30.99,22.33,80.07,2.1,80,0.0,0.02,0,-0.6979441547663436,0.7161521883143933,0.0
2019-11-18,0.0,24.76,31.13,20.21,75.43,2.16,80,0.0,0.0,0,-0.6855476064742156,0.7280278011569846,0.0
2019-11-19,0.0,24.48,31.04,19.93,72.89,2.12,80,0.0,0.0,0,-0.6729490241558331,0.7396888608649665,0.0
2019-11-20,0.0,24.26,30.8,18.68,74.69,1.79,80,0.0,0.0,0,-0.6601521206712321,0.7511319308705195,0.0
2019-11-21,0.0,25.17,30.94,20.04,77.74,1.87,80,0.0,0.0,0,-0.6471606673266065,0.7623536388483899,0.0
2019-11-22,0.0,24.88,30.31,20.31,76.31,2.04,80,0.0,0.0,0,-0.6339784927628872,0.7733506777097294,0.0
2019-11-23,0.0,24.77,30.33,19.81,74.79,2.05,80,0.0,0.0,0,-0.6206094818274227,0.7841198065767104,0.0
2019-11-24,0.0,24.57,30.4,19.83,71.28,2.09,80,0.0,0.0,0,-0.607057574429101,0.7946578517376245,0.0
2019-11-25,0.0,24.19,31.05,18.18,69.34,1.92,80,0.0,0.0,0,-0.5933267643772321,0.8049617075821959,0.0
2019-11-26,0.0,24.44,30.66,19.16,72.47,1.91,80,0.0,0.0,0,-0.5794210982045647,0.8150283375168107,0.0
2019-11-27,0.0,24.32,30.46,19.01,74.62,2.06,80,0.0,0.0,0,-0.5653446739747432,0.8248547748594242,0.0
2019-11-28,0.0,24.42,30.75,18.59,73.75,1.92,80,0.0,0.0,0,-0.5511016400745998,0.8344381237138475,0.0
2019-11-29,0.0,25.23,31.22,20.49,75.7,1.67,80,0.0,0.0,0,-0.5366961939916011,0.8437755598231853,0.0
2019-11-30,0.07,25.59,31.8,20.69,75.8,2.0,80,0.0,0.07,0,-0.5221325810768248,0.8528643314021598,0.0
2019-12-01,0.1,25.77,30.88,21.91,78.97,1.75,80,0.0,0.17,0,-0.5074150932938463,0.8617017599480677,0.0
2019-12-02,0.01,26.23,31.44,22.35,75.4,2.17,80,0.0,0.18000000000000002,0,-0.4925480679538645,0.8702852410301551,0.0
2019-12-03,0.05,25.75,30.56,20.85,76.01,2.25,80,0.0,0.23,0,-0.47753588643748845,0.8786122450571482,0.0
2019-12-04,0.2,25.82,29.04,22.3,79.61,1.86,80,0.0,0.43000000000000005,0,-0.4623829729035152,0.8866803180227398,0.0
2019-12-05,0.48,25.12,28.1,22.78,83.64,1.74,80,0.0,0.8400000000000001,0,-0.44709379298511437,0.8944870822287954,0.0
2019-12-06,0.04,24.04,28.56,20.53,77.18,2.39,80,0.0,0.78,0,-0.43167285247378356,0.9020302369860709,0.0
2019-12-07,0.0,24.25,29.84,19.51,74.6,2.39,80,0.0,0.77,0,-0.4161246959914751,0.9093075592922355,0.0
2019-12-08,0.0,23.91,30.16,18.54,73.07,2.1,80,0.0,0.72,0,-0.4004539056512665,0.9163169044870048,0.0
2019-12-09,0.0,24.77,30.94,19.82,77.14,2.07,80,0.0,0.52,0,-0.3846650997070013,0.923056206884176,0.0
2019-12-10,0.01,24.93,30.79,21.08,77.84,1.7,80,0.0,0.05000000000000006,0,-0.3687629311922604,0.9295234803804002,0.0
2019-12-11,0.01,24.47,30.4,20.26,76.87,1.26,80,0.0,0.020000000000000056,0,-0.3527520865490943,0.9357168190404939,0.0
2019-12-12,0.01,23.4,29.21,19.4,78.71,1.34,80,0.0,0.030000000000000054,0,-0.3366372842469107,0.9416343976591258,0.0
2019-12-13,0.18,22.3,28.18,17.67,78.19,1.68,80,0.0,0.21000000000000005,0,-0.3204232733919109,0.947274472298717,0.0
2019-12-14,0.0,22.3,29.38,17.45,77.32,1.88,80,0.0,0.21000000000000005,0,-0.30411483232751857,0.9526353808033823,0.0
2019-12-15,0.0,21.71,28.57,16.32,76.02,1.58,80,0.0,0.20000000000000004,0,-0.28771676722616696,0.9577155432887803,0.0
2019-12-16,0.0,23.4,29.94,18.56,78.84,1.59,80,0.0,0.19000000000000006,0,-0.27123391067291097,0.9625134626077079,0.0
2019-12-17,0.0,23.87,30.29,18.89,75.75,2.61,80,0.0,0.18000000000000005,0,-0.25467112024122895,0.9670277247913203,0.0
2019-12-18,0.11,23.77,30.01,18.78,74.18,2.5,80,0.0,0.11000000000000006,0,-0.23803327706148678,0.9712569994658311,0.0
2019-12-19,0.0,23.69,30.21,18.52,72.88,2.08,80,0.0,0.11000000000000006,0,-0.22132528438243296,0.9752000402445824,0.0
2019-12-20,0.0,23.86,30.46,18.76,72.49,1.71,80,0.0,0.11000000000000006,0,-0.2045520661262005,0.9788556850953579,0.0
2019-12-21,0.0,24.28,30.33,19.67,69.46,1.7,80,0.0,0.11000000000000006,0,-0.1877185654371994,0.9822228566828405,0.0
2019-12-22,0.04,24.49,30.04,18.93,72.22,2.43,80,0.0,0.15000000000000005,0,-0.17082974322534408,0.985300562686109,0.0
2019-12-23,0.12,25.11,30.7,20.78,75.36,1.83,80,0.0,0.16000000000000003,0,-0.1538905767040627,0.9880878960910771,0.0
2019-12-24,0.19,25.06,30.1,21.41,79.88,1.6,80,0.0,0.35000000000000003,0,-0.1369060579234754,0.9905840354577969,0.0
2019-12-25,1.17,24.5,28.16,22.17,83.79,1.46,80,0.0,1.52,0,-0.1198811922992275,0.99278824516254,0.0
2019-12-26,0.08,23.64,29.11,18.63,77.23,1.49,80,0.0,1.6,0,-0.1028209971373608,0.9946998756145891,0.0
2019-12-27,0.0,22.77,29.92,16.98,74.42,1.75,80,0.0,1.56,0,-0.08573050015569487,0.9963183634476755,0.0
2019-12-28,0.0,23.05,30.04,16.55,72.23,2.77,80,0.0,1.4400000000000002,0,-0.06861473800213468,0.9976432316860063,0.0
2019-12-29,0.0,22.8,29.17,17.96,77.95,2.58,80,0.0,1.25,0,-0.05147875477034641,0.9986740898848305,0.0
2019-12-30,0.1,22.35,27.83,18.56,82.75,1.51,80,0.0,0.18,0,-0.034327600513243496,0.9994106342455052,0.0
2019-12-31,0.0,19.94,25.65,15.86,79.39,1.49,80,0.0,0.1,0,-0.017166329754707492,0.9998526477050269,0.0
2020-01-01,0.0,19.39,25.51,13.56,77.27,1.39,80,0.0,0.1,0,0.01716632975470737,0.9998526477050269,0.0
2020-01-02,0.0,20.29,26.18,15.96,81.0,1.49,80,0.0,0.1,0,0.034327600513243496,0.9994106342455052,0.0
2020-01-03,0.03,19.84,26.26,15.09,78.36,1.83,80,0.0,0.13,0,0.05147875477034653,0.9986740898848305,0.0
2020-01-04,0.0,19.41,26.5,13.46,71.24,1.58,80,0.0,0.03,0,0.06861473800213404,0.9976432316860063,0.0
2020-01-05,0.0,20.86,28.35,15.17,71.04,3.21,80,0.0,0.03,0,0.08573050015569435,0.9963183634476755,0.0
2020-01-06,0.05,22.83,30.49,16.34,68.83,3.32,80,0.0,0.08,0,0.1028209971373604,0.9946998756145891,0.0
2020-01-07,0.0,23.42,30.1,18.58,75.85,2.48,80,0.0,0.08,0,0.11988119229922722,0.99278824516254,0.0
2020-01-08,0.0,22.38,27.48,18.09,83.18,1.78,80,0.0,0.05,0,0.13690605792347524,0.990584035457797,0.0
2020-01-09,0.0,20.25,27.43,14.54,68.66,1.8,80,0.0,0.05,0,0.15389057670406178,0.9880878960910772,0.0
2020-01-10,0.0,22.23,29.66,15.59,70.68,2.94,80,0.0,0.05,0,0.17082974322534417,0.985300562686109,0.0
2020-01-11,0.0,23.27,30.32,16.92,66.14,2.98,80,0.0,0.0,0,0.1877185654371987,0.9822228566828407,0.0
2020-01-12,0.0,22.99,30.17,17.03,64.62,2.13,80,0.0,0.0,0,0.2045520661262008,0.9788556850953578,0.0
2020-01-13,0.04,22.67,28.14,18.49,79.11,1.43,80,0.0,0.04,0,0.22132528438243257,0.9752000402445825,0.0
2020-01-14,0.01,21.81,27.32,17.29,80.46,1.95,80,0.0,0.05,0,0.2380332770614856,0.9712569994658314,0.0
2020-01-15,0.0,19.85,25.85,15.1,75.92,2.13,80,0.0,0.05,0,0.2546711202412287,0.9670277247913204,0.0
2020-01-16,0.0,18.86,24.86,13.24,66.39,2.04,80,0.0,0.05,0,0.27123391067291003,0.9625134626077081,0.0
2020-01-17,0.0,17.25,25.53,10.5,60.12,1.92,80,0.0,0.05,0,0.287716767226167,0.9577155432887803,0.0
2020-01-18,0.0,19.59,29.04,12.17,60.64,1.82,80,0.0,0.01,0,0.30411483232751785,0.9526353808033825,0.0
2020-01-19,0.0,21.51,30.8,14.1,63.04,1.6,80,0.0,0.0,0,0.3204232733919111,0.9472744722987169,0.0
2020-01-20,0.0,23.08,32.04,16.56,66.98,1.84,80,0.0,0.0,0,0.33663728424691025,0.9416343976591259,0.0
2020-01-21,0.0,23.23,30.46,18.43,63.07,1.51,80,0.0,0.0,0,0.3527520865490948,0.9357168190404936,0.0
2020-01-22,0.0,23.73,32.37,17.49,62.57,1.74,80,0.0,0.0,0,0.3687629311922601,0.9295234803804003,0.0
2020-01-23,0.0,24.22,32.58,17.6,60.25,2.23,80,0.0,0.0,0,0.3846650997070012,0.9230562068841761,0.0
2020-01-24,0.0,24.57,33.15,18.2,62.58,2.24,80,0.0,0.0,0,0.40045390565126643,0.9163169044870048,0.0
2020-01-25,0.0,24.86,33.49,18.9,55.99,1.85,80,0.0,0.0,0,0.41612469599147445,0.9093075592922358,0.0
2020-01-26,0.0,24.51,33.49,18.14,54.4,1.73,80,0.0,0.0,0,0.43167285247378384,0.9020302369860707,0.0
2020-01-27,0.0,23.5,30.42,19.45,59.93,1.62,80,0.0,0.0,0,0.44709379298511387,0.8944870822287956,0.0
2020-01-28,0.03,22.11,27.52,18.41,77.46,1.67,80,0.0,0.03,0,0.4623829729035149,0.88668031802274,0.0
2020-01-29,0.0,20.4,26.21,14.57,67.05,2.34,80,0.0,0.03,0,0.47753588643748823,0.8786122450571483,0.0
2020-01-30,0.0,19.28,28.49,12.12,54.28,1.85,80,0.0,0.03,0,0.4925480679538643,0.8702852410301553,0.0
2020-01-31,0.0,19.64,28.44,13.16,52.55,1.9,80,0.0,0.03,0,0.5074150932938455,0.8617017599480682,0.0
2020-02-01,0.0,21.0,30.88,12.38,53.74,1.76,80,0.0,0.03,0,0.5221325810768248,0.8528643314021597,0.0
2020-02-02,0.01,22.57,31.35,15.85,64.09,2.6,80,0.0,0.01,0,0.5366961939916004,0.8437755598231856,0.0
2020-02-03,0.0,22.95,29.64,17.06,70.32,1.52,80,0.0,0.01,0,0.5511016400746002,0.8344381237138473,0.0
2020-02-04,0.0,22.61,30.16,17.54,61.68,1.92,80,0.0,0.01,0,0.5653446739747429,0.8248547748594244,0.0
2020-02-05,0.0,22.22,31.41,15.01,50.84,1.98,80,0.0,0.01,0,0.5794210982045637,0.8150283375168114,0.0
2020-02-06,0.0,21.75,29.99,15.79,52.47,1.76,80,0.0,0.01,0,0.593326764377232,0.8049617075821959,0.0
2020-02-07,0.0,20.82,28.89,15.49,50.92,1.99,80,0.0,0.0,0,0.6070575744291002,0.7946578517376252,0.0
2020-02-08,0.0,21.98,31.2,13.48,59.2,2.15,80,0.0,0.0,0,0.6206094818274227,0.7841198065767105,0.0
2020-02-09,0.0,23.85,31.83,17.31,57.36,3.09,80,0.0,0.0,0,0.6339784927628866,0.7733506777097299,0.0
2020-02-10,0.0,25.4,33.03,18.79,58.81,2.77,80,0.0,0.0,0,0.647160667326606,0.7623536388483904,0.0
2020-02-11,0.05,26.13,33.32,20.37,60.77,2.58,80,0.0,0.05,0,0.6601521206712317,0.7511319308705199,0.0
2020-02-12,0.01,26.9,34.49,20.88,57.29,2.5,80,0.0,0.060000000000000005,0,0.6729490241558329,0.7396888608649669,0.0
2020-02-13,0.01,26.44,34.54,20.36,53.76,2.35,80,0.0,0.07,0,0.6855476064742154,0.7280278011569848,0.0
2020-02-14,0.0,25.75,34.6,19.25,48.38,2.17,80,0.0,0.07,0,0.6979441547663435,0.7161521883143933,0.0
2020-02-15,0.0,25.28,34.26,18.85,45.4,1.91,80,0.0,0.07,0,0.7101350157125358,0.7040655221348057,0.0
2020-02-16,0.0,25.72,36.13,18.18,49.18,1.75,80,0.0,0.02,0,0.7221165966101162,0.691771364614222,0.0
2020-02-17,0.0,26.84,37.01,19.44,48.4,2.05,80,0.0,0.01,0,0.733885366432199,0.6792733388972931,0.0
2020-02-18,0.0,27.1,36.71,20.13,46.14,2.28,80,0.0,0.0,0,0.7454378568683001,0.6665751282095632,0.0
2020-02-19,0.0,26.96,35.41,21.42,49.52,1.43,80,0.0,0.0,0,0.7567706633464625,0.653680474772006,0.0
2020-02-20,0.0,26.63,34.84,21.5,51.62,1.55,80,0.0,0.0,0,0.7678804460366,0.6405931786981751,0.0
2020-02-21,0.0,26.1,34.86,19.52,55.08,1.85,80,0.0,0.0,0,0.7787639308347607,0.6273170968742937,0.0
2020-02-22,0.0,26.87,36.47,19.74,45.39,1.72,80,0.0,0.0,0,0.7894179103280197,0.613856141822612,0.0
2020-02-23,0.0,27.07,36.58,20.12,41.2,1.72,80,0.0,0.0,0,0.7998392447397193,0.6002142805483682,0.0
2020-02-24,0.0,26.68,36.31,19.54,39.48,2.1,80,0.0,0.0,0,0.8100248628547753,0.5863955333706956,0.0
2020-02-25,0.0,26.54,36.42,19.07,33.59,2.76,80,0.0,0.0,0,0.8199717629247771,0.5724039727378148,0.0
2020-02-26,0.0,26.5,36.3,18.47,34.25,2.82,80,0.0,0.0,0,0.8296770135526188,0.5582437220268648,0.0
2020-02-27,0.0,26.99,37.35,19.13,31.62,2.61,80,0.0,0.0,0,0.8391377545563938,0.5439189543287247,0.0
2020-02-28,0.0,27.15,37.08,19.28,35.18,2.16,80,0.0,0.0,0,0.8483511978123038,0.5294338912181853,0.0
2020-02-29,0.11,27.14,35.94,20.58,40.97,1.89,80,0.0,0.11,0,0.8573146280763322,0.5147928015098309,0.0
2020-03-01,0.02,26.82,35.38,20.37,48.66,1.91,80,0.0,0.13,0,0.8660254037844386,0.5000000000000001,0.0
2020-03-02,0.0,26.89,34.83,21.23,54.32,1.77,80,0.0,0.13,0,0.8744809578310397,0.4850598461951962,0.0
2020-03-03,0.0,25.3,32.58,19.7,62.8,1.85,80,0.0,0.13,0,0.8826787983255474,0.46997674302731995,0.0
2020-03-04,0.0,25.02,31.9,20.42,61.72,1.85,80,0.0,0.13,0,0.8906165093267404,0.4547551355561058,0.0
2020-03-05,0.0,24.73,32.46,18.74,64.01,1.88,80,0.0,0.02,0,0.8982917515547528,0.4393995096591417,0.0
2020-03-06,0.05,24.76,30.85,20.59,65.33,2.43,80,0.0,0.05,0,0.9057022630804714,0.42391439070986076,0.0
2020-03-07,0.02,24.64,31.56,19.57,55.41,2.03,80,0.0,0.07,0,0.9128458599921356,0.40830434224389334,0.0
2020-03-08,0.0,24.62,33.52,17.4,52.05,2.1,80,0.0,0.07,0,0.9197204370389467,0.3925739646141717,0.0
2020-03-09,0.0,25.22,32.51,20.02,57.32,1.94,80,0.0,0.07,0,0.926323968251495,0.3767278936351851,0.0
2020-03-10,0.0,25.52,32.36,20.11,64.39,2.44,80,0.0,0.07,0,0.9326545075388224,0.36077079921678346,0.0
2020-03-11,0.03,24.68,31.51,20.01,59.97,2.29,80,0.0,0.05,0,0.9387101892619443,0.3447073839879338,0.0
2020-03-12,0.62,23.81,30.81,18.59,63.61,2.14,80,0.0,0.65,0,0.9444892287836613,0.32854238191083485,0.0
2020-03-13,0.0,23.36,31.61,16.63,51.14,2.59,80,0.0,0.65,0,0.949989922994501,0.3122805568857947,0.0
2020-03-14,0.0,25.04,36.26,15.57,28.44,2.79,80,0.0,0.65,0,0.9552106508146316,0.2959267013472893,0.0
2020-03-15,0.0,27.42,38.7,17.37,26.19,2.63,80,0.0,0.65,0,0.9601498736716018,0.2794856348516095,0.0
2020-03-16,0.04,29.76,40.12,21.58,28.35,2.72,80,0.0,0.66,0,0.9648061359537645,0.2629622026565149,0.0
2020-03-17,0.02,30.6,39.88,22.78,28.56,1.91,80,0.0,0.06,0,0.9691780654392536,0.2463612742933148,0.0
2020-03-18,0.0,30.41,39.1,23.81,30.04,2.43,80,0.0,0.06,0,0.9732643737003824,0.22968774213179574,0.0
2020-03-19,0.01,28.37,36.73,21.56,44.08,2.25,80,0.0,0.07,0,0.9770638564833508,0.21294651993841582,0.0
2020-03-20,0.0,27.38,35.06,22.06,57.4,2.1,80,0.0,0.07,0,0.9805753940631429,0.19614254142819698,0.0
2020-03-21,0.0,27.31,35.22,21.53,56.38,1.84,80,0.0,0.03,0,0.9837979515735163,0.17928075881073577,0.0
2020-03-22,0.0,28.81,37.62,21.02,52.78,2.24,80,0.0,0.01,0,0.9867305793119814,0.162366141330764,0.0
2020-03-23,0.08,29.98,39.31,22.29,48.77,2.11,80,0.0,0.09,0,0.989372413019683,0.14540367380368976,0.0
2020-03-24,0.12,30.81,39.77,23.44,49.14,1.95,80,0.0,0.2,0,0.9917226741361015,0.12839835514655099,0.0
2020-03-25,0.79,31.32,39.33,26.06,47.94,1.62,80,0.0,0.99,0,0.9937806700284985,0.11135519690480875,0.0
2020-03-26,0.63,30.64,37.59,25.37,53.88,2.16,80,0.0,1.62,0,0.9955457941960382,0.09427922177542453,0.0
2020-03-27,0.84,30.39,37.27,26.26,52.23,2.12,80,0.0,2.46,0,0.9970175264485267,0.07717546212664653,0.0
2020-03-28,0.32,30.63,38.69,23.94,45.11,2.83,80,0.0,2.6999999999999997,0,0.998195433059714,0.0600489585149486,0.0
2020-03-29,0.33,31.31,40.44,23.67,37.03,2.55,80,0.0,2.9099999999999997,0,0.9990791668951153,0.042904758199554374,0.0
2020-03-30,0.15,30.81,39.8,23.91,36.55,1.99,80,0.0,2.27,0,0.999668467514313,0.025747913654988658,0.0
2020-03-31,0.0,29.73,38.04,23.21,45.98,2.28,80,0.0,1.64,0,0.9999631612477099,0.008583481082087055,0.0
2020-04-01,0.0,30.08,39.33,22.01,47.01,2.5,80,0.0,0.8,0,0.9999631612477099,-0.008583481082086933,0.0
2020-04-02,0.1,31.18,40.78,23.32,38.2,2.74,80,0.0,0.5800000000000001,0,0.9996684675143132,-0.025747913654988314,0.0
2020-04-03,0.0,31.03,40.84,23.41,45.94,2.39,80,0.0,0.25,0,0.9990791668951153,-0.04290475819955447,0.0
2020-04-04,0.01,30.47,39.52,23.78,48.54,2.25,80,0.0,0.11,0,0.998195433059714,-0.06004895851494825,0.0
2020-04-05,0.16,30.33,40.01,23.04,49.29,1.84,80,0.0,0.27,0,0.9970175264485267,-0.07717546212664618,0.0
2020-04-06,0.32,29.48,37.67,22.48,57.42,1.96,80,0.0,0.59,0,0.9955457941960382,-0.0942792217754244,0.0
2020-04-07,0.0,29.33,37.4,23.18,53.74,2.24,80,0.0,0.49,0,0.9937806700284985,-0.11135519690480862,0.0
2020-04-08,0.0,28.63,36.65,22.44,53.93,2.06,80,0.0,0.49,0,0.9917226741361015,-0.12839835514655107,0.0
2020-04-09,0.0,28.94,37.72,21.41,57.28,2.2,80,0.0,0.48,0,0.9893724130196829,-0.14540367380368988,0.0
2020-04-10,0.01,30.82,41.01,22.71,52.17,2.14,80,0.0,0.32999999999999996,0,0.9867305793119814,-0.16236614133076366,0.0
2020-04-11,0.08,32.64,42.34,25.63,45.96,2.27,80,0.0,0.08999999999999994,0,0.9837979515735163,-0.17928075881073566,0.0
2020-04-12,1.07,33.06,43.45,25.55,44.12,1.91,80,0.0,1.16,0,0.980575394063143,-0.19614254142819687,0.0
2020-04-13,0.39,32.68,42.84,24.98,51.5,1.95,80,0.0,1.5499999999999998,0,0.9770638564833507,-0.21294651993841593,0.0
2020-04-14,0.31,32.97,43.5,24.96,53.57,1.96,80,0.0,1.8599999999999999,0,0.9732643737003824,-0.22968774213179563,0.0
2020-04-15,0.09,33.34,43.11,25.64,47.87,2.41,80,0.0,1.94,0,0.9691780654392537,-0.2463612742933147,0.0
2020-04-16,0.48,32.41,40.93,25.99,56.54,2.18,80,0.0,2.34,0,0.9648061359537646,-0.26296220265651454,0.0
2020-04-17,0.09,32.09,40.37,25.24,53.31,2.1,80,0.0,1.3599999999999999,0,0.9601498736716018,-0.2794856348516094,0.0
2020-04-18,0.21,32.59,41.54,26.11,48.87,2.45,80,0.0,1.1799999999999997,0,0.9552106508146317,-0.2959267013472892,0.0
2020-04-19,0.83,33.08,41.01,26.53,47.58,2.2,80,0.0,1.6999999999999997,0,0.949989922994501,-0.31228055688579476,0.0
2020-04-20,0.06,33.14,41.41,26.62,41.35,2.36,80,0.0,1.67,0,0.9444892287836613,-0.32854238191083474,0.0
2020-04-21,0.09,31.75,40.21,24.8,43.96,2.52,80,0.0,1.2799999999999998,0,0.9387101892619443,-0.3447073839879337,0.0
2020-04-22,0.01,31.95,40.74,24.44,54.52,2.33,80,0.0,1.1999999999999997,0,0.9326545075388225,-0.3607707992167831,0.0
2020-04-23,0.04,32.04,39.5,26.7,54.66,2.3,80,0.0,1.0299999999999998,0,0.926323968251495,-0.376727893635185,0.0
2020-04-24,0.05,31.38,38.35,25.87,57.91,2.58,80,0.0,0.24999999999999978,0,0.9197204370389467,-0.39257396461417177,0.0
2020-04-25,0.01,30.84,38.03,25.72,53.97,2.61,80,0.0,0.1999999999999998,0,0.9128458599921355,-0.40830434224389345,0.0
2020-04-26,0.01,31.06,39.24,24.29,53.66,2.46,80,0.0,0.11999999999999979,0,0.9057022630804715,-0.42391439070986064,0.0
2020-04-27,0.04,31.34,38.71,25.6,57.95,2.46,80,0.0,0.1499999999999998,0,0.898291751554753,-0.43939950965914143,0.0
2020-04-28,0.11,32.92,42.43,26.13,53.44,2.9,80,0.0,0.21999999999999978,0,0.8906165093267405,-0.4547551355561055,0.0
2020-04-29,0.23,33.07,42.33,26.52,53.55,2.23,80,0.0,0.3999999999999998,0,0.8826787983255476,-0.4699767430273197,0.0
2020-04-30,0.34,32.11,41.15,26.49,56.84,2.3,80,0.0,0.7299999999999998,0,0.8744809578310397,-0.4850598461951961,0.0
2020-05-01,1.0,31.5,38.98,26.62,60.91,2.59,80,0.0,1.7199999999999998,0,0.8660254037844387,-0.4999999999999998,0.0
2020-05-02,1.63,31.76,39.56,26.33,61.02,2.77,80,0.0,3.3099999999999996,0,0.8573146280763323,-0.5147928015098308,0.0
2020-05-03,0.49,32.24,40.13,26.48,57.59,2.93,80,0.0,3.6899999999999995,0,0.848351197812304,-0.5294338912181852,0.0
2020-05-04,0.06,31.63,39.64,25.37,56.51,2.5,80,0.0,3.5199999999999996,0,0.8391377545563939,-0.5439189543287246,0.0
2020-05-05,0.26,32.39,40.69,25.86,60.42,3.08,80,0.0,3.44,0,0.8296770135526188,-0.5582437220268649,0.0
2020-05-06,0.07,33.02,41.25,26.16,55.6,2.54,80,0.0,2.5099999999999993,0,0.8199717629247771,-0.5724039727378148,0.0
2020-05-07,0.01,32.52,41.48,24.95,52.7,2.62,80,0.0,0.8899999999999998,0,0.8100248628547753,-0.5863955333706956,0.0
2020-05-08,0.0,32.0,40.77,25.27,53.47,2.24,80,0.0,0.3999999999999998,0,0.7998392447397195,-0.6002142805483681,0.0
2020-05-09,0.01,32.31,41.58,25.74,53.36,2.45,80,0.0,0.3499999999999998,0,0.7894179103280199,-0.6138561418226116,0.0
2020-05-10,0.06,32.27,41.2,25.68,54.65,2.62,80,0.0,0.1499999999999998,0,0.7787639308347607,-0.6273170968742938,0.0
2020-05-11,0.75,32.51,41.12,26.4,49.66,2.3,80,0.0,0.8299999999999998,0,0.7678804460366001,-0.6405931786981751,0.0
2020-05-12,0.08,32.02,40.29,25.36,52.25,2.52,80,0.0,0.8999999999999998,0,0.7567706633464627,-0.6536804747720057,0.0
2020-05-13,0.07,31.89,39.35,25.97,58.52,2.6,80,0.0,0.9699999999999999,0,0.7454378568683001,-0.6665751282095632,0.0
2020-05-14,0.49,33.32,41.44,27.35,55.36,2.82,80,0.0,1.4499999999999997,0,0.7338853664321991,-0.6792733388972931,0.0
2020-05-15,0.87,32.91,38.38,28.34,51.15,2.9,80,0.0,2.26,0,0.722116596610116,-0.6917713646142222,0.0
2020-05-16,0.32,32.33,37.36,28.24,54.15,2.89,80,0.0,1.8299999999999998,0,0.7101350157125357,-0.7040655221348058,0.0
2020-05-17,0.29,32.18,38.14,27.91,56.3,3.84,80,0.0,2.04,0,0.6979441547663435,-0.7161521883143933,0.0
2020-05-18,0.12,32.13,38.07,27.66,56.93,4.11,80,0.0,2.09,0,0.6855476064742155,-0.7280278011569847,0.0
2020-05-19,0.04,31.71,38.1,27.15,57.97,3.51,80,0.0,1.64,0,0.672949024155833,-0.7396888608649667,0.0
2020-05-20,0.01,31.8,39.11,26.43,58.45,2.95,80,0.0,0.7799999999999999,0,0.660152120671232,-0.7511319308705197,0.0
2020-05-21,0.0,32.21,39.51,27.3,59.0,2.94,80,0.0,0.45999999999999985,0,0.647160667326606,-0.7623536388483902,0.0
2020-05-22,0.0,32.42,39.46,27.59,56.44,3.23,80,0.0,0.16999999999999987,0,0.6339784927628868,-0.7733506777097298,0.0
2020-05-23,0.01,32.5,41.13,25.81,57.2,3.13,80,0.0,0.05999999999999989,0,0.620609481827423,-0.7841198065767103,0.0
2020-05-24,0.03,32.72,40.47,26.76,57.55,2.75,80,0.0,0.04999999999999989,0,0.6070575744291006,-0.7946578517376249,0.0
2020-05-25,0.01,32.74,40.15,27.47,58.56,2.76,80,0.0,0.049999999999999885,0,0.593326764377232,-0.8049617075821959,0.0
2020-05-26,0.0,32.17,39.14,27.24,60.14,2.66,80,0.0,0.049999999999999885,0,0.5794210982045638,-0.8150283375168113,0.0
2020-05-27,0.0,31.7,38.34,27.29,60.88,3.0,80,0.0,0.049999999999999885,0,0.5653446739747428,-0.8248547748594245,0.0
2020-05-28,0.0,31.75,37.73,27.96,62.09,3.56,80,0.0,0.03999999999999988,0,0.5511016400746,-0.8344381237138473,0.0
2020-05-29,0.01,31.95,37.48,28.13,61.8,3.35,80,0.0,0.01999999999999989,0,0.5366961939916005,-0.8437755598231856,0.0
2020-05-30,0.02,31.94,35.54,29.19,62.19,2.88,80,0.0,0.029999999999999888,0,0.522132581076825,-0.8528643314021596,0.0
2020-05-31,0.71,31.52,36.51,28.52,62.9,2.96,80,0.0,0.7399999999999999,0,0.5074150932938458,-0.861701759948068,0.0
2020-06-01,2.69,31.31,35.47,28.59,58.28,1.01,80,0.0,3.4299999999999997,0,0.4925480679538644,-0.8702852410301553,0.0
2020-06-02,22.87,29.82,34.18,25.79,62.21,2.13,80,1.4039486901045202,26.3,0,0.47753588643748834,-0.8786122450571482,1.0
2020-06-03,74.26,27.43,30.67,25.28,83.91,4.87,80,30.302523588677435,100.55000000000001,1,0.4623829729035151,-0.8866803180227399,1.0
2020-06-04,39.4,27.52,28.97,25.99,86.55,3.49,92,21.443704827458284,139.93,1,0.44709379298511426,-0.8944870822287954,0.0
2020-06-05,3.73,28.31,32.92,24.62,76.93,2.64,92,0.0,142.95,0,0.43167285247378384,-0.9020302369860707,0.0
2020-06-06,16.7,28.56,32.45,25.65,81.92,3.3,92,4.389420564859885,156.95999999999998,0,0.4161246959914746,-0.9093075592922357,0.0
2020-06-07,9.27,28.16,30.61,26.27,86.05,2.25,92,0.8740976687299096,143.35999999999999,0,0.4004539056512664,-0.9163169044870048,0.0
2020-06-08,15.51,28.03,32.56,24.59,71.22,2.1,92,3.708486439429376,84.61,0,0.3846650997070012,-0.923056206884176,0.0
2020-06-09,5.39,27.18,30.75,23.71,77.16,2.58,92,0.041022788848802054,50.6,0,0.3687629311922603,-0.9295234803804002,0.0
2020-06-10,8.8,27.66,31.1,24.78,80.35,2.44,86,0.006713295382930709,55.67,0,0.352752086549095,-0.9357168190404935,0.0
2020-06-11,6.8,28.43,31.73,25.96,82.36,2.45,92,0.2319953029881649,45.769999999999996,0,0.3366372842469106,-0.9416343976591258,0.0
2020-06-12,8.65,28.2,31.45,26.23,84.66,2.4,86,0.0034646542344478753,45.150000000000006,0,0.3204232733919116,-0.9472744722987168,0.0
2020-06-13,24.85,27.44,29.89,25.38,86.42,2.07,86,4.745529537857282,54.489999999999995,0,0.30411483232751846,-0.9526353808033824,0.0
2020-06-14,14.0,28.01,31.26,25.92,86.01,2.23,92,2.899515316476853,63.099999999999994,0,0.2877167672261668,-0.9577155432887804,1.0
2020-06-15,27.55,27.91,31.07,26.11,89.08,2.64,92,11.83376227731526,81.85,1,0.27123391067291,-0.9625134626077081,0.0
2020-06-16,11.86,27.3,29.79,25.5,88.45,2.32,92,1.8758293184748362,86.91,0,0.2546711202412288,-0.9670277247913204,0.0
2020-06-17,13.46,28.0,30.72,26.27,87.97,2.96,92,2.6267238701105335,91.72,0,0.2380332770614858,-0.9712569994658313,1.0
2020-06-18,32.44,27.89,30.15,26.27,89.35,4.03,92,15.670992049180702,99.31,1,0.22132528438243243,-0.9752000402445825,0.0
2020-06-19,12.14,28.42,31.22,26.22,86.48,2.99,92,2.0006559851254915,97.45,0,0.2045520661262008,-0.9788556850953578,0.0
2020-06-20,4.55,28.22,30.89,26.35,86.23,3.11,92,0.0007914226039313829,74.45,0,0.18771856543719884,-0.9822228566828406,0.0
2020-06-21,7.22,27.89,30.3,26.34,86.94,2.92,92,0.31557865444177624,69.81,0,0.17082974322534442,-0.985300562686109,0.0
2020-06-22,3.34,28.34,31.53,26.12,83.01,3.27,92,0.0,59.69,0,0.15389057670406214,-0.9880878960910771,0.0
2020-06-23,5.21,28.27,31.76,26.11,83.62,3.56,92,0.027458063055582453,32.46,0,0.13690605792347574,-0.9905840354577969,0.0
2020-06-24,1.01,28.29,31.97,25.48,82.83,3.03,80,0.0,21.33,0,0.11988119229922782,-0.9927882451625399,0.0
2020-06-25,1.56,28.64,32.34,25.83,84.3,2.17,80,0.0,18.34,0,0.10282099713736025,-0.9946998756145891,0.0
2020-06-26,4.17,27.52,29.17,26.38,86.53,1.73,80,0.0,15.29,0,0.0857305001556943,-0.9963183634476755,0.0
2020-06-27,8.23,27.8,30.94,25.35,85.26,1.88,80,0.0,20.18,0,0.0686147380021341,-0.9976432316860063,0.0
2020-06-28,10.85,28.14,31.08,25.89,85.23,1.66,80,0.0,25.82,0,0.05147875477034673,-0.9986740898848305,0.0
2020-06-29,36.73,28.24,31.69,26.14,87.13,2.02,80,6.597062721352676,61.54,0,0.03432760051324382,-0.9994106342455052,1.0
2020-06-30,29.84,27.09,29.87,25.73,89.18,2.05,92,13.603766524381122,89.82,1,0.01716632975470737,-0.9998526477050269,0.0
2020-07-01,7.54,27.28,29.72,25.12,85.97,3.02,92,0.38678513421706606,93.19,0,1.2246467991473532e-16,-1.0,0.0
2020-07-02,12.21,27.92,31.18,25.37,86.44,3.45,92,2.032317064915297,97.17,0,-0.017166329754707124,-0.9998526477050269,1.0
2020-07-03,43.62,27.1,28.42,26.28,91.29,4.44,92,25.075141634523035,129.94,1,-0.03432760051324313,-0.9994106342455054,1.0
2020-07-04,103.54,27.12,28.89,25.83,91.44,4.36,92,81.06036464209372,196.75,1,-0.051478754770346045,-0.9986740898848305,1.0
2020-07-05,60.79,26.79,28.03,25.78,91.21,5.45,92,40.5032962182247,227.70000000000002,1,-0.06861473800213432,-0.9976432316860063,1.0
2020-07-06,44.96,27.61,29.44,26.32,89.34,6.16,92,26.244843216512376,265.12,1,-0.0857305001556945,-0.9963183634476755,1.0
2020-07-07,57.28,27.3,29.18,26.17,90.92,5.78,92,37.28447776854102,310.19,1,-0.10282099713736044,-0.9946998756145891,0.0
2020-07-08,20.4,27.44,29.76,25.57,88.53,4.24,92,6.709921147238167,286.97,0,-0.11988119229922714,-0.99278824516254,0.0
2020-07-09,23.9,27.39,29.82,25.49,88.93,3.77,92,9.13100821725943,207.32999999999998,0,-0.13690605792347504,-0.990584035457797,0.0
2020-07-10,11.93,27.4,29.54,25.84,89.56,3.76,92,1.9067607581217987,158.47,0,-0.15389057670406148,-0.9880878960910772,0.0
2020-07-11,14.43,27.37,29.27,25.9,90.89,3.58,92,3.12316793742532,127.94,0,-0.17082974322534417,-0.985300562686109,1.0
2020-07-12,26.51,26.69,28.17,25.16,92.15,3.29,92,11.047717572084025,97.17,1,-0.1877185654371986,-0.9822228566828407,0.0
2020-07-13,18.16,26.73,29.21,24.67,91.91,2.68,92,5.271046204885132,94.93,0,-0.20455206612620058,-0.9788556850953579,1.0
2020-07-14,31.35,27.29,29.24,25.53,91.03,3.16,92,14.797467254886465,102.38,1,-0.22132528438243218,-0.9752000402445826,1.0
2020-07-15,67.41,26.28,27.2,25.44,94.07,3.13,92,46.6395043292068,157.85999999999999,1,-0.23803327706148514,-0.9712569994658315,1.0
2020-07-16,36.7,26.02,27.67,24.93,92.16,4.3,92,19.168202284303675,180.13,1,-0.254671120241229,-0.9670277247913203,1.0
2020-07-17,27.1,26.64,29.06,24.6,90.45,4.7,92,11.492198656425893,180.72,1,-0.2712339106729102,-0.9625134626077081,0.0
2020-07-18,10.68,27.08,29.49,25.1,90.71,4.01,92,1.3834521755133724,173.24,0,-0.287716767226167,-0.9577155432887803,0.0
2020-07-19,5.8,27.19,29.44,25.46,89.65,2.93,92,0.08145045669088397,147.69,0,-0.3041148323275178,-0.9526353808033826,0.0
2020-07-20,9.12,26.64,28.51,24.99,90.92,2.01,92,0.8254903864608855,89.4,0,-0.32042327339191096,-0.947274472298717,0.0
2020-07-21,5.01,26.81,29.78,24.69,89.93,2.19,92,0.015484647205373816,57.71,0,-0.3366372842469099,-0.941634397659126,0.0
2020-07-22,6.26,27.01,29.8,24.94,89.31,1.52,92,0.14188334699978047,36.87,0,-0.35275208654909473,-0.9357168190404936,0.0
2020-07-23,10.4,27.07,29.45,25.31,89.76,1.64,86,0.10436954553144112,36.589999999999996,0,-0.36876293119226006,-0.9295234803804003,0.0
2020-07-24,23.0,26.44,28.23,24.91,90.24,1.69,86,3.8691752933256987,53.78999999999999,0,-0.38466509970700097,-0.9230562068841761,0.0
2020-07-25,10.67,26.11,28.93,24.23,89.64,2.18,92,1.379524181159754,55.339999999999996,0,-0.40045390565126615,-0.9163169044870049,0.0
2020-07-26,9.09,26.56,29.73,24.11,88.39,2.63,92,0.8159053349825975,59.42,0,-0.4161246959914748,-0.9093075592922356,0.0
2020-07-27,20.23,26.74,28.92,24.98,90.23,2.77,92,6.597400057958381,73.38999999999999,0,-0.431672852473784,-0.9020302369860707,1.0
2020-07-28,26.27,26.68,28.81,25.02,91.02,2.15,92,10.868029859710212,89.25999999999999,1,-0.44709379298511404,-0.8944870822287955,0.0
2020-07-29,14.83,26.67,28.42,25.17,92.91,2.01,92,3.3361190872409527,81.08999999999999,0,-0.4623829729035149,-0.88668031802274,0.0
2020-07-30,12.99,27.03,29.85,24.84,86.36,1.73,92,2.3969557078743278,83.41,0,-0.4775358864374881,-0.8786122450571483,0.0
2020-07-31,6.53,26.58,29.29,24.63,90.12,1.53,92,0.18442957387257986,80.85,0,-0.4925480679538642,-0.8702852410301554,0.0
2020-08-01,9.09,26.9,28.77,25.1,91.65,1.98,92,0.8159053349825975,69.71,0,-0.5074150932938452,-0.8617017599480683,0.0
2020-08-02,8.9,27.18,29.49,25.3,91.61,2.52,92,0.7562705883189975,52.339999999999996,0,-0.5221325810768248,-0.8528643314021597,1.0
2020-08-03,46.41,27.08,29.0,25.87,92.7,3.28,86,18.30034423405459,83.91999999999999,1,-0.5366961939916004,-0.8437755598231858,1.0
2020-08-04,109.49,26.91,28.65,25.99,92.92,5.1,92,86.82204189071645,180.42,1,-0.5511016400745999,-0.8344381237138474,1.0
2020-08-05,129.26,26.78,28.0,25.83,94.1,5.86,92,106.07583928309977,303.15,1,-0.5653446739747425,-0.8248547748594246,1.0
2020-08-06,126.09,26.34,27.65,24.95,91.88,5.62,92,102.97905175505048,420.15,1,-0.5794210982045637,-0.8150283375168114,0.0
2020-08-07,24.63,27.03,28.85,25.7,91.1,5.31,92,9.658481078561541,435.88,0,-0.5933267643772321,-0.8049617075821958,0.0
2020-08-08,15.15,26.85,28.79,25.51,90.36,4.4,92,3.5097628091961846,404.62,0,-0.6070575744291004,-0.794657851737625,0.0
2020-08-09,10.81,26.71,28.54,25.35,90.62,3.7,92,1.4349041364849542,305.94,0,-0.6206094818274228,-0.7841198065767104,1.0
2020-08-10,34.61,26.44,27.9,25.26,92.3,3.55,92,17.436901321924555,211.29000000000002,1,-0.6339784927628865,-0.77335067770973,0.0
2020-08-11,22.1,26.44,28.31,25.08,91.07,4.06,92,7.8621591303397205,107.30000000000001,0,-0.6471606673266059,-0.7623536388483905,1.0
2020-08-12,41.8,26.13,27.63,25.17,92.01,4.41,92,23.49873297011386,124.47,1,-0.6601521206712315,-0.7511319308705201,1.0
2020-08-13,55.75,25.89,26.99,25.21,94.32,4.38,92,35.8901160433019,165.07,1,-0.6729490241558326,-0.7396888608649671,1.0
2020-08-14,60.58,26.06,27.35,25.23,93.28,5.02,92,40.30998264000452,214.84,1,-0.6855476064742154,-0.7280278011569848,1.0
2020-08-15,41.16,26.1,27.33,25.22,93.59,4.72,92,22.94797333233936,221.39000000000001,1,-0.6979441547663433,-0.7161521883143935,1.0
2020-08-16,33.79,26.02,27.31,25.22,93.98,4.58,92,16.765593295302974,233.07999999999998,1,-0.7101350157125356,-0.7040655221348059,1.0
2020-08-17,51.77,25.88,26.98,24.97,93.98,3.83,92,32.290950314331354,243.05,1,-0.7221165966101161,-0.691771364614222,1.0
2020-08-18,32.52,26.06,27.91,24.8,92.5,3.86,92,15.735474337747103,219.82,1,-0.7338853664321993,-0.6792733388972929,0.0
2020-08-19,19.36,26.33,28.39,24.85,91.58,3.5,92,6.029818425373074,178.6,0,-0.7454378568683002,-0.6665751282095631,1.0
2020-08-20,48.99,25.79,26.72,25.14,95.05,3.5,92,29.803936456180168,186.43,1,-0.7567706633464625,-0.653680474772006,1.0
2020-08-21,48.7,26.08,27.25,25.18,94.06,4.19,92,29.545913499195375,201.34,1,-0.7678804460366,-0.6405931786981752,0.0
2020-08-22,20.82,26.5,28.17,25.42,93.33,4.26,92,6.9900912235069255,170.39,0,-0.7787639308347605,-0.627317096874294,0.0
2020-08-23,13.15,26.4,27.89,25.34,92.67,4.35,92,2.4743520582940532,151.02,0,-0.7894179103280194,-0.6138561418226122,0.0
2020-08-24,9.61,26.45,28.62,25.05,90.9,4.16,92,0.9884023022835045,141.27,0,-0.7998392447397191,-0.6002142805483686,0.0
2020-08-25,6.74,26.41,28.93,24.67,89.39,3.24,92,0.22099988693266934,99.02,0,-0.8100248628547748,-0.5863955333706962,0.0
2020-08-26,2.87,26.25,29.31,24.15,88.56,2.42,92,0.0,53.19,0,-0.8199717629247767,-0.5724039727378154,0.0
2020-08-27,7.86,25.99,28.69,24.21,89.63,2.76,92,0.4642286122172746,40.230000000000004,0,-0.8296770135526184,-0.5582437220268655,1.0
2020-08-28,56.94,25.99,28.18,24.4,92.03,2.79,86,26.314330323374797,84.02000000000001,1,-0.8391377545563938,-0.5439189543287248,1.0
2020-08-29,62.18,25.61,26.73,24.77,94.38,2.87,92,41.78506112391875,136.59,1,-0.8483511978123038,-0.5294338912181854,1.0
2020-08-30,31.07,25.89,27.22,25.02,93.57,3.24,92,14.574638635267966,160.92,1,-0.8573146280763322,-0.514792801509831,0.0
2020-08-31,21.16,26.29,28.48,24.68,92.04,3.23,92,7.219111117169501,179.20999999999998,0,-0.8660254037844384,-0.5000000000000004,0.0
2020-09-01,7.35,26.29,28.92,24.18,90.84,2.1,92,0.3437387375475527,178.70000000000002,0,-0.8744809578310394,-0.4850598461951967,0.0
2020-09-02,1.81,26.33,29.22,24.04,89.25,1.83,92,0.0,123.57000000000001,0,-0.8826787983255475,-0.4699767430273199,0.0
2020-09-03,1.03,26.68,29.76,24.34,88.46,1.39,92,0.0,62.42000000000001,0,-0.8906165093267404,-0.45475513555610575,0.0
2020-09-04,4.27,27.74,31.67,24.12,85.22,1.3,92,0.0,35.620000000000005,0,-0.8982917515547529,-0.4393995096591416,0.0
2020-09-05,14.84,28.23,32.26,25.19,87.67,1.19,86,0.9008512910942793,29.300000000000004,0,-0.9057022630804714,-0.42391439070986087,0.0
2020-09-06,8.73,28.66,32.59,25.48,86.16,1.19,80,0.0,30.680000000000007,0,-0.9128458599921354,-0.40830434224389367,0.0
2020-09-07,11.46,27.93,30.72,25.9,87.45,1.38,80,0.0,40.330000000000005,0,-0.9197204370389468,-0.3925739646141714,0.0
2020-09-08,2.94,27.1,30.05,24.87,90.82,1.76,86,0.0,42.24000000000001,0,-0.9263239682514951,-0.3767278936351848,0.0
2020-09-09,5.77,26.11,28.22,24.83,90.74,1.36,86,0.0,43.74000000000001,0,-0.9326545075388225,-0.3607707992167831,1.0
2020-09-10,39.64,26.57,28.77,24.97,93.42,1.36,86,13.53278437002725,68.54,1,-0.9387101892619443,-0.3447073839879337,0.0
2020-09-11,11.8,26.72,28.59,25.31,91.77,1.22,92,1.8494643796425785,71.61000000000001,0,-0.9444892287836613,-0.32854238191083474,0.0
2020-09-12,19.97,27.06,29.99,24.88,90.58,2.63,92,6.426313264859756,80.12,0,-0.9499899229945009,-0.3122805568857948,0.0
2020-09-13,6.26,26.37,28.58,24.78,91.14,3.03,92,0.14188334699978047,83.44000000000001,0,-0.9552106508146316,-0.29592670134728966,0.0
2020-09-14,6.33,25.41,27.31,24.16,92.4,2.11,92,0.15242242888773205,84.00000000000001,0,-0.9601498736716017,-0.2794856348516098,0.0
2020-09-15,4.01,25.17,26.58,24.04,93.09,1.66,92,0.0,48.370000000000005,0,-0.9648061359537644,-0.2629622026565152,0.0
2020-09-16,7.29,25.49,27.29,24.13,92.91,1.84,86,0.0,43.86000000000001,0,-0.9691780654392534,-0.24636127429331536,0.0
2020-09-17,9.09,25.94,28.2,24.22,92.46,1.94,86,0.015954382042156816,32.980000000000004,0,-0.9732643737003823,-0.2296877421317963,0.0
2020-09-18,3.02,25.93,27.76,24.57,92.23,1.82,80,0.0,29.74000000000001,0,-0.9770638564833508,-0.21294651993841573,0.0
2020-09-19,13.15,26.38,28.97,24.38,90.0,2.12,80,0.0031665363565285274,36.56000000000001,0,-0.9805753940631429,-0.19614254142819712,0.0
2020-09-20,16.17,26.7,28.88,25.22,93.46,2.52,86,1.2673066672611386,48.72000000000001,0,-0.9837979515735163,-0.1792807588107359,0.0
2020-09-21,10.41,26.47,27.98,25.02,93.87,2.97,86,0.10532750935845,51.84000000000002,0,-0.9867305793119814,-0.16236614133076413,1.0
2020-09-22,78.2,26.51,27.41,25.24,94.16,2.43,86,43.945707273213294,120.95000000000002,1,-0.9893724130196829,-0.14540367380369032,1.0
2020-09-23,57.73,25.94,26.96,25.11,95.47,2.76,92,37.69563176844622,175.66000000000003,1,-0.9917226741361014,-0.12839835514655154,0.0
2020-09-24,5.55,26.79,29.87,24.72,91.99,1.87,92,0.05524661833487343,168.06,0,-0.9937806700284985,-0.11135519690480865,0.0
2020-09-25,11.68,26.22,28.19,24.89,92.7,2.04,92,1.7971470676133847,163.57,0,-0.9955457941960382,-0.09427922177542443,0.0
2020-09-26,1.5,26.05,28.8,24.05,87.45,1.69,92,0.0,154.66,0,-0.9970175264485267,-0.07717546212664643,0.0
2020-09-27,1.95,26.07,29.29,23.9,85.83,1.58,92,0.0,78.41000000000001,0,-0.998195433059714,-0.06004895851494849,0.0
2020-09-28,0.69,26.42,29.85,24.01,83.63,1.16,92,0.0,21.370000000000015,0,-0.9990791668951153,-0.04290475819955383,0.0
2020-09-29,0.68,26.12,29.31,23.43,84.66,1.49,80,0.0,16.500000000000014,0,-0.9996684675143132,-0.025747913654988113,0.0
2020-09-30,0.74,26.14,29.86,23.38,85.5,1.71,80,0.0,5.560000000000014,0,-0.9999631612477099,-0.008583481082086734,0.0
2020-10-01,0.68,26.02,29.44,23.42,86.88,1.54,80,0.0,4.740000000000014,0,-0.9999631612477099,0.008583481082087254,0.0
2020-10-02,2.47,26.73,30.34,24.04,87.11,1.51,80,0.0,5.260000000000014,0,-0.999668467514313,0.025747913654988634,0.0
2020-10-03,10.81,27.37,31.12,24.59,87.85,1.42,80,0.0,15.380000000000015,0,-0.9990791668951153,0.04290475819955435,0.0
2020-10-04,4.6,26.78,29.88,24.47,89.45,1.87,80,0.0,19.300000000000015,0,-0.998195433059714,0.06004895851494813,0.0
2020-10-05,0.68,26.83,30.66,24.04,86.64,1.52,80,0.0,19.240000000000013,0,-0.9970175264485267,0.07717546212664607,0.0
2020-10-06,0.28,26.18,29.73,22.84,86.77,1.27,80,0.0,18.840000000000014,0,-0.9955457941960382,0.09427922177542405,0.0
2020-10-07,0.44,27.54,31.53,24.2,83.67,1.2,80,0.0,16.810000000000013,0,-0.9937806700284985,0.11135519690480827,0.0
2020-10-08,1.31,27.61,31.34,24.71,81.41,1.4,80,0.0,7.310000000000014,0,-0.9917226741361016,0.1283983551465503,0.0
2020-10-09,0.27,27.93,32.54,24.04,78.41,1.04,80,0.0,2.9800000000000146,0,-0.9893724130196829,0.14540367380368996,0.0
2020-10-10,7.77,28.3,31.31,25.4,79.14,0.82,80,0.0,10.070000000000014,0,-0.9867305793119814,0.16236614133076377,0.0
2020-10-11,11.12,27.88,31.32,25.34,80.26,0.98,80,0.0,20.910000000000014,0,-0.9837979515735163,0.17928075881073555,0.0
2020-10-12,2.68,27.27,30.39,24.74,84.74,1.24,80,0.0,23.150000000000013,0,-0.980575394063143,0.19614254142819676,0.0
2020-10-13,8.22,28.16,32.13,25.01,81.18,0.86,80,0.0,30.060000000000016,0,-0.9770638564833509,0.21294651993841537,0.0
2020-10-14,11.54,27.78,30.78,25.71,86.27,1.22,80,0.0,41.33000000000001,0,-0.9732643737003827,0.22968774213179508,1.0
2020-10-15,48.81,26.77,28.52,25.31,93.48,3.2,86,20.069961235797045,82.37,1,-0.9691780654392538,0.24636127429331414,0.0
2020-10-16,8.68,27.29,30.81,24.65,88.21,3.52,92,0.6895686035933919,79.93,0,-0.9648061359537647,0.262962202656514,0.0
2020-10-17,3.26,26.7,30.4,24.09,88.53,2.59,92,0.0,80.51000000000002,0,-0.9601498736716018,0.2794856348516095,0.0
2020-10-18,1.23,26.28,29.8,23.74,89.57,1.85,92,0.0,73.52000000000001,0,-0.9552106508146317,0.2959267013472893,0.0
2020-10-19,5.39,25.74,28.2,23.69,89.65,1.53,92,0.041022788848802054,67.37000000000002,0,-0.9499899229945011,0.3122805568857945,0.0
2020-10-20,19.24,27.01,29.84,24.88,90.42,1.15,92,5.9526501396147316,37.80000000000001,0,-0.9444892287836614,0.3285423819108344,0.0
2020-10-21,5.03,27.55,30.61,25.47,89.21,1.18,86,0.0,34.15000000000001,0,-0.938710189261944,0.3447073839879342,0.0
2020-10-22,15.08,27.08,29.79,25.11,90.39,1.48,80,0.08598057073466901,45.97000000000001,0,-0.9326545075388223,0.3607707992167836,0.0
2020-10-23,5.36,26.77,29.75,24.8,83.22,1.56,86,0.0,50.10000000000001,0,-0.9263239682514949,0.3767278936351853,0.0
2020-10-24,2.59,27.32,30.76,24.74,77.31,0.82,86,0.0,47.30000000000001,0,-0.9197204370389466,0.3925739646141719,0.0
2020-10-25,2.74,27.27,31.32,22.99,74.29,0.9,86,0.0,30.800000000000015,0,-0.9128458599921356,0.40830434224389334,0.0
2020-10-26,0.07,26.99,31.53,22.91,77.67,1.3,80,0.0,25.840000000000014,0,-0.9057022630804715,0.42391439070986053,0.0
2020-10-27,0.0,26.66,31.81,22.25,77.24,1.29,80,0.0,10.760000000000014,0,-0.898291751554753,0.4393995096591413,0.0
2020-10-28,0.0,26.22,31.68,21.49,70.26,1.1,80,0.0,5.400000000000015,0,-0.8906165093267405,0.4547551355561054,0.0
2020-10-29,0.0,25.85,31.8,20.65,69.46,1.33,80,0.0,2.8100000000000143,0,-0.8826787983255476,0.46997674302731957,0.0
2020-10-30,0.0,25.9,32.35,20.44,68.36,1.31,80,0.0,0.07000000000001422,0,-0.8744809578310401,0.4850598461951956,0.0
2020-10-31,0.0,25.41,31.38,19.92,69.13,1.42,80,0.0,0.0,0,-0.8660254037844386,0.5000000000000001,0.0
2020-11-01,0.0,25.78,31.31,20.87,74.35,1.34,80,0.0,0.0,0,-0.8573146280763323,0.5147928015098308,0.0
2020-11-02,0.0,26.55,31.0,22.84,78.13,1.32,80,0.0,0.0,0,-0.848351197812304,0.5294338912181851,0.0
2020-11-03,0.0,26.45,32.1,22.58,74.55,1.87,80,0.0,0.0,0,-0.8391377545563939,0.5439189543287245,0.0
2020-11-04,0.0,25.46,31.75,21.06,72.37,1.78,80,0.0,0.0,0,-0.8296770135526191,0.5582437220268645,0.0
2020-11-05,0.0,24.84,31.31,19.72,72.04,1.7,80,0.0,0.0,0,-0.8199717629247775,0.5724039727378144,0.0
2020-11-06,0.0,23.71,30.41,18.82,69.18,2.24,80,0.0,0.0,0,-0.8100248628547756,0.5863955333706952,0.0
2020-11-07,0.0,23.75,30.94,17.15,73.03,2.58,80,0.0,0.0,0,-0.7998392447397199,0.6002142805483676,0.0
2020-11-08,0.0,24.75,31.11,19.44,74.98,2.55,80,0.0,0.0,0,-0.7894179103280197,0.613856141822612,0.0
2020-11-09,0.01,23.71,30.88,17.93,69.01,2.2,80,0.0,0.010000000000014211,0,-0.7787639308347607,0.6273170968742937,0.0
2020-11-10,0.0,22.15,29.82,16.73,69.05,2.77,80,0.0,0.010000000000014211,0,-0.7678804460366002,0.640593178698175,0.0
2020-11-11,0.0,21.35,29.38,15.42,68.86,2.8,80,0.0,0.010000000000014211,0,-0.7567706633464628,0.6536804747720056,0.0
2020-11-12,0.0,22.08,29.71,15.96,70.07,2.45,80,0.0,0.010000000000014211,0,-0.7454378568682999,0.6665751282095634,0.0
2020-11-13,0.0,25.1,31.35,19.48,80.54,1.8,80,0.0,0.010000000000014211,0,-0.7338853664321989,0.6792733388972934,0.0
2020-11-14,0.01,26.39,31.81,21.85,81.27,1.7,80,0.0,0.010000000000014211,0,-0.7221165966101161,0.6917713646142221,0.0
2020-11-15,0.03,26.36,32.36,21.37,77.47,1.24,80,0.0,0.04000000000001421,0,-0.7101350157125358,0.7040655221348057,0.0
2020-11-16,0.0,26.18,32.19,20.63,75.6,1.75,80,0.0,0.04000000000001421,0,-0.6979441547663436,0.7161521883143933,0.0
2020-11-17,0.05,26.83,31.56,22.83,79.65,1.43,80,0.0,0.09000000000001421,0,-0.6855476064742156,0.7280278011569846,0.0
2020-11-18,0.08,25.82,30.86,21.76,82.39,1.59,80,0.0,0.17000000000001422,0,-0.6729490241558331,0.7396888608649665,0.0
2020-11-19,0.04,25.95,30.69,22.9,81.33,1.26,80,0.0,0.20000000000001422,0,-0.6601521206712321,0.7511319308705195,0.0
2020-11-20,0.22,26.16,31.63,22.12,80.64,1.07,80,0.0,0.3900000000000142,0,-0.6471606673266065,0.7623536388483899,0.0
2020-11-21,0.03,25.76,31.48,21.82,78.5,1.3,80,0.0,0.42000000000001425,0,-0.6339784927628872,0.7733506777097294,0.0
2020-11-22,0.0,24.66,30.68,20.0,80.6,1.61,80,0.0,0.3700000000000142,0,-0.6206094818274227,0.7841198065767104,0.0
2020-11-23,0.0,24.76,30.32,21.29,79.07,1.33,80,0.0,0.29000000000001425,0,-0.607057574429101,0.7946578517376245,0.0
2020-11-24,0.0,24.77,30.49,19.81,74.64,1.06,80,0.0,0.2500000000000142,0,-0.5933267643772321,0.8049617075821959,0.0
2020-11-25,0.0,24.11,30.46,19.01,72.87,2.05,80,0.0,0.03000000000001421,0,-0.5794210982045647,0.8150283375168107,0.0
2020-11-26,0.0,23.63,30.62,17.9,71.13,1.99,80,0.0,0.0,0,-0.5653446739747432,0.8248547748594242,0.0
2020-11-27,0.0,23.25,29.47,19.06,76.28,3.27,80,0.0,0.0,0,-0.5511016400745998,0.8344381237138475,0.0
2020-11-28,0.01,23.77,29.78,18.91,79.88,2.67,80,0.0,0.010000000000014211,0,-0.5366961939916011,0.8437755598231853,0.0
2020-11-29,0.0,25.18,30.65,20.48,80.16,2.0,80,0.0,0.010000000000014211,0,-0.5221325810768248,0.8528643314021598,0.0
2020-11-30,0.0,25.84,30.75,21.97,82.13,1.35,80,0.0,0.010000000000014211,0,-0.5074150932938463,0.8617017599480677,0.0
2020-12-01,0.0,26.51,31.57,22.74,79.48,1.15,80,0.0,0.010000000000014211,0,-0.4925480679538645,0.8702852410301551,0.0
2020-12-02,0.01,25.27,30.84,21.02,73.78,1.68,80,0.0,0.02000000000001421,0,-0.47753588643748845,0.8786122450571482,0.0
2020-12-03,0.0,23.79,30.57,18.25,66.77,2.03,80,0.0,0.010000000000014211,0,-0.4623829729035152,0.8866803180227398,0.0
2020-12-04,0.0,23.63,31.13,17.56,65.49,1.97,80,0.0,0.010000000000014211,0,-0.44709379298511437,0.8944870822287954,0.0
2020-12-05,0.0,23.45,30.39,17.41,63.02,2.04,80,0.0,0.010000000000014211,0,-0.43167285247378356,0.9020302369860709,0.0
2020-12-06,0.0,22.73,30.36,17.12,65.03,2.61,80,0.0,0.010000000000014211,0,-0.4161246959914751,0.9093075592922355,0.0
2020-12-07,0.0,22.42,30.49,16.39,63.97,2.64,80,0.0,0.0,0,-0.4004539056512665,0.9163169044870048,0.0
2020-12-08,0.02,22.86,30.83,16.89,64.14,2.61,80,0.0,0.02000000000001421,0,-0.3846650997070013,0.923056206884176,0.0
2020-12-09,0.01,23.89,30.58,17.77,69.45,1.97,80,0.0,0.03000000000001421,0,-0.3687629311922604,0.9295234803804002,0.0
2020-12-10,0.26,25.17,30.85,20.34,71.92,1.41,80,0.0,0.29000000000001425,0,-0.3527520865490943,0.9357168190404939,0.0
2020-12-11,2.09,24.8,28.18,22.17,79.62,0.94,80,0.0,2.380000000000014,0,-0.3366372842469107,0.9416343976591258,0.0
2020-12-12,0.89,24.67,29.58,20.95,82.68,1.31,80,0.0,3.2700000000000142,0,-0.3204232733919109,0.947274472298717,0.0
2020-12-13,1.45,24.41,28.45,21.34,82.78,1.05,80,0.0,4.7000000000000135,0,-0.30411483232751857,0.9526353808033823,0.0
2020-12-14,7.19,24.29,28.93,21.04,82.0,1.17,80,0.0,11.880000000000015,0,-0.28771676722616696,0.9577155432887803,0.0
2020-12-15,0.06,23.81,29.72,19.53,80.13,1.42,80,0.0,11.680000000000016,0,-0.27123391067291097,0.9625134626077079,0.0
2020-12-16,0.0,23.82,30.21,19.21,78.92,1.52,80,0.0,9.590000000000016,0,-0.25467112024122895,0.9670277247913203,0.0
2020-12-17,0.0,23.84,30.49,18.75,75.04,1.49,80,0.0,8.700000000000015,0,-0.23803327706148678,0.9712569994658311,0.0
2020-12-18,0.0,23.59,30.07,18.41,71.5,1.85,80,0.0,7.250000000000015,0,-0.22132528438243296,0.9752000402445824,0.0
2020-12-19,0.0,22.68,29.26,18.69,71.57,2.48,80,0.0,0.06000000000001421,0,-0.2045520661262005,0.9788556850953579,0.0
2020-12-20,0.25,21.55,28.05,17.27,67.85,2.82,80,0.0,0.2500000000000142,0,-0.1877185654371994,0.9822228566828405,0.0
2020-12-21,0.0,21.04,28.91,15.47,58.45,2.78,80,0.0,0.2500000000000142,0,-0.17082974322534408,0.985300562686109,0.0
2020-12-22,0.0,20.86,28.82,14.03,54.33,2.13,80,0.0,0.2500000000000142,0,-0.1538905767040627,0.9880878960910771,0.0
2020-12-23,0.0,21.04,29.43,13.8,57.95,1.55,80,0.0,0.2500000000000142,0,-0.1369060579234754,0.9905840354577969,0.0
2020-12-24,0.0,22.25,30.25,14.99,58.74,1.58,80,0.0,0.2500000000000142,0,-0.1198811922992275,0.99278824516254,0.0
2020-12-25,0.0,23.26,30.52,17.25,64.45,2.32,80,0.0,0.0,0,-0.1028209971373608,0.9946998756145891,0.0
2020-12-26,0.0,23.4,31.05,17.1,65.28,2.13,80,0.0,0.0,0,-0.08573050015569487,0.9963183634476755,0.0
2020-12-27,0.0,23.3,30.37,18.35,71.22,1.76,80,0.0,0.0,0,-0.06861473800213468,0.9976432316860063,0.0
2020-12-28,0.0,21.27,28.91,16.12,65.09,1.59,80,0.0,0.0,0,-0.05147875477034641,0.9986740898848305,0.0
2020-12-29,0.0,20.81,29.04,15.24,64.44,1.44,80,0.0,0.0,0,-0.034327600513243496,0.9994106342455052,0.0
2020-12-30,0.0,22.19,30.51,15.84,68.7,1.38,80,0.0,0.0,0,-0.017166329754707492,0.9998526477050269,0.0
2020-12-31,0.0,23.74,31.04,17.42,68.4,2.31,80,0.0,0.0,0,-2.4492935982947064e-16,1.0,0.0
2021-01-01,0.03,24.52,31.35,19.28,73.72,2.03,80,0.0,0.03000000000001421,0,0.01716632975470737,0.9998526477050269,0.0
2021-01-02,0.02,23.85,28.52,21.02,76.92,1.31,80,0.0,0.050000000000014214,0,0.034327600513243496,0.9994106342455052,0.0
2021-01-03,0.01,23.59,29.32,19.98,71.22,1.25,80,0.0,0.06000000000001421,0,0.05147875477034653,0.9986740898848305,0.0
2021-01-04,0.08,23.68,29.5,19.22,71.52,1.3,80,0.0,0.14000000000001422,0,0.06861473800213404,0.9976432316860063,0.0
2021-01-05,0.08,23.33,29.57,19.31,71.57,1.33,80,0.0,0.2200000000000142,0,0.08573050015569435,0.9963183634476755,0.0
2021-01-06,0.0,23.69,30.64,19.04,68.91,1.66,80,0.0,0.1900000000000142,0,0.1028209971373604,0.9946998756145891,0.0
2021-01-07,0.6,24.45,29.32,19.83,75.7,1.3,80,0.0,0.7700000000000142,0,0.11988119229922722,0.99278824516254,0.0
2021-01-08,3.32,25.0,29.26,21.76,81.37,1.25,80,0.0,4.080000000000014,0,0.13690605792347524,0.990584035457797,0.0
2021-01-09,3.92,25.53,30.81,21.45,79.22,1.26,80,0.0,7.920000000000014,0,0.15389057670406178,0.9880878960910772,0.0
2021-01-10,0.19,26.17,31.41,22.78,76.34,1.65,80,0.0,8.030000000000014,0,0.17082974322534417,0.985300562686109,0.0
2021-01-11,0.02,26.9,33.66,22.02,68.57,1.5,80,0.0,8.050000000000013,0,0.1877185654371987,0.9822228566828407,0.0
2021-01-12,0.0,27.02,34.73,21.15,60.23,2.0,80,0.0,7.450000000000014,0,0.2045520661262008,0.9788556850953578,0.0
2021-01-13,0.0,26.35,33.79,21.27,60.54,1.81,80,0.0,4.130000000000014,0,0.22132528438243257,0.9752000402445825,0.0
2021-01-14,0.0,25.32,33.06,19.24,61.05,1.28,80,0.0,0.21000000000001376,0,0.2380332770614856,0.9712569994658314,0.0
2021-01-15,0.0,24.75,32.57,19.17,61.77,1.73,80,0.0,0.020000000000013767,0,0.2546711202412287,0.9670277247913204,0.0
2021-01-16,0.0,24.72,32.68,18.78,59.34,1.33,80,0.0,0.0,0,0.27123391067291003,0.9625134626077081,0.0
2021-01-17,0.0,25.22,32.83,19.34,63.81,1.38,80,0.0,0.0,0,0.287716767226167,0.9577155432887803,0.0
2021-01-18,0.0,25.17,32.84,20.28,63.03,1.51,80,0.0,0.0,0,0.30411483232751785,0.9526353808033825,0.0
2021-01-19,0.0,25.09,32.88,20.33,59.8,1.41,80,0.0,0.0,0,0.3204232733919111,0.9472744722987169,0.0
2021-01-20,0.0,24.38,32.31,19.44,55.82,1.53,80,0.0,0.0,0,0.33663728424691025,0.9416343976591259,0.0
2021-01-21,0.0,22.98,31.04,17.4,53.2,1.43,80,0.0,0.0,0,0.3527520865490948,0.9357168190404936,0.0
2021-01-22,0.0,23.7,33.05,16.61,55.84,1.26,80,0.0,0.0,0,0.3687629311922601,0.9295234803804003,0.0
2021-01-23,0.0,23.92,32.52,18.87,58.23,1.32,80,0.0,0.0,0,0.3846650997070012,0.9230562068841761,0.0
2021-01-24,0.0,23.25,31.56,18.0,59.11,1.61,80,0.0,0.0,0,0.40045390565126643,0.9163169044870048,0.0
2021-01-25,0.0,22.63,32.16,15.69,50.99,1.81,80,0.0,0.0,0,0.41612469599147445,0.9093075592922358,0.0
2021-01-26,0.0,22.36,31.11,17.15,47.57,1.59,80,0.0,0.0,0,0.43167285247378384,0.9020302369860707,0.0
2021-01-27,0.0,22.04,31.29,15.37,46.51,1.63,80,0.0,0.0,0,0.44709379298511387,0.8944870822287956,0.0
2021-01-28,0.0,21.96,30.93,16.14,47.9,1.61,80,0.0,0.0,0,0.4623829729035149,0.88668031802274,0.0
2021-01-29,0.0,22.34,32.72,14.57,44.85,1.73,80,0.0,0.0,0,0.47753588643748823,0.8786122450571483,0.0
2021-01-30,0.0,23.41,32.83,16.87,43.98,1.57,80,0.0,0.0,0,0.4925480679538643,0.8702852410301553,0.0
2021-01-31,0.0,23.95,33.14,17.69,45.92,1.65,80,0.0,0.0,0,0.5074150932938455,0.8617017599480682,0.0
2021-02-01,0.0,24.54,33.4,18.14,49.67,2.25,80,0.0,0.0,0,0.5221325810768248,0.8528643314021597,0.0
2021-02-02,0.0,24.89,33.85,17.83,39.95,2.57,80,0.0,0.0,0,0.5366961939916004,0.8437755598231856,0.0
2021-02-03,0.0,23.91,33.54,16.26,41.43,1.91,80,0.0,0.0,0,0.5511016400746002,0.8344381237138473,0.0
2021-02-04,0.0,23.69,32.51,17.19,46.78,1.74,80,0.0,0.0,0,0.5653446739747429,0.8248547748594244,0.0
2021-02-05,0.0,22.95,31.57,16.99,52.49,2.21,80,0.0,0.0,0,0.5794210982045637,0.8150283375168114,0.0
2021-02-06,0.0,23.35,33.17,15.14,42.33,2.15,80,0.0,0.0,0,0.593326764377232,0.8049617075821959,0.0
2021-02-07,0.0,24.14,33.2,16.79,41.54,2.76,80,0.0,0.0,0,0.6070575744291002,0.7946578517376252,0.0
2021-02-08,0.0,24.25,34.07,16.6,40.12,2.26,80,0.0,0.0,0,0.6206094818274227,0.7841198065767105,0.0
2021-02-09,0.0,24.01,34.55,16.54,39.1,2.27,80,0.0,0.0,0,0.6339784927628866,0.7733506777097299,0.0
2021-02-10,0.0,24.15,34.38,16.51,40.48,1.67,80,0.0,0.0,0,0.647160667326606,0.7623536388483904,0.0
2021-02-11,0.0,24.64,35.04,16.76,41.42,1.7,80,0.0,0.0,0,0.6601521206712317,0.7511319308705199,0.0
2021-02-12,0.0,24.72,34.55,17.56,43.49,1.72,80,0.0,0.0,0,0.6729490241558329,0.7396888608649669,0.0
2021-02-13,0.0,24.96,33.74,19.1,45.39,1.71,80,0.0,0.0,0,0.6855476064742154,0.7280278011569848,0.0
2021-02-14,0.0,25.01,33.57,19.09,54.19,1.64,80,0.0,0.0,0,0.6979441547663435,0.7161521883143933,0.0
2021-02-15,0.01,24.44,32.22,19.37,56.93,1.7,80,0.0,0.010000000000013767,0,0.7101350157125358,0.7040655221348057,0.0
2021-02-16,0.0,24.01,31.69,18.12,64.84,1.92,80,0.0,0.010000000000013767,0,0.7221165966101162,0.691771364614222,0.0
2021-02-17,0.01,24.9,32.71,18.88,62.56,1.78,80,0.0,0.020000000000013767,0,0.733885366432199,0.6792733388972931,0.0
2021-02-18,3.26,26.01,34.1,20.6,59.29,1.51,80,0.0,3.2800000000000136,0,0.7454378568683001,0.6665751282095632,0.0
2021-02-19,8.1,25.78,32.27,21.31,60.75,1.98,80,0.0,11.380000000000013,0,0.7567706633464625,0.653680474772006,0.0
2021-02-20,0.0,25.37,33.07,18.68,51.27,2.35,80,0.0,11.370000000000013,0,0.7678804460366,0.6405931786981751,0.0
2021-02-21,0.0,26.75,34.37,20.22,49.5,2.86,80,0.0,11.370000000000013,0,0.7787639308347607,0.6273170968742937,0.0
2021-02-22,0.0,27.47,35.1,21.35,53.24,1.98,80,0.0,11.360000000000014,0,0.7894179103280197,0.613856141822612,0.0
2021-02-23,0.0,27.63,36.23,20.81,50.79,1.63,80,0.0,8.100000000000014,0,0.7998392447397193,0.6002142805483682,0.0
2021-02-24,0.0,27.53,36.68,20.58,43.82,1.83,80,0.0,0.0,0,0.8100248628547753,0.5863955333706956,0.0
2021-02-25,0.0,27.34,35.93,20.91,44.9,2.05,80,0.0,0.0,0,0.8199717629247771,0.5724039727378148,0.0
2021-02-26,0.0,27.1,35.5,21.09,48.2,2.04,80,0.0,0.0,0,0.8296770135526188,0.5582437220268648,0.0
2021-02-27,0.0,27.29,36.74,19.72,47.23,2.26,80,0.0,0.0,0,0.8391377545563938,0.5439189543287247,0.0
2021-02-28,0.0,29.01,38.83,21.11,40.16,1.92,80,0.0,0.0,0,0.8483511978123038,0.5294338912181853,0.0
2021-03-01,0.0,29.82,39.51,22.26,35.17,2.72,80,0.0,0.0,0,0.8573146280763322,0.5147928015098309,0.0
2021-03-02,0.0,29.2,38.97,21.76,30.13,2.47,80,0.0,0.0,0,0.8660254037844386,0.5000000000000001,0.0
2021-03-03,0.0,29.44,39.71,21.04,25.65,2.14,80,0.0,0.0,0,0.8744809578310397,0.4850598461951962,0.0
2021-03-04,0.0,29.38,39.78,21.34,23.08,2.31,80,0.0,0.0,0,0.8826787983255474,0.46997674302731995,0.0
2021-03-05,0.0,29.86,39.82,22.0,26.28,2.19,80,0.0,0.0,0,0.8906165093267404,0.4547551355561058,0.0
2021-03-06,0.0,28.84,37.65,22.26,40.86,1.63,80,0.0,0.0,0,0.8982917515547528,0.4393995096591417,0.0
2021-03-07,0.0,28.28,37.03,22.08,46.2,2.07,80,0.0,0.0,0,0.9057022630804714,0.42391439070986076,0.0
2021-03-08,0.0,28.34,37.98,20.51,43.26,2.11,80,0.0,0.0,0,0.9128458599921356,0.40830434224389334,0.0
2021-03-09,0.01,28.78,38.64,21.18,45.88,2.13,80,0.0,0.010000000000014211,0,0.9197204370389467,0.3925739646141717,0.0
2021-03-10,0.01,28.69,37.72,22.48,46.96,1.96,80,0.0,0.02000000000001421,0,0.926323968251495,0.3767278936351851,0.0
2021-03-11,0.0,28.55,37.36,21.93,45.42,2.09,80,0.0,0.02000000000001421,0,0.9326545075388224,0.36077079921678346,0.0
2021-03-12,0.0,28.86,37.83,21.84,46.46,2.12,80,0.0,0.02000000000001421,0,0.9387101892619443,0.3447073839879338,0.0
2021-03-13,0.0,30.55,40.19,23.15,33.35,2.5,80,0.0,0.02000000000001421,0,0.9444892287836613,0.32854238191083485,0.0
2021-03-14,0.0,29.97,39.27,22.22,33.56,1.98,80,0.0,0.010000000000014211,0,0.949989922994501,0.3122805568857947,0.0
2021-03-15,0.0,29.89,38.52,22.42,30.65,1.99,80,0.0,0.0,0,0.9552106508146316,0.2959267013472893,0.0
2021-03-16,0.0,30.42,38.8,24.03,35.27,2.13,80,0.0,0.0,0,0.9601498736716018,0.2794856348516095,0.0
2021-03-17,0.02,30.44,39.4,23.4,32.96,2.22,80,0.0,0.02000000000001421,0,0.9648061359537645,0.2629622026565149,0.0
2021-03-18,0.09,30.44,39.06,24.72,36.0,2.15,80,0.0,0.11000000000001421,0,0.9691780654392536,0.2463612742933148,0.0
2021-03-19,0.07,28.84,37.23,23.12,47.33,2.37,80,0.0,0.1800000000000142,0,0.9732643737003824,0.22968774213179574,0.0
2021-03-20,0.01,28.48,37.26,21.37,47.56,1.91,80,0.0,0.1900000000000142,0,0.9770638564833508,0.21294651993841582,0.0
2021-03-21,0.02,29.0,37.49,22.27,44.62,1.67,80,0.0,0.21000000000001423,0,0.9805753940631429,0.19614254142819698,0.0
2021-03-22,1.46,29.7,38.66,22.85,46.26,1.69,80,0.0,1.6500000000000141,0,0.9837979515735163,0.17928075881073577,0.0
2021-03-23,0.37,30.59,39.37,23.31,41.87,2.09,80,0.0,1.930000000000014,0,0.9867305793119814,0.162366141330764,0.0
2021-03-24,0.04,32.07,39.8,26.35,32.95,2.28,80,0.0,1.9000000000000141,0,0.989372413019683,0.14540367380368976,0.0
2021-03-25,0.2,31.93,41.2,24.65,23.66,3.42,80,0.0,2.090000000000014,0,0.9917226741361015,0.12839835514655099,0.0
2021-03-26,0.0,31.51,41.55,22.87,23.36,2.31,80,0.0,2.070000000000014,0,0.9937806700284985,0.11135519690480875,0.0
2021-03-27,0.0,32.4,42.96,23.47,21.81,2.44,80,0.0,0.6100000000000142,0,0.9955457941960382,0.09427922177542453,0.0
2021-03-28,0.01,31.83,41.97,24.52,30.15,1.94,80,0.0,0.2500000000000142,0,0.9970175264485267,0.07717546212664653,0.0
2021-03-29,0.01,31.31,41.31,24.47,36.77,2.02,80,0.0,0.2200000000000142,0,0.998195433059714,0.0600489585149486,0.0
2021-03-30,0.0,29.89,38.63,23.34,49.63,1.73,80,0.0,0.02000000000001421,0,0.9990791668951153,0.042904758199554374,0.0
2021-03-31,0.0,29.0,38.05,21.51,53.94,1.87,80,0.0,0.02000000000001421,0,0.999668467514313,0.025747913654988658,0.0
2021-04-01,0.04,29.12,37.19,23.53,61.81,1.84,80,0.0,0.06000000000001421,0,0.9999631612477099,0.008583481082087055,0.0
2021-04-02,0.01,28.99,37.56,23.03,60.38,1.76,80,0.0,0.060000000000014216,0,0.9999631612477099,-0.008583481082086933,0.0
2021-04-03,0.0,28.9,37.33,23.05,58.85,1.9,80,0.0,0.050000000000014214,0,0.9996684675143132,-0.025747913654988314,0.0
2021-04-04,0.0,29.79,38.13,23.63,57.26,2.11,80,0.0,0.050000000000014214,0,0.9990791668951153,-0.04290475819955447,0.0
2021-04-05,0.0,30.38,39.29,24.14,53.4,2.26,80,0.0,0.050000000000014214,0,0.998195433059714,-0.06004895851494825,0.0
2021-04-06,0.01,31.32,41.3,23.66,44.66,2.51,80,0.0,0.020000000000014218,0,0.9970175264485267,-0.07717546212664618,0.0
2021-04-07,0.0,31.36,40.76,23.52,44.59,2.32,80,0.0,0.010000000000014218,0,0.9955457941960382,-0.0942792217754244,0.0
2021-04-08,0.07,30.37,38.32,24.46,54.42,1.97,80,0.0,0.08000000000001423,0,0.9937806700284985,-0.11135519690480862,0.0
2021-04-09,0.04,30.81,39.64,23.78,50.59,1.89,80,0.0,0.12000000000001423,0,0.9917226741361015,-0.12839835514655107,0.0
2021-04-10,0.08,31.36,39.66,24.83,46.12,1.98,80,0.0,0.20000000000001422,0,0.9893724130196829,-0.14540367380368988,0.0
2021-04-11,0.91,32.31,40.82,26.32,43.46,1.49,80,0.0,1.1000000000000143,0,0.9867305793119814,-0.16236614133076366,0.0
2021-04-12,0.25,32.07,40.39,25.22,46.5,1.77,80,0.0,1.3500000000000143,0,0.9837979515735163,-0.17928075881073566,0.0
2021-04-13,1.78,32.59,40.42,26.58,41.6,1.49,80,0.0,3.060000000000014,0,0.980575394063143,-0.19614254142819687,0.0
2021-04-14,0.54,32.16,39.59,26.53,42.23,1.96,80,0.0,3.560000000000014,0,0.9770638564833507,-0.21294651993841593,0.0
2021-04-15,0.32,31.34,38.96,25.71,44.26,2.0,80,0.0,3.800000000000014,0,0.9732643737003824,-0.22968774213179563,0.0
2021-04-16,0.24,30.92,38.77,24.77,49.28,2.39,80,0.0,3.1300000000000137,0,0.9691780654392537,-0.2463612742933147,0.0
2021-04-17,0.0,31.08,39.27,23.69,51.25,2.7,80,0.0,2.880000000000014,0,0.9648061359537646,-0.26296220265651454,0.0
2021-04-18,0.01,31.9,40.78,24.61,50.25,2.49,80,0.0,1.110000000000014,0,0.9601498736716018,-0.2794856348516094,0.0
2021-04-19,0.0,31.11,38.67,25.67,53.61,1.93,80,0.0,0.5700000000000139,0,0.9552106508146317,-0.2959267013472892,0.0
2021-04-20,0.01,30.81,38.31,25.19,55.28,2.17,80,0.0,0.260000000000014,0,0.949989922994501,-0.31228055688579476,0.0
2021-04-21,0.57,29.69,35.69,25.49,58.0,1.91,80,0.0,0.590000000000014,0,0.9444892287836613,-0.32854238191083474,0.0
2021-04-22,0.09,30.91,39.88,24.43,56.25,2.21,80,0.0,0.6800000000000139,0,0.9387101892619443,-0.3447073839879337,0.0
2021-04-23,0.01,30.81,38.81,24.95,50.32,2.21,80,0.0,0.6800000000000139,0,0.9326545075388225,-0.3607707992167831,0.0
2021-04-24,0.03,30.95,38.91,25.35,47.07,2.1,80,0.0,0.710000000000014,0,0.926323968251495,-0.376727893635185,0.0
2021-04-25,0.26,32.01,41.04,24.38,48.9,2.22,80,0.0,0.960000000000014,0,0.9197204370389467,-0.39257396461417177,0.0
2021-04-26,0.65,31.41,37.65,26.34,59.41,1.88,80,0.0,1.040000000000014,0,0.9128458599921355,-0.40830434224389345,0.0
2021-04-27,0.47,31.83,39.42,26.36,51.28,1.75,80,0.0,1.4200000000000141,0,0.9057022630804715,-0.42391439070986064,0.0
2021-04-28,0.47,31.64,38.87,26.14,47.91,1.86,80,0.0,1.880000000000014,0,0.898291751554753,-0.43939950965914143,0.0
2021-04-29,0.39,31.47,39.56,25.91,54.07,2.2,80,0.0,2.240000000000014,0,0.8906165093267405,-0.4547551355561055,0.0
2021-04-30,0.42,32.26,39.24,26.57,48.16,2.06,80,0.0,2.400000000000014,0,0.8826787983255476,-0.4699767430273197,0.0
2021-05-01,0.57,32.85,39.26,27.53,45.33,2.01,80,0.0,2.320000000000014,0,0.8744809578310397,-0.4850598461951961,0.0
2021-05-02,1.48,32.43,38.57,27.28,47.71,1.68,80,0.0,3.330000000000014,0,0.8660254037844387,-0.4999999999999998,0.0
2021-05-03,1.39,32.52,39.76,26.51,49.4,1.91,80,0.0,4.250000000000014,0,0.8573146280763323,-0.5147928015098308,0.0
2021-05-04,0.69,32.7,39.97,27.12,47.92,2.22,80,0.0,4.550000000000014,0,0.848351197812304,-0.5294338912181852,0.0
2021-05-05,1.2,32.69,39.73,27.42,48.73,2.19,80,0.0,5.330000000000014,0,0.8391377545563939,-0.5439189543287246,0.0
2021-05-06,0.75,32.3,39.35,26.75,53.84,1.96,80,0.0,5.510000000000014,0,0.8296770135526188,-0.5582437220268649,0.0
2021-05-07,0.8,32.49,39.43,27.1,51.87,1.93,80,0.0,4.830000000000014,0,0.8199717629247771,-0.5724039727378148,0.0
2021-05-08,0.09,32.84,40.42,27.54,49.81,2.03,80,0.0,3.530000000000014,0,0.8100248628547753,-0.5863955333706956,0.0
2021-05-09,0.38,32.61,39.38,27.86,53.27,2.08,80,0.0,3.220000000000014,0,0.7998392447397195,-0.6002142805483681,0.0
2021-05-10,0.04,32.34,39.16,27.05,52.71,2.43,80,0.0,2.060000000000014,0,0.7894179103280199,-0.6138561418226116,0.0
2021-05-11,0.01,32.04,39.05,26.73,51.96,2.49,80,0.0,1.320000000000014,0,0.7787639308347607,-0.6273170968742938,0.0
2021-05-12,0.0,31.36,38.68,25.92,56.32,2.68,80,0.0,0.520000000000014,0,0.7678804460366001,-0.6405931786981751,0.0
2021-05-13,0.12,30.99,36.54,27.05,53.38,2.12,80,0.0,0.550000000000014,0,0.7567706633464627,-0.6536804747720057,0.0
2021-05-14,0.13,32.43,40.19,26.74,50.16,2.39,80,0.0,0.300000000000014,0,0.7454378568683001,-0.6665751282095632,0.0
2021-05-15,3.09,34.65,39.74,28.97,46.23,2.87,80,0.0,3.350000000000014,0,0.7338853664321991,-0.6792733388972931,0.0
2021-05-16,11.81,32.75,38.82,29.1,54.63,6.71,80,0.0,15.150000000000015,0,0.722116596610116,-0.6917713646142222,1.0
2021-05-17,192.72,28.09,29.47,27.03,82.99,10.87,80,133.078188239159,207.87,1,0.7101350157125357,-0.7040655221348058,1.0
2021-05-18,77.57,28.38,30.38,27.12,86.49,6.83,92,56.187826422395574,285.32,1,0.6979441547663435,-0.7161521883143933,0.0
2021-05-19,12.87,28.52,30.94,26.57,83.65,3.4,92,2.339476454665707,298.06,0,0.6855476064742155,-0.7280278011569847,0.0
2021-05-20,0.35,28.88,32.66,25.94,77.0,1.58,92,0.0,295.32000000000005,0,0.672949024155833,-0.7396888608649667,0.0
2021-05-21,0.26,29.12,33.25,26.4,76.76,1.59,92,0.0,283.77000000000004,0,0.660152120671232,-0.7511319308705197,0.0
2021-05-22,0.48,28.74,32.64,26.03,79.58,1.88,92,0.0,91.52999999999999,0,0.647160667326606,-0.7623536388483902,0.0
2021-05-23,0.34,28.31,32.55,25.28,79.42,2.08,92,0.0,14.299999999999999,0,0.6339784927628868,-0.7733506777097298,0.0
2021-05-24,0.24,28.87,33.36,25.28,78.5,2.37,80,0.0,1.67,0,0.620609481827423,-0.7841198065767103,0.0
2021-05-25,0.18,29.01,33.79,25.55,79.47,2.78,80,0.0,1.5,0,0.6070575744291006,-0.7946578517376249,0.0
2021-05-26,0.24,28.75,32.72,25.95,78.96,3.06,80,0.0,1.48,0,0.593326764377232,-0.8049617075821959,0.0
2021-05-27,0.21,29.23,33.41,25.99,75.87,3.04,80,0.0,1.21,0,0.5794210982045638,-0.8150283375168113,0.0
2021-05-28,0.23,29.44,33.57,26.3,78.37,2.81,80,0.0,1.0999999999999999,0,0.5653446739747428,-0.8248547748594245,0.0
2021-05-29,3.98,29.4,33.02,26.97,80.43,2.0,80,0.0,4.84,0,0.5511016400746,-0.8344381237138473,0.0
2021-05-30,5.6,28.93,32.42,26.54,83.18,1.65,80,0.0,10.26,0,0.5366961939916005,-0.8437755598231856,0.0
2021-05-31,10.8,28.69,31.59,26.53,83.1,1.61,80,0.0,20.82,0,0.522132581076825,-0.8528643314021596,0.0
2021-06-01,18.38,28.6,31.48,26.25,83.43,1.77,80,0.4663544376987565,38.989999999999995,0,0.5074150932938458,-0.861701759948068,0.0
2021-06-02,14.08,28.78,32.28,26.15,80.86,1.35,86,0.7158496243912655,52.84,0,0.4925480679538644,-0.8702852410301553,0.0
2021-06-03,4.88,29.15,33.6,26.19,77.64,1.33,86,0.0,53.739999999999995,0,0.47753588643748834,-0.8786122450571482,0.0
2021-06-04,3.62,29.08,32.66,26.59,77.88,0.99,92,0.0,51.760000000000005,0,0.4623829729035151,-0.8866803180227399,0.0
2021-06-05,13.56,27.91,30.08,26.12,83.37,1.47,86,0.6000668679446237,54.519999999999996,0,0.44709379298511426,-0.8944870822287954,0.0
2021-06-06,10.04,28.29,32.07,25.1,80.94,2.05,92,1.1408958710251351,46.18000000000001,0,0.43167285247378384,-0.9020302369860707,0.0
2021-06-07,6.18,28.48,32.15,25.87,80.52,2.64,86,0.0,38.28,0,0.4161246959914746,-0.9093075592922357,0.0
2021-06-08,31.0,28.27,31.36,25.64,84.22,2.64,86,8.062905314047182,64.4,0,0.4004539056512664,-0.9163169044870048,1.0
2021-06-09,54.2,28.19,30.35,26.75,85.73,3.7,92,34.483416186643524,114.98,1,0.3846650997070012,-0.923056206884176,1.0
2021-06-10,55.91,27.56,28.85,26.64,89.85,4.01,92,36.0356675450543,157.32999999999998,1,0.3687629311922603,-0.9295234803804002,1.0
2021-06-11,37.06,28.05,30.24,26.57,87.86,3.79,92,19.469182666170216,184.35000000000002,1,0.352752086549095,-0.9357168190404935,1.0
2021-06-12,32.49,28.24,29.79,26.98,90.49,3.61,92,15.71128767890449,210.66,1,0.3366372842469106,-0.9416343976591258,0.0
2021-06-13,19.53,28.07,29.75,26.84,90.32,3.4,92,6.139613198520016,199.19,0,0.3204232733919116,-0.9472744722987168,0.0
2021-06-14,5.61,28.55,30.9,26.87,87.04,3.42,92,0.061097167737592564,150.60000000000002,0,0.30411483232751846,-0.9526353808033824,1.0
2021-06-15,29.75,28.13,30.06,26.81,88.22,4.23,92,13.533254899850313,124.44,1,0.2877167672261668,-0.9577155432887804,1.0
2021-06-16,43.4,27.79,29.23,26.65,90.12,3.98,92,24.88381529013366,130.78,1,0.27123391067291,-0.9625134626077081,1.0
2021-06-17,61.14,27.81,29.85,26.33,88.08,4.63,92,40.82568313078402,159.43,1,0.2546711202412288,-0.9670277247913204,1.0
2021-06-18,54.49,27.82,29.98,26.34,87.82,5.02,92,34.74613703719519,194.39,1,0.2380332770614858,-0.9712569994658313,1.0
2021-06-19,44.56,27.48,29.3,26.13,88.26,4.34,92,25.894910678917995,233.34,1,0.22132528438243243,-0.9752000402445825,0.0
2021-06-20,19.16,27.5,29.56,25.73,87.53,3.78,92,5.901359678568423,222.75,0,0.2045520661262008,-0.9788556850953578,0.0
2021-06-21,5.09,27.28,29.77,25.45,88.0,2.97,92,0.019877464843714342,184.44,0,0.18771856543719884,-0.9822228566828406,0.0
2021-06-22,4.08,27.48,29.97,25.28,86.22,2.78,92,0.0,127.38000000000001,0,0.17082974322534442,-0.985300562686109,0.0
2021-06-23,5.47,27.28,29.68,25.24,86.95,2.77,92,0.04788270893395305,78.36000000000001,0,0.15389057670406214,-0.9880878960910771,0.0
2021-06-24,10.57,27.29,29.5,25.48,87.78,2.82,92,1.3404807570656947,44.370000000000005,0,0.13690605792347574,-0.9905840354577969,0.0
2021-06-25,21.47,27.02,29.18,25.34,88.61,3.02,86,3.194300843842577,46.68,0,0.11988119229922782,-0.9927882451625399,0.0
2021-06-26,7.69,27.18,29.88,25.18,86.91,2.97,86,0.0,49.28,0,0.10282099713736025,-0.9946998756145891,0.0
2021-06-27,6.28,26.79,29.21,24.98,86.35,2.09,86,0.0,51.48,0,0.0857305001556943,-0.9963183634476755,0.0
2021-06-28,26.0,26.25,27.99,24.75,91.42,2.48,86,5.321023973518184,72.00999999999999,0,0.0686147380021341,-0.9976432316860063,0.0
2021-06-29,6.74,27.3,29.94,25.29,89.09,2.21,92,0.22099988693266934,68.17999999999999,0,0.05147875477034673,-0.9986740898848305,0.0
2021-06-30,3.91,27.11,29.24,25.36,89.75,2.26,92,0.0,50.62,0,0.03432760051324382,-0.9994106342455052,0.0
2021-07-01,2.31,27.43,29.54,25.88,87.89,2.86,86,0.0,45.24,0,0.01716632975470737,-0.9998526477050269,0.0
2021-07-02,0.85,27.59,30.4,25.34,85.97,3.24,86,0.0,39.81,0,1.2246467991473532e-16,-1.0,0.0
2021-07-03,1.03,27.58,30.29,25.34,86.79,2.55,86,0.0,14.84,0,-0.017166329754707124,-0.9998526477050269,0.0
2021-07-04,0.99,27.53,30.39,24.91,85.69,1.79,80,0.0,9.09,0,-0.03432760051324313,-0.9994106342455054,0.0
2021-07-05,3.95,27.41,29.56,25.4,85.4,1.4,80,0.0,9.129999999999999,0,-0.051478754770346045,-0.9986740898848305,0.0
2021-07-06,2.78,27.52,30.63,25.18,84.77,1.47,80,0.0,9.6,0,-0.06861473800213432,-0.9976432316860063,0.0
2021-07-07,4.93,27.66,30.13,25.59,85.77,1.76,80,0.0,13.68,0,-0.0857305001556945,-0.9963183634476755,0.0
2021-07-08,20.77,27.64,29.72,26.11,87.7,2.02,80,0.9099469051278465,33.42,0,-0.10282099713736044,-0.9946998756145891,0.0
2021-07-09,24.21,27.24,29.23,25.66,87.92,1.47,80,1.7661658445540593,56.64,0,-0.11988119229922714,-0.99278824516254,0.0
2021-07-10,9.61,26.93,29.77,24.95,85.02,1.68,92,0.9884023022835045,62.3,0,-0.13690605792347504,-0.990584035457797,0.0
2021-07-11,15.08,26.74,28.69,24.97,91.29,3.55,92,3.471533849134061,74.6,0,-0.15389057670406148,-0.9880878960910772,1.0
2021-07-12,93.46,26.58,27.8,25.76,93.27,5.08,92,71.3454259252896,163.13,1,-0.17082974322534417,-0.985300562686109,1.0
2021-07-13,41.63,26.83,28.44,25.38,89.9,3.76,92,23.352249563030558,183.99,1,-0.1877185654371986,-0.9822228566828407,1.0
2021-07-14,27.06,26.64,28.03,25.59,92.04,3.52,92,11.461943035947177,186.84,1,-0.20455206612620058,-0.9788556850953579,1.0
2021-07-15,89.19,26.84,28.05,25.93,94.0,4.21,92,67.25083683848437,266.41999999999996,1,-0.22132528438243218,-0.9752000402445826,1.0
2021-07-16,26.92,26.99,28.82,25.39,90.86,3.59,92,11.356186041305964,278.26,1,-0.23803327706148514,-0.9712569994658315,1.0
2021-07-17,64.44,26.86,28.5,25.42,92.18,3.15,92,43.876904537162304,249.23999999999998,1,-0.254671120241229,-0.9670277247913203,1.0
2021-07-18,69.83,26.9,28.02,26.09,92.76,4.4,92,48.90092157303724,277.44,1,-0.2712339106729102,-0.9625134626077081,1.0
2021-07-19,105.98,26.65,28.23,25.58,92.5,4.93,92,83.4209442381069,356.36,1,-0.287716767226167,-0.9577155432887803,1.0
2021-07-20,60.3,26.52,28.17,25.35,92.2,4.36,92,40.052371023544154,327.46999999999997,1,-0.3041148323275178,-0.9526353808033826,1.0
2021-07-21,119.2,26.32,27.74,25.47,92.08,5.42,92,96.2598751450196,419.75,1,-0.32042327339191096,-0.947274472298717,1.0
2021-07-22,44.19,26.47,27.85,25.51,90.55,5.16,92,25.571799557568507,399.5,1,-0.3366372842469099,-0.941634397659126,1.0
2021-07-23,55.22,26.33,27.62,25.47,92.32,4.25,92,35.40842976063953,384.89,1,-0.35275208654909473,-0.9357168190404936,1.0
2021-07-24,31.3,27.16,29.45,25.39,90.69,3.57,92,14.75762847955406,310.21,1,-0.36876293119226006,-0.9295234803804003,1.0
2021-07-25,26.27,26.85,28.48,25.66,92.11,4.17,92,10.868029859710212,276.18,1,-0.38466509970700097,-0.9230562068841761,0.0
2021-07-26,18.53,26.76,28.66,25.43,90.04,5.22,92,5.5018816662724035,175.51,0,-0.40045390565126615,-0.9163169044870049,0.0
2021-07-27,16.2,26.45,28.49,24.91,88.75,5.06,92,4.0989562984874715,147.52,0,-0.4161246959914748,-0.9093075592922356,0.0
2021-07-28,18.34,26.37,28.42,24.93,88.95,5.22,92,5.382987318009394,110.63999999999999,0,-0.431672852473784,-0.9020302369860707,0.0
2021-07-29,20.2,25.88,27.34,24.71,90.99,4.85,92,6.577596965007738,99.53999999999999,0,-0.44709379298511404,-0.8944870822287955,1.0
2021-07-30,30.93,25.68,26.77,24.72,91.43,4.72,92,14.463471364497574,104.19999999999997,1,-0.4623829729035149,-0.88668031802274,0.0
2021-07-31,6.43,26.16,27.71,24.91,89.28,4.71,92,0.1680774621980176,92.1,0,-0.4775358864374881,-0.8786122450571483,0.0
2021-08-01,5.98,26.09,28.2,24.62,88.05,4.28,92,0.10324696937481931,81.88,0,-0.4925480679538642,-0.8702852410301554,0.0
2021-08-02,11.06,26.32,28.51,24.66,88.37,4.21,92,1.535848174160446,74.59999999999998,0,-0.5074150932938452,-0.8617017599480683,0.0
2021-08-03,15.55,26.5,28.79,24.83,89.65,4.28,92,3.730782614386152,69.94999999999999,0,-0.5221325810768248,-0.8528643314021597,0.0
2021-08-04,13.85,26.3,28.47,24.77,90.23,4.19,92,2.8228215139274973,52.86999999999999,0,-0.5366961939916004,-0.8437755598231858,0.0
2021-08-05,6.41,26.33,28.69,24.65,89.26,4.04,86,0.0,52.84999999999998,0,-0.5511016400745999,-0.8344381237138474,0.0
2021-08-06,3.8,26.48,28.97,24.63,88.97,3.3,86,0.0,50.66999999999999,0,-0.5653446739747425,-0.8248547748594246,0.0
2021-08-07,2.27,26.6,29.58,24.01,88.3,2.32,86,0.0,41.87999999999998,0,-0.5794210982045637,-0.8150283375168114,0.0
2021-08-08,4.96,26.58,29.4,24.27,88.93,2.01,86,0.0,31.289999999999985,0,-0.5933267643772321,-0.8049617075821958,0.0
2021-08-09,1.55,26.84,29.79,24.69,87.98,2.04,80,0.0,18.989999999999984,0,-0.6070575744291004,-0.794657851737625,0.0
2021-08-10,3.37,26.44,29.09,24.38,88.85,2.02,80,0.0,15.949999999999985,0,-0.6206094818274228,-0.7841198065767104,0.0
2021-08-11,5.82,26.61,29.29,24.43,88.49,2.12,80,0.0,17.969999999999985,0,-0.6339784927628865,-0.77335067770973,0.0
2021-08-12,10.95,26.5,29.46,24.39,88.06,2.53,80,0.0,26.649999999999984,0,-0.6471606673266059,-0.7623536388483905,0.0
2021-08-13,7.09,26.36,29.4,24.52,88.64,2.66,80,0.0,28.779999999999983,0,-0.6601521206712315,-0.7511319308705201,0.0
2021-08-14,16.19,26.1,28.62,24.38,88.96,2.8,80,0.18181967457829526,43.41999999999999,0,-0.6729490241558326,-0.7396888608649671,0.0
2021-08-15,17.72,26.27,29.24,24.24,88.53,2.63,86,1.7580419447003175,57.76999999999998,0,-0.6855476064742154,-0.7280278011569848,0.0
2021-08-16,10.27,26.3,28.93,24.28,88.76,1.8,92,1.2259685602803245,62.219999999999985,0,-0.6979441547663433,-0.7161521883143935,0.0
2021-08-17,11.53,25.72,28.46,24.02,90.55,1.67,92,1.7325327305673688,62.79999999999998,0,-0.7101350157125356,-0.7040655221348059,1.0
2021-08-18,28.89,25.06,26.8,23.39,92.0,1.66,92,12.863276827739822,84.59999999999998,1,-0.7221165966101161,-0.691771364614222,1.0
2021-08-19,38.03,25.31,27.67,23.58,91.78,1.58,92,20.283954801397048,106.43999999999998,1,-0.7338853664321993,-0.6792733388972929,0.0
2021-08-20,16.41,25.65,28.48,23.56,90.44,2.14,92,4.220202411902759,105.12999999999998,0,-0.7454378568683002,-0.6665751282095631,1.0
2021-08-21,36.37,25.69,28.1,23.98,90.67,2.01,92,18.892994389394037,131.23,1,-0.7567706633464625,-0.653680474772006,0.0
2021-08-22,1.6,25.14,28.04,23.53,90.99,1.64,92,0.0,121.29999999999998,0,-0.7678804460366,-0.6405931786981752,0.0
2021-08-23,0.42,25.91,29.91,22.01,85.7,1.56,92,0.0,92.82999999999998,0,-0.7787639308347605,-0.627317096874294,0.0
2021-08-24,1.09,26.44,29.24,24.05,86.82,1.36,92,0.0,55.889999999999986,0,-0.7894179103280194,-0.6138561418226122,0.0
2021-08-25,1.31,26.6,29.79,24.12,86.99,1.67,92,0.0,40.78999999999999,0,-0.7998392447397191,-0.6002142805483686,0.0
2021-08-26,3.53,26.72,29.73,24.46,87.91,1.74,86,0.0,7.949999999999986,0,-0.8100248628547748,-0.5863955333706962,0.0
2021-08-27,3.63,26.88,29.93,24.43,86.81,1.81,80,0.0,9.979999999999986,0,-0.8199717629247767,-0.5724039727378154,0.0
2021-08-28,0.93,26.64,29.55,24.47,85.95,1.45,80,0.0,10.489999999999986,0,-0.8296770135526184,-0.5582437220268655,0.0
2021-08-29,0.96,26.79,29.66,24.72,84.79,1.43,80,0.0,10.359999999999985,0,-0.8391377545563938,-0.5439189543287248,0.0
2021-08-30,15.65,25.87,28.32,24.28,89.8,2.51,80,0.13096313017306238,24.699999999999985,0,-0.8483511978123038,-0.5294338912181854,1.0
2021-08-31,81.32,25.24,26.8,23.92,93.65,3.95,80,35.639603390856784,102.48999999999998,1,-0.8573146280763322,-0.514792801509831,0.0
2021-09-01,11.59,25.89,28.0,24.34,91.89,3.12,92,1.758273409693953,110.44999999999999,0,-0.8660254037844384,-0.5000000000000004,0.0
2021-09-02,7.96,25.83,28.01,24.23,91.81,2.67,92,0.4896718404725169,117.47999999999998,0,-0.8744809578310394,-0.4850598461951967,0.0
2021-09-03,18.03,26.31,29.09,24.21,89.79,2.76,92,5.190626674934222,134.54999999999998,0,-0.8826787983255475,-0.4699767430273199,0.0
2021-09-04,15.54,26.32,28.72,24.31,90.24,2.22,92,3.72520457244081,134.43999999999997,0,-0.8906165093267404,-0.45475513555610575,0.0
2021-09-05,13.12,26.32,28.49,24.69,90.33,2.06,92,2.4597748482288457,66.23999999999998,0,-0.8982917515547529,-0.4393995096591416,0.0
2021-09-06,13.94,26.19,28.54,24.51,92.02,2.63,92,2.8687543073391923,68.58999999999997,0,-0.9057022630804714,-0.42391439070986087,1.0
2021-09-07,50.27,26.24,27.65,25.11,94.91,3.08,92,30.94605797769229,110.89999999999999,1,-0.9128458599921354,-0.40830434224389367,1.0
2021-09-08,37.54,26.15,27.13,25.41,94.63,3.81,92,19.871687134020366,130.41,1,-0.9197204370389468,-0.3925739646141714,0.0
2021-09-09,15.9,26.41,28.55,24.89,91.28,4.23,92,3.92767382012918,130.76999999999998,0,-0.9263239682514951,-0.3767278936351848,0.0
2021-09-10,17.93,26.61,28.65,25.22,90.56,4.3,92,5.129011903567141,135.57999999999998,0,-0.9326545075388225,-0.3607707992167831,1.0
2021-09-11,31.19,26.73,28.68,25.39,91.63,4.32,92,14.670056378548757,152.82999999999998,1,-0.9387101892619443,-0.3447073839879337,1.0
2021-09-12,46.82,26.7,28.23,25.66,93.04,3.46,92,27.88018833955055,149.38,1,-0.9444892287836613,-0.32854238191083474,1.0
2021-09-13,37.0,26.44,27.79,25.58,93.46,3.53,92,19.418965290696473,148.83999999999997,1,-0.9499899229945009,-0.3122805568857948,0.0
2021-09-14,14.56,26.37,28.06,25.13,91.42,3.6,92,3.1918677915520988,147.49999999999997,0,-0.9552106508146316,-0.29592670134728966,0.0
2021-09-15,3.75,26.07,28.23,24.64,90.29,3.18,92,0.0,133.31999999999996,0,-0.9601498736716017,-0.2794856348516098,0.0
2021-09-16,1.98,26.15,28.74,24.5,90.44,3.0,92,0.0,104.10999999999999,0,-0.9648061359537644,-0.2629622026565152,0.0
2021-09-17,0.66,25.85,28.15,24.13,90.19,2.17,92,0.0,57.94999999999999,0,-0.9691780654392534,-0.24636127429331536,0.0
2021-09-18,2.66,25.93,28.54,23.94,90.85,2.32,92,0.0,23.609999999999985,0,-0.9732643737003823,-0.2296877421317963,0.0
2021-09-19,15.01,26.47,29.37,24.18,90.84,2.4,80,0.08108342197234453,24.059999999999988,0,-0.9770638564833508,-0.21294651993841573,0.0
2021-09-20,16.88,26.44,28.94,24.66,91.22,2.09,80,0.25816193853427866,37.18999999999998,0,-0.9805753940631429,-0.19614254142819712,1.0
2021-09-21,34.56,26.29,28.59,24.79,91.58,2.5,86,10.218596002835023,69.76999999999998,1,-0.9837979515735163,-0.1792807588107359,1.0
2021-09-22,37.11,26.13,28.3,24.54,91.92,2.38,92,19.511046849048554,106.22,1,-0.9867305793119814,-0.16236614133076413,0.0
2021-09-23,6.56,26.41,29.12,24.36,89.67,1.93,92,0.18946984733300884,110.11999999999998,0,-0.9893724130196829,-0.14540367380369032,0.0
2021-09-24,0.99,26.25,29.16,23.93,87.68,1.45,92,0.0,96.1,0,-0.9917226741361014,-0.12839835514655154,0.0
2021-09-25,1.75,26.46,29.45,24.02,86.81,1.37,92,0.0,80.97,0,-0.9937806700284985,-0.11135519690480865,0.0
2021-09-26,1.63,26.26,29.04,24.27,88.03,1.39,92,0.0,48.039999999999985,0,-0.9955457941960382,-0.09427922177542443,0.0
2021-09-27,19.86,25.83,28.13,24.01,89.88,1.51,86,2.5375113567706564,30.789999999999985,0,-0.9970175264485267,-0.07717546212664643,1.0
2021-09-28,72.57,24.93,26.13,24.04,94.04,3.58,80,29.054201994001772,96.79999999999998,1,-0.998195433059714,-0.06004895851494849,0.0
2021-09-29,17.41,25.72,27.89,24.27,92.24,3.49,92,4.812142900637977,113.21999999999998,0,-0.9990791668951153,-0.04290475819955383,0.0
2021-09-30,7.01,26.8,29.77,24.82,90.81,2.68,92,0.27235568331789933,118.47999999999999,0,-0.9996684675143132,-0.025747913654988113,0.0
2021-10-01,2.23,26.67,30.22,23.93,88.65,1.39,92,0.0,119.07999999999998,0,-0.9999631612477099,-0.008583481082086734,0.0
2021-10-02,1.5,27.34,31.15,24.95,88.66,1.46,92,0.0,100.71999999999998,0,-0.9999631612477099,0.008583481082087254,0.0
2021-10-03,1.48,27.53,31.62,24.59,87.51,1.55,92,0.0,29.629999999999985,0,-0.999668467514313,0.025747913654988634,0.0
2021-10-04,2.69,27.51,31.4,24.67,89.44,1.9,80,0.0,14.909999999999986,0,-0.9990791668951153,0.04290475819955435,0.0
2021-10-05,3.83,27.65,31.36,24.87,89.66,1.82,80,0.0,11.729999999999986,0,-0.998195433059714,0.06004895851494813,0.0
2021-10-06,21.94,28.22,31.18,25.69,84.61,0.96,80,1.1737365960956831,31.439999999999987,0,-0.9970175264485267,0.07717546212664607,0.0
2021-10-07,1.1,28.5,32.02,25.3,85.64,1.22,80,0.0,31.03999999999999,0,-0.9955457941960382,0.09427922177542405,0.0
2021-10-08,10.44,27.01,28.38,25.97,92.55,1.47,80,0.0,39.999999999999986,0,-0.9937806700284985,0.11135519690480827,0.0
2021-10-09,10.26,26.85,29.42,25.13,90.71,1.41,86,0.09139618493736901,47.569999999999986,0,-0.9917226741361016,0.1283983551465503,0.0
2021-10-10,2.3,27.16,30.67,24.59,85.29,0.86,86,0.0,46.03999999999999,0,-0.9893724130196829,0.14540367380368996,0.0
2021-10-11,4.2,27.32,30.91,24.58,85.62,0.95,86,0.0,28.299999999999983,0,-0.9867305793119814,0.16236614133076377,0.0
2021-10-12,8.91,27.95,32.06,24.25,83.29,1.02,80,0.0,36.109999999999985,0,-0.9837979515735163,0.17928075881073555,0.0
2021-10-13,0.99,28.03,32.22,24.32,80.65,1.27,86,0.0,26.659999999999986,0,-0.980575394063143,0.19614254142819676,0.0
2021-10-14,0.18,28.12,32.63,23.26,75.65,1.27,80,0.0,16.579999999999984,0,-0.9770638564833509,0.21294651993841537,0.0
2021-10-15,0.01,27.66,32.5,23.9,78.49,1.81,80,0.0,14.289999999999987,0,-0.9732643737003827,0.22968774213179508,0.0
2021-10-16,0.0,26.1,30.92,21.82,75.9,1.7,80,0.0,10.089999999999986,0,-0.9691780654392538,0.24636127429331414,0.0
2021-10-17,0.14,27.1,31.63,23.77,80.61,1.25,80,0.0,1.3199999999999859,0,-0.9648061359537647,0.262962202656514,0.0
2021-10-18,0.02,26.5,30.08,24.02,79.02,1.73,80,0.0,0.3499999999999858,0,-0.9601498736716018,0.2794856348516095,0.0
2021-10-19,0.19,25.74,29.35,22.71,78.25,1.28,80,0.0,0.3599999999999858,0,-0.9552106508146317,0.2959267013472893,0.0
2021-10-20,0.07,24.75,29.71,20.66,80.78,1.44,80,0.0,0.41999999999998583,0,-0.9499899229945011,0.3122805568857945,0.0
2021-10-21,0.0,25.28,31.67,19.99,74.52,1.43,80,0.0,0.41999999999998583,0,-0.9444892287836614,0.3285423819108344,0.0
2021-10-22,0.0,25.06,30.82,20.32,73.98,1.33,80,0.0,0.2799999999999858,0,-0.938710189261944,0.3447073839879342,0.0
2021-10-23,0.0,24.3,29.72,19.8,78.43,1.42,80,0.0,0.2599999999999858,0,-0.9326545075388223,0.3607707992167836,0.0
2021-10-24,0.11,23.69,28.38,19.72,85.98,1.64,80,0.0,0.17999999999998578,0,-0.9263239682514949,0.3767278936351853,0.0
2021-10-25,0.01,24.32,30.22,19.53,82.03,1.67,80,0.0,0.11999999999998578,0,-0.9197204370389466,0.3925739646141719,0.0
2021-10-26,0.05,24.81,30.32,19.72,75.96,1.47,80,0.0,0.1699999999999858,0,-0.9128458599921356,0.40830434224389334,0.0
2021-10-27,0.0,24.81,31.02,19.36,72.12,1.94,80,0.0,0.1699999999999858,0,-0.9057022630804715,0.42391439070986053,0.0
2021-10-28,0.07,24.61,30.51,19.76,75.87,2.35,80,0.0,0.2399999999999858,0,-0.898291751554753,0.4393995096591413,0.0
2021-10-29,0.0,24.49,30.66,19.6,74.47,2.62,80,0.0,0.1299999999999858,0,-0.8906165093267405,0.4547551355561054,0.0
2021-10-30,0.05,24.23,30.84,18.18,73.91,2.64,80,0.0,0.16999999999998583,0,-0.8826787983255476,0.46997674302731957,0.0
2021-10-31,0.0,25.19,31.08,19.81,75.29,2.12,80,0.0,0.1199999999999858,0,-0.8744809578310401,0.4850598461951956,0.0
2021-11-01,0.0,25.25,31.38,19.99,76.44,1.91,80,0.0,0.11999999999998581,0,-0.8660254037844386,0.5000000000000001,0.0
2021-11-02,0.0,25.79,31.68,20.2,73.19,1.82,80,0.0,0.049999999999985806,0,-0.8573146280763323,0.5147928015098308,0.0
2021-11-03,0.0,25.35,31.27,20.76,76.57,2.11,80,0.0,0.049999999999985806,0,-0.848351197812304,0.5294338912181851,0.0
2021-11-04,0.12,26.53,31.68,22.03,78.66,1.34,80,0.0,0.1199999999999858,0,-0.8391377545563939,0.5439189543287245,0.0
2021-11-05,3.21,26.98,30.75,23.22,79.93,1.57,80,0.0,3.329999999999986,0,-0.8296770135526191,0.5582437220268645,0.0
2021-11-06,5.42,26.09,29.41,23.46,83.01,1.12,80,0.0,8.749999999999986,0,-0.8199717629247775,0.5724039727378144,0.0
2021-11-07,1.34,25.35,28.51,23.02,83.65,1.22,80,0.0,10.089999999999986,0,-0.8100248628547756,0.5863955333706952,0.0
2021-11-08,0.01,24.8,30.14,20.43,74.16,2.12,80,0.0,10.099999999999985,0,-0.7998392447397199,0.6002142805483676,0.0
2021-11-09,0.0,22.97,30.25,17.47,71.0,2.62,80,0.0,9.979999999999986,0,-0.7894179103280197,0.613856141822612,0.0
2021-11-10,0.0,22.97,30.35,17.29,66.96,2.39,80,0.0,6.769999999999985,0,-0.7787639308347607,0.6273170968742937,0.0
2021-11-11,0.0,22.49,29.82,16.6,70.15,2.56,80,0.0,1.3499999999999859,0,-0.7678804460366002,0.640593178698175,0.0
2021-11-12,0.0,23.06,31.0,16.73,68.81,2.43,80,0.0,0.00999999999998579,0,-0.7567706633464628,0.6536804747720056,0.0
2021-11-13,0.0,25.46,31.73,20.54,79.35,2.06,80,0.0,0.0,0,-0.7454378568682999,0.6665751282095634,0.0
2021-11-14,0.03,26.3,31.92,22.24,81.33,2.03,80,0.0,0.029999999999985788,0,-0.7338853664321989,0.6792733388972934,0.0
2021-11-15,0.12,26.48,30.86,23.34,85.35,1.31,80,0.0,0.14999999999998578,0,-0.7221165966101161,0.6917713646142221,0.0
2021-11-16,2.06,27.1,30.86,23.94,83.12,1.84,80,0.0,2.2099999999999858,0,-0.7101350157125358,0.7040655221348057,0.0
2021-11-17,3.44,26.94,30.32,24.19,84.4,1.81,80,0.0,5.649999999999986,0,-0.6979441547663436,0.7161521883143933,0.0
2021-11-18,7.44,26.66,30.61,23.97,85.24,1.71,80,0.0,13.089999999999986,0,-0.6855476064742156,0.7280278011569846,0.0
2021-11-19,1.71,26.74,30.98,23.42,83.43,1.2,80,0.0,14.769999999999985,0,-0.6729490241558331,0.7396888608649665,0.0
2021-11-20,1.05,27.22,32.08,23.45,82.79,1.42,80,0.0,15.699999999999985,0,-0.6601521206712321,0.7511319308705195,0.0
2021-11-21,11.21,27.46,32.12,23.93,83.62,1.77,80,0.0,24.849999999999987,0,-0.6471606673266065,0.7623536388483899,0.0
2021-11-22,10.17,26.07,29.13,23.91,89.31,1.88,80,0.0,31.579999999999984,0,-0.6339784927628872,0.7733506777097294,0.0
2021-11-23,0.03,26.91,30.68,24.31,86.58,1.17,80,0.0,24.169999999999987,0,-0.6206094818274227,0.7841198065767104,0.0
2021-11-24,0.01,27.04,31.65,23.74,82.78,1.84,80,0.0,22.469999999999988,0,-0.607057574429101,0.7946578517376245,0.0
2021-11-25,0.0,26.11,31.58,21.87,77.75,1.3,80,0.0,21.419999999999987,0,-0.5933267643772321,0.8049617075821959,0.0
2021-11-26,0.0,25.32,31.0,20.56,76.17,1.76,80,0.0,10.209999999999985,0,-0.5794210982045647,0.8150283375168107,0.0
2021-11-27,0.0,24.75,30.94,19.39,71.67,1.6,80,0.0,0.03999999999998579,0,-0.5653446739747432,0.8248547748594242,0.0
2021-11-28,0.0,22.18,28.0,18.22,75.8,2.77,80,0.0,0.00999999999998579,0,-0.5511016400745998,0.8344381237138475,0.0
2021-11-29,0.0,22.98,30.25,16.5,72.38,2.91,80,0.0,0.0,0,-0.5366961939916011,0.8437755598231853,0.0
2021-11-30,2.44,23.36,26.79,20.97,83.38,2.77,80,0.0,2.4399999999999857,0,-0.5221325810768248,0.8528643314021598,1.0
2021-12-01,63.01,21.92,24.37,20.22,90.21,2.55,80,22.239663474211397,65.44999999999999,1,-0.5074150932938463,0.8617017599480677,0.0
2021-12-02,7.07,22.43,27.64,18.79,82.78,3.06,92,0.28441619043907707,72.51999999999998,0,-0.4925480679538645,0.8702852410301551,0.0
2021-12-03,0.14,23.72,29.09,19.36,84.12,1.35,92,0.0,72.65999999999998,0,-0.47753588643748845,0.8786122450571482,0.0
2021-12-04,0.05,24.37,29.28,20.36,80.28,1.38,92,0.0,72.70999999999998,0,-0.4623829729035152,0.8866803180227398,0.0
2021-12-05,0.03,23.22,27.97,19.41,80.49,1.13,92,0.0,70.29999999999998,0,-0.44709379298511437,0.8944870822287954,0.0
2021-12-06,0.02,23.08,29.11,17.89,80.91,1.54,92,0.0,7.309999999999986,0,-0.43167285247378356,0.9020302369860709,0.0
2021-12-07,0.0,23.47,30.02,18.35,75.17,2.17,80,0.0,0.2399999999999858,0,-0.4161246959914751,0.9093075592922355,0.0
2021-12-08,0.11,23.34,29.77,18.52,73.8,2.46,80,0.0,0.2099999999999858,0,-0.4004539056512665,0.9163169044870048,0.0
2021-12-09,0.0,23.67,30.16,18.38,72.09,1.76,80,0.0,0.15999999999998582,0,-0.3846650997070013,0.923056206884176,0.0
2021-12-10,0.0,23.73,29.86,18.84,75.92,2.36,80,0.0,0.1299999999999858,0,-0.3687629311922604,0.9295234803804002,0.0
2021-12-11,0.0,24.02,29.92,19.4,76.93,2.12,80,0.0,0.10999999999998579,0,-0.3527520865490943,0.9357168190404939,0.0
2021-12-12,0.01,24.34,29.9,19.49,72.77,1.92,80,0.0,0.11999999999998578,0,-0.3366372842469107,0.9416343976591258,0.0
2021-12-13,0.01,23.38,28.95,18.93,76.54,1.32,80,0.0,0.01999999999998579,0,-0.3204232733919109,0.947274472298717,0.0
2021-12-14,0.0,22.59,28.51,17.84,75.81,1.26,80,0.0,0.01999999999998579,0,-0.30411483232751857,0.9526353808033823,0.0
2021-12-15,0.2,22.7,28.48,18.06,78.08,1.51,80,0.0,0.2199999999999858,0,-0.28771676722616696,0.9577155432887803,0.0
2021-12-16,0.0,22.73,28.98,17.79,79.15,1.48,80,0.0,0.2199999999999858,0,-0.27123391067291097,0.9625134626077079,0.0
2021-12-17,0.0,22.33,28.14,18.04,78.75,1.34,80,0.0,0.20999999999998578,0,-0.25467112024122895,0.9670277247913203,0.0
2021-12-18,0.0,22.41,29.24,17.16,74.19,2.03,80,0.0,0.1999999999999858,0,-0.23803327706148678,0.9712569994658311,0.0
2021-12-19,0.0,21.9,28.27,16.39,70.03,2.4,80,0.0,0.1999999999999858,0,-0.22132528438243296,0.9752000402445824,0.0
2021-12-20,0.0,21.16,28.34,15.42,70.16,2.01,80,0.0,0.0,0,-0.2045520661262005,0.9788556850953579,0.0
2021-12-21,0.0,20.96,28.18,15.19,68.61,1.71,80,0.0,0.0,0,-0.1877185654371994,0.9822228566828405,0.0
2021-12-22,0.0,20.87,27.87,15.34,70.82,1.3,80,0.0,0.0,0,-0.17082974322534408,0.985300562686109,0.0
2021-12-23,0.0,21.08,28.59,15.61,69.55,1.37,80,0.0,0.0,0,-0.1538905767040627,0.9880878960910771,0.0
2021-12-24,0.0,20.35,26.38,15.66,74.84,1.34,80,0.0,0.0,0,-0.1369060579234754,0.9905840354577969,0.0
2021-12-25,0.0,20.39,27.18,15.09,75.66,1.29,80,0.0,0.0,0,-0.1198811922992275,0.99278824516254,0.0
2021-12-26,0.0,21.05,28.42,15.18,73.38,1.53,80,0.0,0.0,0,-0.1028209971373608,0.9946998756145891,0.0
2021-12-27,0.0,22.21,29.65,15.61,64.51,1.51,80,0.0,0.0,0,-0.08573050015569487,0.9963183634476755,0.0
2021-12-28,0.0,22.07,28.57,17.1,68.91,1.24,80,0.0,0.0,0,-0.06861473800213468,0.9976432316860063,0.0
2021-12-29,0.0,20.91,27.97,15.69,72.4,2.02,80,0.0,0.0,0,-0.05147875477034641,0.9986740898848305,0.0
2021-12-30,0.0,21.48,28.44,15.25,74.9,2.8,80,0.0,0.0,0,-0.034327600513243496,0.9994106342455052,0.0
2021-12-31,0.0,23.0,29.32,17.74,72.8,2.93,80,0.0,0.0,0,-0.017166329754707492,0.9998526477050269,0.0
2022-01-01,0.0,23.09,29.35,17.95,74.41,2.01,80,0.0,0.0,0,0.01716632975470737,0.9998526477050269,0.0
2022-01-02,0.0,23.3,29.72,18.14,74.94,1.63,80,0.0,0.0,0,0.034327600513243496,0.9994106342455052,0.0
2022-01-03,0.0,23.4,29.65,18.64,75.51,1.78,80,0.0,0.0,0,0.05147875477034653,0.9986740898848305,0.0
2022-01-04,0.0,24.25,30.29,18.7,67.61,1.52,80,0.0,0.0,0,0.06861473800213404,0.9976432316860063,0.0
2022-01-05,0.0,23.05,29.41,18.01,70.5,1.71,80,0.0,0.0,0,0.08573050015569435,0.9963183634476755,0.0
2022-01-06,0.13,22.38,28.09,18.12,80.65,1.45,80,0.0,0.1299999999999858,0,0.1028209971373604,0.9946998756145891,0.0
2022-01-07,0.02,22.15,27.91,17.3,79.52,1.69,80,0.0,0.14999999999998578,0,0.11988119229922722,0.99278824516254,0.0
2022-01-08,1.44,22.41,27.4,19.02,79.95,1.47,80,0.0,1.5899999999999856,0,0.13690605792347524,0.990584035457797,0.0
2022-01-09,0.14,20.22,25.92,15.43,76.65,2.14,80,0.0,1.7299999999999858,0,0.15389057670406178,0.9880878960910772,0.0
2022-01-10,0.0,18.08,25.25,12.58,68.16,1.9,80,0.0,1.7299999999999858,0,0.17082974322534417,0.985300562686109,0.0
2022-01-11,0.0,17.87,24.35,12.68,71.33,1.53,80,0.0,1.5999999999999859,0,0.1877185654371987,0.9822228566828407,0.0
2022-01-12,0.0,18.36,25.93,11.78,75.72,1.81,80,0.0,1.5799999999999859,0,0.2045520661262008,0.9788556850953578,0.0
2022-01-13,0.0,18.95,25.61,13.18,75.56,1.72,80,0.0,0.1399999999999858,0,0.22132528438243257,0.9752000402445825,0.0
2022-01-14,0.06,20.25,26.58,15.5,80.04,1.25,80,0.0,0.05999999999998579,0,0.2380332770614856,0.9712569994658314,0.0
2022-01-15,0.0,21.79,28.91,16.46,74.81,1.92,80,0.0,0.05999999999998579,0,0.2546711202412287,0.9670277247913204,0.0
2022-01-16,0.0,23.09,30.69,16.57,68.21,2.17,80,0.0,0.05999999999998579,0,0.27123391067291003,0.9625134626077081,0.0
2022-01-17,0.0,23.56,30.24,17.94,70.76,1.77,80,0.0,0.05999999999998579,0,0.287716767226167,0.9577155432887803,0.0
2022-01-18,0.0,23.45,31.06,18.07,67.99,1.66,80,0.0,0.05999999999998579,0,0.30411483232751785,0.9526353808033825,0.0
2022-01-19,0.0,22.88,31.3,16.52,62.79,1.88,80,0.0,0.0,0,0.3204232733919111,0.9472744722987169,0.0
2022-01-20,0.0,22.54,30.23,17.07,61.19,1.74,80,0.0,0.0,0,0.33663728424691025,0.9416343976591259,0.0
2022-01-21,0.05,22.22,28.86,16.8,75.18,1.46,80,0.0,0.04999999999998579,0,0.3527520865490948,0.9357168190404936,0.0
2022-01-22,0.31,22.75,27.72,19.2,82.71,2.1,80,0.0,0.3599999999999858,0,0.3687629311922601,0.9295234803804003,0.0
2022-01-23,0.06,19.77,23.48,14.12,70.54,2.62,80,0.0,0.4199999999999858,0,0.3846650997070012,0.9230562068841761,0.0
2022-01-24,0.0,16.59,24.64,10.42,56.47,1.98,80,0.0,0.4199999999999858,0,0.40045390565126643,0.9163169044870048,0.0
2022-01-25,0.0,17.06,26.25,9.49,51.67,1.98,80,0.0,0.4199999999999858,0,0.41612469599147445,0.9093075592922358,0.0
2022-01-26,0.0,18.84,28.19,10.98,53.89,1.7,80,0.0,0.3699999999999858,0,0.43167285247378384,0.9020302369860707,0.0
2022-01-27,0.0,20.31,29.7,12.62,53.18,2.21,80,0.0,0.05999999999998579,0,0.44709379298511387,0.8944870822287956,0.0
2022-01-28,0.0,21.28,30.47,13.65,51.74,2.69,80,0.0,0.0,0,0.4623829729035149,0.88668031802274,0.0
2022-01-29,0.0,21.92,31.19,14.36,49.9,2.26,80,0.0,0.0,0,0.47753588643748823,0.8786122450571483,0.0
2022-01-30,0.0,21.91,31.51,14.22,54.42,1.5,80,0.0,0.0,0,0.4925480679538643,0.8702852410301553,0.0
2022-01-31,0.0,21.91,32.01,14.22,50.88,1.59,80,0.0,0.0,0,0.5074150932938455,0.8617017599480682,0.0
2022-02-01,0.0,22.19,32.34,14.59,51.89,1.78,80,0.0,0.0,0,0.5221325810768248,0.8528643314021597,0.0
2022-02-02,0.0,22.61,32.2,15.47,57.04,1.53,80,0.0,0.0,0,0.5366961939916004,0.8437755598231856,0.0
2022-02-03,0.0,21.65,29.19,15.21,75.37,1.74,80,0.0,0.0,0,0.5511016400746002,0.8344381237138473,0.0
2022-02-04,0.0,21.7,28.23,17.43,67.61,1.17,80,0.0,0.0,0,0.5653446739747429,0.8248547748594244,0.0
2022-02-05,0.0,21.12,30.71,13.53,54.14,1.67,80,0.0,0.0,0,0.5794210982045637,0.8150283375168114,0.0
2022-02-06,0.0,22.04,32.98,13.6,55.18,1.96,80,0.0,0.0,0,0.593326764377232,0.8049617075821959,0.0
2022-02-07,0.0,21.52,28.47,16.58,70.0,1.73,80,0.0,0.0,0,0.6070575744291002,0.7946578517376252,0.0
2022-02-08,0.0,21.12,28.11,16.07,76.52,1.81,80,0.0,0.0,0,0.6206094818274227,0.7841198065767105,0.0
2022-02-09,0.02,21.69,29.49,15.66,73.77,1.89,80,0.0,0.01999999999998579,0,0.6339784927628866,0.7733506777097299,0.0
2022-02-10,0.0,22.84,32.3,15.16,54.01,1.99,80,0.0,0.01999999999998579,0,0.647160667326606,0.7623536388483904,0.0
2022-02-11,0.0,24.06,33.62,16.44,46.98,2.66,80,0.0,0.01999999999998579,0,0.6601521206712317,0.7511319308705199,0.0
2022-02-12,0.0,23.92,33.39,16.55,44.31,2.6,80,0.0,0.01999999999998579,0,0.6729490241558329,0.7396888608649669,0.0
2022-02-13,0.0,24.06,33.48,16.92,47.62,1.87,80,0.0,0.01999999999998579,0,0.6855476064742154,0.7280278011569848,0.0
2022-02-14,0.0,22.75,30.6,16.9,59.92,2.03,80,0.0,0.0,0,0.6979441547663435,0.7161521883143933,0.0
2022-02-15,0.0,21.81,29.69,16.06,65.51,1.71,80,0.0,0.0,0,0.7101350157125358,0.7040655221348057,0.0
2022-02-16,0.0,22.0,29.4,15.37,68.18,1.46,80,0.0,0.0,0,0.7221165966101162,0.691771364614222,0.0
2022-02-17,0.0,23.02,31.14,15.88,64.2,1.57,80,0.0,0.0,0,0.733885366432199,0.6792733388972931,0.0
2022-02-18,0.0,23.6,31.4,17.06,60.59,1.63,80,0.0,0.0,0,0.7454378568683001,0.6665751282095632,0.0
2022-02-19,0.0,24.8,34.21,17.59,60.12,1.56,80,0.0,0.0,0,0.7567706633464625,0.653680474772006,0.0
2022-02-20,0.22,25.09,34.37,18.7,53.08,1.78,80,0.0,0.2199999999999858,0,0.7678804460366,0.6405931786981751,0.0
2022-02-21,0.0,24.48,34.15,17.71,46.69,1.76,80,0.0,0.2199999999999858,0,0.7787639308347607,0.6273170968742937,0.0
2022-02-22,0.0,25.06,36.12,17.26,49.3,1.56,80,0.0,0.2199999999999858,0,0.7894179103280197,0.613856141822612,0.0
2022-02-23,0.0,25.99,36.41,18.14,50.89,1.56,80,0.0,0.2199999999999858,0,0.7998392447397193,0.6002142805483682,0.0
2022-02-24,0.0,26.18,35.09,20.44,52.07,1.41,80,0.0,0.2199999999999858,0,0.8100248628547753,0.5863955333706956,0.0
2022-02-25,0.0,26.16,35.44,19.63,50.76,1.55,80,0.0,0.0,0,0.8199717629247771,0.5724039727378148,0.0
2022-02-26,0.01,26.11,35.04,20.63,49.22,1.93,80,0.0,0.00999999999998579,0,0.8296770135526188,0.5582437220268648,0.0
2022-02-27,0.0,25.93,35.49,18.8,46.02,1.95,80,0.0,0.00999999999998579,0,0.8391377545563938,0.5439189543287247,0.0
2022-02-28,0.0,26.29,36.37,18.33,37.08,1.99,80,0.0,0.00999999999998579,0,0.8483511978123038,0.5294338912181853,0.0
2022-03-01,0.0,27.09,37.26,19.2,36.97,2.1,80,0.0,0.00999999999998579,0,0.8573146280763322,0.5147928015098309,0.0
2022-03-02,0.0,27.82,37.84,19.9,36.04,2.39,80,0.0,0.00999999999998579,0,0.8660254037844386,0.5000000000000001,0.0
2022-03-03,0.0,28.44,37.73,21.1,32.24,3.25,80,0.0,0.0,0,0.8744809578310397,0.4850598461951962,0.0
2022-03-04,0.0,28.43,37.92,21.28,31.08,3.18,80,0.0,0.0,0,0.8826787983255474,0.46997674302731995,0.0
2022-03-05,0.0,28.52,38.25,20.9,31.74,2.68,80,0.0,0.0,0,0.8906165093267404,0.4547551355561058,0.0
2022-03-06,0.0,28.51,37.86,21.22,35.15,2.21,80,0.0,0.0,0,0.8982917515547528,0.4393995096591417,0.0
2022-03-07,0.17,28.98,37.57,22.46,37.29,2.34,80,0.0,0.1699999999999858,0,0.9057022630804714,0.42391439070986076,0.0
2022-03-08,0.1,30.09,38.21,23.49,40.64,2.23,80,0.0,0.2699999999999858,0,0.9128458599921356,0.40830434224389334,0.0
2022-03-09,0.1,30.59,38.34,25.02,43.33,2.02,80,0.0,0.3699999999999858,0,0.9197204370389467,0.3925739646141717,0.0
2022-03-10,0.05,29.74,36.74,23.7,38.59,2.45,80,0.0,0.41999999999998583,0,0.926323968251495,0.3767278936351851,0.0
2022-03-11,0.21,29.76,37.68,23.57,39.37,1.77,80,0.0,0.6299999999999858,0,0.9326545075388224,0.36077079921678346,0.0
2022-03-12,0.01,30.09,38.44,23.61,40.86,2.19,80,0.0,0.46999999999998576,0,0.9387101892619443,0.3447073839879338,0.0
2022-03-13,0.0,30.02,39.74,22.13,32.93,2.57,80,0.0,0.3699999999999858,0,0.9444892287836613,0.32854238191083485,0.0
2022-03-14,0.0,30.49,40.66,22.09,24.32,2.72,80,0.0,0.2699999999999858,0,0.949989922994501,0.3122805568857947,0.0
2022-03-15,0.0,30.71,40.97,22.74,33.22,2.39,80,0.0,0.21999999999998576,0,0.9552106508146316,0.2959267013472893,0.0
2022-03-16,0.0,31.03,41.7,22.42,34.0,2.46,80,0.0,0.00999999999998579,0,0.9601498736716018,0.2794856348516095,0.0
2022-03-17,0.24,31.45,42.16,22.96,32.54,2.33,80,0.0,0.23999999999998578,0,0.9648061359537645,0.2629622026565149,0.0
2022-03-18,0.42,30.82,41.31,23.63,39.2,2.3,80,0.0,0.6599999999999857,0,0.9691780654392536,0.2463612742933148,0.0
2022-03-19,0.45,29.82,39.65,23.1,55.26,2.12,80,0.0,1.1099999999999857,0,0.9732643737003824,0.22968774213179574,0.0
2022-03-20,0.03,29.01,37.96,23.21,56.27,1.96,80,0.0,1.1399999999999857,0,0.9770638564833508,0.21294651993841582,0.0
2022-03-21,0.01,29.54,39.27,22.24,54.65,2.31,80,0.0,1.1499999999999857,0,0.9805753940631429,0.19614254142819698,0.0
2022-03-22,0.44,30.49,41.63,22.31,42.13,2.22,80,0.0,1.3499999999999859,0,0.9837979515735163,0.17928075881073577,0.0
2022-03-23,2.24,30.97,41.74,22.92,38.79,2.0,80,0.0,3.169999999999986,0,0.9867305793119814,0.162366141330764,0.0
2022-03-24,1.56,30.43,40.94,23.04,42.53,2.02,80,0.0,4.279999999999986,0,0.989372413019683,0.14540367380368976,0.0
2022-03-25,0.0,29.71,38.93,22.81,54.55,1.61,80,0.0,4.249999999999986,0,0.9917226741361015,0.12839835514655099,0.0
2022-03-26,0.01,29.66,38.21,23.82,50.98,1.72,80,0.0,4.249999999999986,0,0.9937806700284985,0.11135519690480875,0.0
2022-03-27,0.0,30.29,40.36,23.89,53.99,1.63,80,0.0,3.809999999999986,0,0.9955457941960382,0.09427922177542453,0.0
2022-03-28,0.0,30.58,40.35,24.26,55.45,1.86,80,0.0,1.5699999999999859,0,0.9970175264485267,0.07717546212664653,0.0
2022-03-29,0.08,30.89,40.87,23.69,47.88,2.23,80,0.0,0.08999999999998579,0,0.998195433059714,0.0600489585149486,0.0
2022-03-30,0.1,30.78,40.49,22.94,48.97,2.21,80,0.0,0.1899999999999858,0,0.9990791668951153,0.042904758199554374,0.0
2022-03-31,0.0,29.92,39.9,22.08,51.74,2.04,80,0.0,0.17999999999998578,0,0.999668467514313,0.025747913654988658,0.0
2022-04-01,0.0,29.76,40.13,20.8,41.07,2.15,80,0.0,0.17999999999998578,0,0.9999631612477099,0.008583481082087055,0.0
2022-04-02,0.0,30.04,40.17,22.6,47.83,1.9,80,0.0,0.17999999999998578,0,0.9999631612477099,-0.008583481082086933,0.0
2022-04-03,0.0,30.48,41.12,21.99,51.69,2.35,80,0.0,0.0999999999999858,0,0.9996684675143132,-0.025747913654988314,0.0
2022-04-04,0.03,31.41,41.17,24.86,47.13,1.93,80,0.0,0.029999999999985788,0,0.9990791668951153,-0.04290475819955447,0.0
2022-04-05,0.18,31.25,41.54,24.32,57.87,2.18,80,0.0,0.20999999999998578,0,0.998195433059714,-0.06004895851494825,0.0
2022-04-06,0.22,31.59,41.37,24.18,58.25,2.14,80,0.0,0.4299999999999858,0,0.9970175264485267,-0.07717546212664618,0.0
2022-04-07,0.21,31.99,41.72,24.92,53.12,2.51,80,0.0,0.6399999999999858,0,0.9955457941960382,-0.0942792217754244,0.0
2022-04-08,0.4,31.91,41.66,24.7,50.55,2.08,80,0.0,1.0399999999999858,0,0.9937806700284985,-0.11135519690480862,0.0
2022-04-09,0.19,31.23,39.25,25.4,59.55,2.25,80,0.0,1.1999999999999857,0,0.9917226741361015,-0.12839835514655107,0.0
2022-04-10,0.05,30.79,38.41,25.27,59.2,1.82,80,0.0,1.0699999999999859,0,0.9893724130196829,-0.14540367380368988,0.0
2022-04-11,0.04,31.63,40.22,25.22,50.07,1.85,80,0.0,0.8899999999999859,0,0.9867305793119814,-0.16236614133076366,0.0
2022-04-12,0.0,32.37,41.38,25.66,42.96,1.96,80,0.0,0.6799999999999858,0,0.9837979515735163,-0.17928075881073566,0.0
2022-04-13,0.01,31.9,39.61,25.51,42.52,1.73,80,0.0,0.28999999999998577,0,0.980575394063143,-0.19614254142819687,0.0
2022-04-14,0.02,30.87,37.75,25.53,51.02,2.01,80,0.0,0.11999999999998578,0,0.9770638564833507,-0.21294651993841593,0.0
2022-04-15,0.04,30.45,38.19,25.38,56.52,2.05,80,0.0,0.10999999999998579,0,0.9732643737003824,-0.22968774213179563,0.0
2022-04-16,0.02,30.24,38.96,23.72,55.78,1.89,80,0.0,0.0899999999999858,0,0.9691780654392537,-0.2463612742933147,0.0
2022-04-17,0.02,30.45,39.61,23.5,55.98,1.94,80,0.0,0.10999999999998578,0,0.9648061359537646,-0.26296220265651454,0.0
2022-04-18,0.02,30.9,39.88,24.46,54.88,2.05,80,0.0,0.11999999999998578,0,0.9601498736716018,-0.2794856348516094,0.0
2022-04-19,0.05,30.13,36.74,25.23,58.33,2.14,80,0.0,0.1499999999999858,0,0.9552106508146317,-0.2959267013472892,0.0
2022-04-20,0.14,30.44,37.27,25.61,57.24,2.32,80,0.0,0.24999999999998582,0,0.949989922994501,-0.31228055688579476,0.0
2022-04-21,0.07,33.63,41.77,26.31,37.13,2.83,80,0.0,0.29999999999998583,0,0.9444892287836613,-0.32854238191083474,0.0
2022-04-22,0.78,34.12,42.36,27.59,39.62,2.49,80,0.0,1.0599999999999858,0,0.9387101892619443,-0.3447073839879337,0.0
2022-04-23,0.75,33.68,41.89,27.1,51.6,1.8,80,0.0,1.7899999999999858,0,0.9326545075388225,-0.3607707992167831,0.0
2022-04-24,0.28,32.49,40.42,26.89,56.67,2.24,80,0.0,2.019999999999986,0,0.926323968251495,-0.376727893635185,0.0
2022-04-25,0.08,33.26,42.99,25.86,47.34,2.33,80,0.0,1.959999999999986,0,0.9197204370389467,-0.39257396461417177,0.0
2022-04-26,0.13,32.67,40.77,26.57,45.35,2.01,80,0.0,2.019999999999986,0,0.9128458599921355,-0.40830434224389345,0.0
2022-04-27,0.01,34.07,43.06,26.54,41.18,2.89,80,0.0,1.2499999999999858,0,0.9057022630804715,-0.42391439070986064,0.0
2022-04-28,0.02,34.34,42.99,27.7,39.55,2.7,80,0.0,0.5199999999999858,0,0.898291751554753,-0.43939950965914143,0.0
2022-04-29,0.02,32.31,39.86,26.69,56.85,2.03,80,0.0,0.2599999999999858,0,0.8906165093267405,-0.4547551355561055,0.0
2022-04-30,0.02,31.93,39.94,25.94,53.78,2.21,80,0.0,0.1999999999999858,0,0.8826787983255476,-0.4699767430273197,0.0
2022-05-01,0.02,31.19,38.95,25.73,61.94,2.28,80,0.0,0.08999999999998579,0,0.8744809578310397,-0.4850598461951961,0.0
2022-05-02,0.02,30.74,37.48,26.11,64.58,2.1,80,0.0,0.1,0,0.8660254037844387,-0.4999999999999998,0.0
2022-05-03,0.02,30.43,35.99,26.23,66.04,2.09,80,0.0,0.1,0,0.8573146280763323,-0.5147928015098308,0.0
2022-05-04,0.0,31.05,38.57,25.8,59.01,2.18,80,0.0,0.07999999999998579,0,0.848351197812304,-0.5294338912181852,0.0
2022-05-05,0.0,31.34,38.92,25.34,57.67,2.86,80,0.0,0.05999999999998579,0,0.8391377545563939,-0.5439189543287246,0.0
2022-05-06,0.03,31.5,39.25,25.33,59.43,2.77,80,0.0,0.06999999999998578,0,0.8296770135526188,-0.5582437220268649,0.0
2022-05-07,0.01,31.72,38.91,26.21,60.29,3.05,80,0.0,0.05999999999998579,0,0.8199717629247771,-0.5724039727378148,0.0
2022-05-08,0.14,31.98,40.0,26.43,60.13,2.59,80,0.0,0.17999999999998578,0,0.8100248628547753,-0.5863955333706956,0.0
2022-05-09,0.18,32.15,40.11,26.6,59.93,3.39,80,0.0,0.3599999999999858,0,0.7998392447397195,-0.6002142805483681,0.0
2022-05-10,0.14,31.48,38.79,26.87,62.65,3.73,80,0.0,0.4999999999999858,0,0.7894179103280199,-0.6138561418226116,0.0
2022-05-11,0.13,31.55,38.61,27.56,64.26,3.39,80,0.0,0.5999999999999859,0,0.7787639308347607,-0.6273170968742938,0.0
2022-05-12,0.13,31.58,37.48,28.03,64.53,3.7,80,0.0,0.7199999999999858,0,0.7678804460366001,-0.6405931786981751,0.0
2022-05-13,0.09,31.42,37.4,27.78,62.99,3.77,80,0.0,0.6699999999999858,0,0.7567706633464627,-0.6536804747720057,0.0
2022-05-14,0.08,31.39,37.69,27.78,62.45,3.82,80,0.0,0.5699999999999857,0,0.7454378568683001,-0.6665751282095632,0.0
2022-05-15,0.08,31.57,37.56,27.61,60.42,3.53,80,0.0,0.5099999999999858,0,0.7338853664321991,-0.6792733388972931,0.0
2022-05-16,0.25,31.8,38.42,27.54,61.34,3.15,80,0.0,0.6299999999999857,0,0.722116596610116,-0.6917713646142222,0.0
2022-05-17,0.37,31.46,37.89,27.68,61.59,3.13,80,0.0,0.8699999999999857,0,0.7101350157125357,-0.7040655221348058,0.0
2022-05-18,0.16,31.35,37.5,27.27,61.28,3.03,80,0.0,0.9399999999999857,0,0.6979441547663435,-0.7161521883143933,0.0
2022-05-19,0.46,31.18,38.29,27.07,59.54,2.66,80,0.0,1.3199999999999859,0,0.6855476064742155,-0.7280278011569847,0.0
2022-05-20,0.15,30.86,36.9,27.28,62.3,3.37,80,0.0,1.3899999999999857,0,0.672949024155833,-0.7396888608649667,0.0
2022-05-21,0.07,30.49,35.29,27.3,64.67,4.42,80,0.0,1.2099999999999858,0,0.660152120671232,-0.7511319308705197,0.0
2022-05-22,0.3,30.44,35.51,26.94,65.44,4.77,80,0.0,1.139999999999986,0,0.647160667326606,-0.7623536388483902,0.0
2022-05-23,2.86,30.85,35.45,27.59,66.47,4.51,80,0.0,3.8399999999999856,0,0.6339784927628868,-0.7733506777097298,0.0
2022-05-24,1.9,30.77,35.66,27.54,66.9,3.79,80,0.0,5.279999999999985,0,0.620609481827423,-0.7841198065767103,0.0
2022-05-25,0.33,30.5,35.84,26.75,63.9,2.93,80,0.0,5.459999999999985,0,0.6070575744291006,-0.7946578517376249,0.0
2022-05-26,0.05,30.53,36.05,26.34,59.8,3.11,80,0.0,5.439999999999986,0,0.593326764377232,-0.8049617075821959,0.0
2022-05-27,0.01,31.25,36.36,27.45,57.55,3.73,80,0.0,5.149999999999986,0,0.5794210982045638,-0.8150283375168113,0.0
2022-05-28,0.01,31.32,36.4,27.78,58.19,3.88,80,0.0,2.2999999999999856,0,0.5653446739747428,-0.8248547748594245,0.0
2022-05-29,0.01,30.86,35.55,27.82,60.54,3.91,80,0.0,0.4099999999999858,0,0.5511016400746,-0.8344381237138473,0.0
2022-05-30,0.01,30.93,36.22,26.99,60.97,3.6,80,0.0,0.08999999999998579,0,0.5366961939916005,-0.8437755598231856,0.0
2022-05-31,0.27,30.9,36.35,27.34,59.31,3.63,80,0.0,0.3099999999999858,0,0.522132581076825,-0.8528643314021596,0.0
2022-06-01,0.53,30.76,36.9,27.06,61.91,3.27,80,0.0,0.8299999999999859,0,0.5074150932938458,-0.861701759948068,0.0
2022-06-02,0.19,30.98,36.57,27.37,60.14,3.45,80,0.0,1.0099999999999858,0,0.4925480679538644,-0.8702852410301553,0.0
2022-06-03,0.25,30.87,36.6,27.4,62.25,3.58,80,0.0,1.2499999999999858,0,0.47753588643748834,-0.8786122450571482,0.0
2022-06-04,0.27,30.99,37.18,27.04,61.11,3.35,80,0.0,1.5099999999999858,0,0.4623829729035151,-0.8866803180227399,0.0
2022-06-05,0.12,31.0,37.18,26.92,60.92,2.94,80,0.0,1.3599999999999859,0,0.44709379298511426,-0.8944870822287954,0.0
2022-06-06,0.12,31.06,36.59,27.13,60.3,3.09,80,0.0,0.9499999999999857,0,0.43167285247378384,-0.9020302369860707,0.0
2022-06-07,1.52,30.48,35.05,27.68,64.42,3.23,80,0.0,2.279999999999986,0,0.4161246959914746,-0.9093075592922357,0.0
2022-06-08,1.23,30.34,34.67,27.36,68.62,3.24,80,0.0,3.2599999999999856,0,0.4004539056512664,-0.9163169044870048,0.0
2022-06-09,3.12,30.24,34.03,27.48,70.23,2.9,80,0.0,6.109999999999985,0,0.3846650997070012,-0.923056206884176,0.0
2022-06-10,11.24,29.33,32.6,27.11,75.9,2.56,80,0.0,17.229999999999986,0,0.3687629311922603,-0.9295234803804002,0.0
2022-06-11,25.37,27.84,30.67,26.23,83.6,3.39,80,2.1075082053301823,42.47999999999998,0,0.352752086549095,-0.9357168190404935,0.0
2022-06-12,5.52,28.33,32.0,25.81,77.7,3.6,86,0.0,46.47999999999999,0,0.3366372842469106,-0.9416343976591258,0.0
2022-06-13,1.57,29.16,33.79,25.84,74.91,3.78,86,0.0,46.81999999999998,0,0.3204232733919116,-0.9472744722987168,0.0
2022-06-14,1.62,29.41,34.55,26.3,73.74,3.8,86,0.0,45.319999999999986,0,0.30411483232751846,-0.9526353808033824,0.0
2022-06-15,4.86,29.06,32.9,26.35,77.59,3.58,86,0.0,38.93999999999998,0,0.2877167672261668,-0.9577155432887804,0.0
2022-06-16,9.21,29.08,32.34,26.61,77.28,3.3,86,0.020904627797375657,22.779999999999983,0,0.27123391067291,-0.9625134626077081,0.0
2022-06-17,7.5,28.35,30.7,26.41,81.25,2.95,80,0.0,24.759999999999984,0,0.2546711202412288,-0.9670277247913204,0.0
2022-06-18,6.8,28.68,32.84,25.48,77.67,3.68,80,0.0,29.989999999999984,0,0.2380332770614858,-0.9712569994658313,0.0
2022-06-19,29.13,28.68,32.04,26.53,81.66,4.32,80,3.3772663580633053,57.499999999999986,0,0.22132528438243243,-0.9752000402445825,0.0
2022-06-20,20.72,28.24,30.69,26.66,82.69,4.34,92,6.923106546753806,73.35999999999999,0,0.2045520661262008,-0.9788556850953578,0.0
2022-06-21,13.0,27.9,30.13,26.43,84.32,4.09,92,2.401767729687751,77.14999999999998,0,0.18771856543719884,-0.9822228566828406,0.0
2022-06-22,22.48,27.52,29.18,25.63,86.91,2.02,92,8.126061418740512,92.12999999999997,0,0.17082974322534442,-0.985300562686109,0.0
2022-06-23,17.38,27.72,31.8,24.83,80.51,1.99,92,4.794045893420174,102.70999999999998,0,0.15389057670406214,-0.9880878960910771,0.0
2022-06-24,16.31,26.87,29.47,25.29,87.58,2.14,92,4.162329349508962,89.88999999999999,0,0.13690605792347574,-0.9905840354577969,0.0
2022-06-25,5.29,26.86,29.25,25.37,88.22,3.05,92,0.03316464961414047,74.45999999999998,0,0.11988119229922782,-0.9927882451625399,0.0
2022-06-26,14.31,27.11,29.68,25.19,88.07,2.81,92,3.0601950383012793,75.76999999999998,0,0.10282099713736025,-0.9946998756145891,0.0
2022-06-27,17.53,27.15,29.38,25.47,88.01,4.2,92,4.884733823937721,70.81999999999998,0,0.0857305001556943,-0.9963183634476755,0.0
2022-06-28,14.12,27.7,30.12,25.94,85.27,3.63,92,2.961368450847611,67.55999999999999,0,0.0686147380021341,-0.9976432316860063,1.0
2022-06-29,33.66,27.8,30.63,26.0,87.56,3.84,92,16.65960270080955,84.90999999999997,1,0.05147875477034673,-0.9986740898848305,1.0
2022-06-30,52.41,27.27,29.16,26.12,88.66,4.09,92,32.86679194240196,132.02999999999997,1,0.03432760051324382,-0.9994106342455052,1.0
2022-07-01,67.86,27.13,29.06,25.85,89.84,3.68,92,47.059336591731174,185.57999999999998,1,0.01716632975470737,-0.9998526477050269,1.0
2022-07-02,27.73,27.47,29.94,25.82,86.86,4.48,92,11.970989624993287,195.77999999999997,1,1.2246467991473532e-16,-1.0,0.0
2022-07-03,20.14,27.41,29.87,25.96,86.22,4.83,92,6.53803932352262,201.79999999999998,0,-0.017166329754707124,-0.9998526477050269,1.0
2022-07-04,63.8,26.89,28.68,25.88,89.93,4.79,92,43.28357719955264,231.94,1,-0.03432760051324313,-0.9994106342455054,1.0
2022-07-05,97.61,26.48,27.96,25.41,90.69,4.5,92,75.33739652056502,277.14,1,-0.051478754770346045,-0.9986740898848305,1.0
2022-07-06,83.32,26.8,28.95,25.5,90.02,4.61,92,61.646187361811684,292.59999999999997,1,-0.06861473800213432,-0.9976432316860063,1.0
2022-07-07,54.55,26.53,28.24,25.44,90.45,4.66,92,34.80052042775458,319.42,1,-0.0857305001556945,-0.9963183634476755,1.0
2022-07-08,71.1,26.34,27.53,25.41,91.81,4.81,92,50.09115783735208,370.37999999999994,1,-0.10282099713736044,-0.9946998756145891,1.0
2022-07-09,44.3,26.34,27.57,25.46,91.43,4.82,92,25.667801134162453,350.87999999999994,1,-0.11988119229922714,-0.99278824516254,1.0
2022-07-10,57.38,25.82,26.64,25.18,93.19,4.57,92,37.37580506594004,310.65,1,-0.13690605792347504,-0.990584035457797,1.0
2022-07-11,92.15,25.85,26.81,25.13,93.53,4.98,92,70.08779003366065,319.48,1,-0.15389057670406148,-0.9880878960910772,1.0
2022-07-12,78.31,25.62,26.57,25.05,93.02,5.16,92,56.88833458957375,343.24,1,-0.17082974322534417,-0.985300562686109,1.0
2022-07-13,97.86,25.67,26.8,24.77,93.37,5.45,92,75.57823924480905,369.99999999999994,1,-0.1877185654371986,-0.9822228566828407,1.0
2022-07-14,102.07,25.48,26.34,24.94,94.02,5.34,92,79.63977460376749,427.77,1,-0.20455206612620058,-0.9788556850953579,1.0
2022-07-15,44.43,25.9,27.0,24.91,91.81,5.4,92,25.781321479896764,414.82,1,-0.22132528438243218,-0.9752000402445826,1.0
2022-07-16,34.07,26.4,28.23,24.93,91.31,5.54,92,16.99429051564419,356.73999999999995,1,-0.23803327706148514,-0.9712569994658315,0.0
2022-07-17,18.55,26.57,28.6,25.21,90.85,4.38,92,5.514440257513642,296.97999999999996,0,-0.254671120241229,-0.9670277247913203,0.0
2022-07-18,22.58,25.68,26.78,24.9,92.51,3.28,92,8.19587374049057,221.69999999999996,0,-0.2712339106729102,-0.9625134626077081,1.0
2022-07-19,32.15,26.24,28.41,24.67,90.9,3.99,92,15.437661523342271,151.77999999999997,1,-0.287716767226167,-0.9577155432887803,0.0
2022-07-20,13.99,26.26,28.49,24.65,89.77,3.89,92,2.8943807854233756,121.33999999999996,0,-0.3041148323275178,-0.9526353808033826,0.0
2022-07-21,10.5,26.26,28.53,24.65,89.85,3.4,92,1.3134078662166067,97.76999999999997,0,-0.32042327339191096,-0.947274472298717,0.0
2022-07-22,6.48,26.22,28.35,24.59,89.48,2.99,92,0.17616692445941817,85.69999999999997,0,-0.3366372842469099,-0.941634397659126,0.0
2022-07-23,25.04,26.09,27.84,24.69,91.03,3.69,92,9.957769114465492,88.15999999999997,0,-0.35275208654909473,-0.9357168190404936,1.0
2022-07-24,29.04,26.13,27.73,24.86,90.7,3.99,92,12.979629678793788,85.04999999999997,1,-0.36876293119226006,-0.9295234803804003,0.0
2022-07-25,17.28,26.1,27.96,24.48,89.2,3.52,92,4.7338701190805885,88.33999999999997,0,-0.38466509970700097,-0.9230562068841761,0.0
2022-07-26,6.35,26.25,28.77,24.24,88.74,2.72,92,0.1554972513743129,84.18999999999997,0,-0.40045390565126615,-0.9163169044870049,0.0
2022-07-27,15.21,26.21,29.17,24.02,89.38,1.77,92,3.5426381610379645,92.91999999999997,0,-0.4161246959914748,-0.9093075592922356,0.0
2022-07-28,13.36,26.63,29.49,24.39,88.77,1.51,92,2.5772275480912166,81.23999999999997,0,-0.431672852473784,-0.9020302369860707,0.0
2022-07-29,1.53,26.65,29.42,24.56,89.76,1.83,92,0.0,53.729999999999976,0,-0.44709379298511404,-0.8944870822287955,0.0
2022-07-30,1.2,26.76,29.63,24.57,88.82,1.82,92,0.0,37.64999999999997,0,-0.4623829729035149,-0.88668031802274,0.0
2022-07-31,2.31,26.8,29.44,24.66,88.01,2.18,86,0.0,33.60999999999997,0,-0.4775358864374881,-0.8786122450571483,0.0
2022-08-01,1.84,27.03,29.94,24.44,86.25,2.46,80,0.0,20.23999999999997,0,-0.4925480679538642,-0.8702852410301554,0.0
2022-08-02,7.84,26.58,28.78,24.78,89.38,2.45,80,0.0,14.71999999999997,0,-0.5074150932938452,-0.8617017599480683,0.0
2022-08-03,10.06,26.63,29.18,24.83,90.06,2.41,80,0.0,23.24999999999997,0,-0.5221325810768248,-0.8528643314021597,0.0
2022-08-04,16.52,26.5,28.62,24.87,90.79,1.73,80,0.21676173499702892,38.56999999999998,0,-0.5366961939916004,-0.8437755598231858,0.0
2022-08-05,12.38,26.64,29.37,24.81,90.78,2.49,86,0.3716312667288659,48.63999999999997,0,-0.5511016400745999,-0.8344381237138474,0.0
2022-08-06,15.64,26.63,28.59,25.13,90.06,3.55,86,1.114970548911455,62.439999999999976,0,-0.5653446739747425,-0.8248547748594246,1.0
2022-08-07,41.89,26.32,27.81,24.81,92.71,2.88,92,23.57633735794035,96.48999999999998,1,-0.5794210982045637,-0.8150283375168114,1.0
2022-08-08,67.89,26.27,27.36,25.43,93.49,4.58,92,47.087336692221406,154.31999999999996,1,-0.5933267643772321,-0.8049617075821958,1.0
2022-08-09,63.72,25.74,26.77,24.97,93.27,6.25,92,43.20946289264822,201.51999999999995,1,-0.6070575744291004,-0.794657851737625,1.0
2022-08-10,31.77,26.01,27.29,25.08,92.37,6.47,92,15.132924392997808,220.90999999999997,1,-0.6206094818274228,-0.7841198065767104,1.0
2022-08-11,42.45,25.82,27.21,24.98,91.06,7.09,92,24.06004299875013,247.71999999999997,1,-0.6339784927628865,-0.77335067770973,0.0
2022-08-12,19.49,26.11,27.95,24.94,90.03,6.47,92,6.11372957576812,225.31999999999996,0,-0.6471606673266059,-0.7623536388483905,0.0
2022-08-13,18.71,26.06,28.04,24.73,89.71,5.07,92,5.6152035382043675,176.13999999999996,0,-0.6601521206712315,-0.7511319308705201,0.0
2022-08-14,16.76,25.89,28.06,24.38,89.21,4.85,92,4.424685250949311,129.17999999999998,0,-0.6729490241558326,-0.7396888608649671,1.0
2022-08-15,38.81,25.24,27.09,24.33,92.04,4.22,92,20.942999974228268,136.21999999999997,1,-0.6855476064742154,-0.7280278011569848,1.0
2022-08-16,35.62,25.29,26.58,24.25,91.8,4.83,92,18.270045654195894,129.39,1,-0.6979441547663433,-0.7161521883143935,0.0
2022-08-17,21.5,25.86,27.46,24.65,90.81,5.01,92,7.450057671796805,131.39999999999998,0,-0.7101350157125356,-0.7040655221348059,0.0
2022-08-18,13.35,25.91,28.17,24.24,90.61,3.89,92,2.572295825245973,126.03999999999996,0,-0.7221165966101161,-0.691771364614222,0.0
2022-08-19,12.82,25.97,28.37,24.13,90.66,3.69,92,2.315672013977326,122.09999999999998,0,-0.7338853664321993,-0.6792733388972929,0.0
2022-08-20,12.06,25.95,28.13,24.39,90.22,3.64,92,1.9646929663367452,95.34999999999997,0,-0.7454378568683002,-0.6665751282095631,0.0
2022-08-21,8.92,25.55,27.3,24.28,90.88,3.39,92,0.7624601944563726,68.64999999999998,0,-0.7567706633464625,-0.653680474772006,0.0
2022-08-22,13.02,25.77,27.55,24.39,90.81,4.07,92,2.411401916133142,60.16999999999997,0,-0.7678804460366,-0.6405931786981752,0.0
2022-08-23,19.73,26.15,28.25,24.67,90.83,4.22,92,6.269484249435288,66.54999999999997,0,-0.7787639308347605,-0.627317096874294,0.0
2022-08-24,11.99,26.1,28.37,24.33,89.84,3.52,92,1.933420198076344,65.71999999999997,0,-0.7894179103280194,-0.6138561418226122,0.0
2022-08-25,5.61,25.9,28.64,24.05,89.34,2.76,92,0.061097167737592564,59.26999999999997,0,-0.7998392447397191,-0.6002142805483686,0.0
2022-08-26,1.79,25.72,28.57,23.61,88.57,1.98,92,0.0,52.13999999999997,0,-0.8100248628547748,-0.5863955333706962,0.0
2022-08-27,0.23,25.88,29.16,23.51,86.9,1.73,86,0.0,39.349999999999966,0,-0.8199717629247767,-0.5724039727378154,0.0
2022-08-28,1.29,25.74,28.79,23.33,88.09,1.63,86,0.0,20.90999999999997,0,-0.8296770135526184,-0.5582437220268655,0.0
2022-08-29,1.41,26.2,29.58,23.65,86.31,1.58,80,0.0,10.329999999999972,0,-0.8391377545563938,-0.5439189543287248,0.0
2022-08-30,2.39,26.28,29.98,23.55,87.97,1.9,80,0.0,7.109999999999972,0,-0.8483511978123038,-0.5294338912181854,0.0
2022-08-31,10.34,26.91,30.66,24.27,90.17,2.03,80,0.0,15.659999999999972,0,-0.8573146280763322,-0.514792801509831,0.0
2022-09-01,7.4,26.45,28.77,24.88,92.6,2.1,80,0.0,22.82999999999997,0,-0.8660254037844384,-0.5000000000000004,0.0
2022-09-02,4.56,27.25,30.22,24.49,89.86,1.33,80,0.0,26.099999999999973,0,-0.8744809578310394,-0.4850598461951967,0.0
2022-09-03,7.92,27.71,31.27,24.92,88.27,1.69,80,0.0,32.60999999999997,0,-0.8826787983255475,-0.4699767430273199,0.0
2022-09-04,7.41,26.81,29.58,25.26,91.41,1.65,80,0.0,37.629999999999974,0,-0.8906165093267404,-0.45475513555610575,0.0
2022-09-05,9.92,26.52,28.89,24.81,89.75,1.82,86,0.0633331723377369,37.20999999999997,0,-0.8982917515547529,-0.4393995096591416,0.0
2022-09-06,11.6,26.48,29.33,24.52,89.04,1.53,86,0.24822470452091538,41.409999999999975,0,-0.9057022630804714,-0.42391439070986087,0.0
2022-09-07,7.64,26.59,30.32,23.67,89.75,2.14,86,0.0,44.489999999999974,0,-0.9128458599921354,-0.40830434224389367,1.0
2022-09-08,77.44,27.61,30.99,25.05,87.4,1.43,86,43.29136213519409,114.00999999999996,1,-0.9197204370389468,-0.3925739646141714,0.0
2022-09-09,10.26,28.05,31.49,25.15,87.22,1.42,92,1.2222201135180724,116.85999999999997,0,-0.9263239682514951,-0.3767278936351848,0.0
2022-09-10,10.35,27.36,30.96,25.03,88.48,1.19,92,1.2561167763546266,117.28999999999996,0,-0.9326545075388225,-0.3607707992167831,0.0
2022-09-11,23.75,26.92,29.7,25.24,91.65,2.66,92,9.023507538468213,129.43999999999997,0,-0.9387101892619443,-0.3447073839879337,1.0
2022-09-12,34.64,25.74,26.75,25.07,93.33,2.71,92,17.46154976770542,156.43999999999997,1,-0.9444892287836613,-0.32854238191083474,1.0
2022-09-13,32.84,26.11,27.8,24.78,91.93,3.57,92,15.993895049169979,111.83999999999997,1,-0.9499899229945009,-0.3122805568857948,1.0
2022-09-14,29.54,26.25,28.19,25.12,91.35,4.34,92,13.369016739903246,131.11999999999998,1,-0.9552106508146316,-0.29592670134728966,1.0
2022-09-15,44.49,26.61,28.35,25.41,91.66,4.94,92,25.83373873447841,165.26,1,-0.9601498736716017,-0.2794856348516098,1.0
2022-09-16,58.87,26.2,27.19,25.33,94.07,3.41,92,38.73926622577794,200.37999999999997,1,-0.9648061359537644,-0.2629622026565152,1.0
2022-09-17,33.52,26.35,28.66,24.71,90.95,3.25,92,16.545595362949093,199.25999999999996,1,-0.9691780654392534,-0.24636127429331536,1.0
2022-09-18,33.66,25.86,28.42,23.94,88.84,2.09,92,16.65960270080955,200.07999999999996,1,-0.9732643737003823,-0.2296877421317963,0.0
2022-09-19,8.83,25.67,28.64,23.3,87.09,2.21,92,0.7347711308171411,179.36999999999998,0,-0.9770638564833508,-0.21294651993841573,0.0
2022-09-20,7.04,25.23,27.79,23.14,88.87,2.2,92,0.2783568350959657,141.92,0,-0.9805753940631429,-0.19614254142819712,0.0
2022-09-21,3.56,25.02,27.54,23.13,89.68,2.27,92,0.0,86.60999999999999,0,-0.9837979515735163,-0.1792807588107359,0.0
2022-09-22,4.46,24.93,27.64,23.05,89.49,1.92,92,8.203961204591852e-05,57.54999999999997,0,-0.9867305793119814,-0.16236614133076413,0.0
2022-09-23,7.01,24.83,26.86,23.04,92.24,2.15,92,0.27235568331789933,30.89999999999997,0,-0.9893724130196829,-0.14540367380369032,0.0
2022-09-24,4.36,25.36,28.24,23.14,90.48,2.02,80,0.0,26.429999999999975,0,-0.9917226741361014,-0.12839835514655154,0.0
2022-09-25,6.0,25.53,28.68,23.0,89.59,1.8,80,0.0,25.389999999999972,0,-0.9937806700284985,-0.11135519690480865,0.0
2022-09-26,3.33,25.63,28.76,23.22,87.47,1.55,80,0.0,25.15999999999997,0,-0.9955457941960382,-0.09427922177542443,0.0
2022-09-27,1.82,25.24,28.52,22.93,88.02,1.62,80,0.0,22.51999999999997,0,-0.9970175264485267,-0.07717546212664643,0.0
2022-09-28,1.3,25.37,27.81,23.44,90.34,1.97,80,0.0,16.809999999999974,0,-0.998195433059714,-0.06004895851494849,0.0
2022-09-29,8.77,25.74,28.64,24.04,89.79,2.08,80,0.0,21.21999999999997,0,-0.9990791668951153,-0.04290475819955383,0.0
2022-09-30,19.04,26.45,30.22,23.63,89.73,1.92,80,0.575538373424971,34.25999999999997,0,-0.9996684675143132,-0.025747913654988113,0.0
2022-10-01,6.19,26.27,29.63,23.78,89.43,1.93,80,0.0,37.11999999999997,0,-0.9999631612477099,-0.008583481082086734,0.0
2022-10-02,2.45,25.69,28.92,23.47,88.86,1.75,86,0.0,37.74999999999997,0,-0.9999631612477099,0.008583481082087254,0.0
2022-10-03,0.22,25.6,29.41,22.59,86.64,1.79,86,0.0,36.66999999999997,0,-0.999668467514313,0.025747913654988634,0.0
2022-10-04,1.27,26.0,30.29,22.23,87.88,1.96,86,0.0,29.169999999999966,0,-0.9990791668951153,0.04290475819955435,0.0
2022-10-05,1.03,26.39,29.9,23.64,87.09,2.24,80,0.0,11.159999999999968,0,-0.998195433059714,0.06004895851494813,0.0
2022-10-06,8.62,25.34,28.12,22.29,89.29,1.9,80,0.0,13.589999999999968,0,-0.9970175264485267,0.07717546212664607,0.0
2022-10-07,43.1,25.62,27.86,24.11,92.95,3.26,80,9.8419595314164,54.23999999999997,0,-0.9955457941960382,0.09427922177542405,0.0
2022-10-08,14.9,25.48,27.07,24.41,92.31,2.28,92,3.3738579048481374,68.91999999999997,0,-0.9937806700284985,0.11135519690480827,0.0
2022-10-09,0.57,26.17,29.55,23.89,87.78,1.92,92,0.0,68.21999999999998,0,-0.9917226741361016,0.1283983551465503,0.0
2022-10-10,0.99,26.45,29.99,23.96,86.88,1.39,92,0.0,68.17999999999998,0,-0.9893724130196829,0.14540367380368996,0.0
2022-10-11,16.35,26.43,29.88,23.66,89.19,1.31,92,4.185448854906691,75.90999999999997,0,-0.9867305793119814,0.16236614133076377,0.0
2022-10-12,8.97,26.3,28.84,24.32,91.07,1.4,92,0.7780249327116245,41.77999999999997,0,-0.9837979515735163,0.17928075881073555,0.0
2022-10-13,7.79,25.84,29.06,23.42,86.62,2.14,86,0.0,34.66999999999997,0,-0.980575394063143,0.19614254142819676,0.0
2022-10-14,26.96,26.43,30.82,22.84,86.42,1.89,80,2.6150668724279833,61.059999999999974,0,-0.9770638564833509,0.21294651993841537,0.0
2022-10-15,11.55,25.98,30.69,22.13,83.23,2.34,92,1.74109732389218,71.61999999999998,0,-0.9732643737003827,0.22968774213179508,0.0
2022-10-16,0.31,25.71,31.76,19.66,79.8,2.5,92,0.0,55.57999999999998,0,-0.9691780654392538,0.24636127429331414,0.0
2022-10-17,7.19,27.15,31.22,24.38,87.36,1.77,92,0.3092314331317475,53.799999999999976,0,-0.9648061359537647,0.262962202656514,0.0
2022-10-18,14.15,26.12,28.5,24.57,89.27,1.04,92,2.9769002616953473,60.159999999999975,0,-0.9601498736716018,0.2794856348516095,0.0
2022-10-19,2.32,26.61,30.59,23.8,86.83,1.29,92,0.0,35.519999999999975,0,-0.9552106508146317,0.2959267013472893,0.0
2022-10-20,3.2,26.62,31.51,23.03,83.33,1.42,86,0.0,27.169999999999973,0,-0.9499899229945011,0.3122805568857945,0.0
2022-10-21,10.32,27.04,30.95,23.84,84.86,2.06,80,0.0,37.17999999999997,0,-0.9444892287836614,0.3285423819108344,0.0
2022-10-22,0.16,25.68,29.79,21.56,80.62,2.58,86,0.0,30.14999999999997,0,-0.938710189261944,0.3447073839879342,0.0
2022-10-23,0.0,23.69,29.75,18.8,73.62,2.66,80,0.0,15.999999999999972,0,-0.9326545075388223,0.3607707992167836,0.0
2022-10-24,0.0,23.86,30.1,18.1,70.77,1.66,80,0.0,13.679999999999971,0,-0.9263239682514949,0.3767278936351853,0.0
2022-10-25,0.0,23.93,29.76,18.77,68.13,1.37,80,0.0,10.479999999999972,0,-0.9197204370389466,0.3925739646141719,0.0
2022-10-26,0.0,23.73,30.32,18.25,71.45,1.72,80,0.0,0.15999999999997158,0,-0.9128458599921356,0.40830434224389334,0.0
2022-10-27,0.0,23.8,29.86,18.1,71.25,1.98,80,0.0,0.0,0,-0.9057022630804715,0.42391439070986053,0.0
2022-10-28,0.0,23.39,29.51,18.43,71.09,2.25,80,0.0,0.0,0,-0.898291751554753,0.4393995096591413,0.0
2022-10-29,0.0,23.02,30.01,17.56,70.61,2.68,80,0.0,0.0,0,-0.8906165093267405,0.4547551355561054,0.0
2022-10-30,0.0,23.43,30.1,18.0,73.53,2.64,80,0.0,0.0,0,-0.8826787983255476,0.46997674302731957,0.0
2022-10-31,0.0,23.84,30.17,18.8,73.71,2.38,80,0.0,0.0,0,-0.8744809578310401,0.4850598461951956,0.0
2022-11-01,0.0,23.16,29.04,18.56,73.36,2.46,80,0.0,0.0,0,-0.8660254037844386,0.5000000000000001,0.0
2022-11-02,0.0,23.33,30.08,17.84,74.5,2.4,80,0.0,0.0,0,-0.8573146280763323,0.5147928015098308,0.0
2022-11-03,0.0,23.42,30.75,17.65,72.35,2.74,80,0.0,0.0,0,-0.848351197812304,0.5294338912181851,0.0
2022-11-04,0.0,23.32,30.49,17.87,70.4,2.52,80,0.0,0.0,0,-0.8391377545563939,0.5439189543287245,0.0
2022-11-05,0.0,23.81,31.77,17.45,65.34,2.68,80,0.0,0.0,0,-0.8296770135526191,0.5582437220268645,0.0
2022-11-06,0.0,24.19,31.67,18.23,64.19,2.46,80,0.0,0.0,0,-0.8199717629247775,0.5724039727378144,0.0
2022-11-07,0.0,24.29,31.58,18.81,67.23,1.87,80,0.0,0.0,0,-0.8100248628547756,0.5863955333706952,0.0
2022-11-08,0.0,24.52,31.29,19.25,72.17,1.58,80,0.0,0.0,0,-0.7998392447397199,0.6002142805483676,0.0
2022-11-09,0.0,24.71,31.37,19.44,70.99,1.31,80,0.0,0.0,0,-0.7894179103280197,0.613856141822612,0.0
2022-11-10,0.0,23.74,29.99,18.79,74.49,2.46,80,0.0,0.0,0,-0.7787639308347607,0.6273170968742937,0.0
2022-11-11,0.0,23.31,29.84,17.99,76.4,2.73,80,0.0,0.0,0,-0.7678804460366002,0.640593178698175,0.0
2022-11-12,0.12,23.67,29.97,18.93,77.02,2.8,80,0.0,0.11999999999997157,0,-0.7567706633464628,0.6536804747720056,0.0
2022-11-13,0.61,23.47,29.87,18.41,75.02,2.59,80,0.0,0.7299999999999716,0,-0.7454378568682999,0.6665751282095634,0.0
2022-11-14,0.0,23.84,30.89,18.24,75.93,1.84,80,0.0,0.7299999999999716,0,-0.7338853664321989,0.6792733388972934,0.0
2022-11-15,0.0,23.7,29.98,19.26,74.1,1.79,80,0.0,0.7299999999999716,0,-0.7221165966101161,0.6917713646142221,0.0
2022-11-16,0.0,22.94,29.11,17.98,73.12,1.84,80,0.0,0.7299999999999716,0,-0.7101350157125358,0.7040655221348057,0.0
2022-11-17,0.0,22.3,29.18,17.03,72.28,2.49,80,0.0,0.6099999999999716,0,-0.6979441547663436,0.7161521883143933,0.0
2022-11-18,0.0,21.78,28.57,16.27,70.73,2.71,80,0.0,0.0,0,-0.6855476064742156,0.7280278011569846,0.0
2022-11-19,0.0,21.74,28.45,16.91,70.07,2.86,80,0.0,0.0,0,-0.6729490241558331,0.7396888608649665,0.0
2022-11-20,0.0,20.25,27.27,14.74,68.97,2.79,80,0.0,0.0,0,-0.6601521206712321,0.7511319308705195,0.0
2022-11-21,0.0,20.47,27.68,14.48,66.35,2.35,80,0.0,0.0,0,-0.6471606673266065,0.7623536388483899,0.0
2022-11-22,0.01,21.81,28.92,15.1,70.34,2.1,80,0.0,0.009999999999971578,0,-0.6339784927628872,0.7733506777097294,0.0
2022-11-23,0.0,23.24,29.91,17.85,73.28,2.12,80,0.0,0.009999999999971578,0,-0.6206094818274227,0.7841198065767104,0.0
2022-11-24,0.0,23.4,30.87,17.66,72.95,2.08,80,0.0,0.009999999999971578,0,-0.607057574429101,0.7946578517376245,0.0
2022-11-25,0.0,24.42,31.12,19.24,77.58,2.12,80,0.0,0.009999999999971578,0,-0.5933267643772321,0.8049617075821959,0.0
2022-11-26,0.0,24.65,30.29,20.85,78.95,1.72,80,0.0,0.009999999999971578,0,-0.5794210982045647,0.8150283375168107,0.0
2022-11-27,0.0,24.02,30.29,19.33,78.18,1.7,80,0.0,0.0,0,-0.5653446739747432,0.8248547748594242,0.0
2022-11-28,0.0,23.55,29.79,19.05,72.9,1.35,80,0.0,0.0,0,-0.5511016400745998,0.8344381237138475,0.0
2022-11-29,0.0,22.78,30.4,16.69,68.11,1.51,80,0.0,0.0,0,-0.5366961939916011,0.8437755598231853,0.0
2022-11-30,0.0,23.2,29.7,18.15,72.18,2.04,80,0.0,0.0,0,-0.5221325810768248,0.8528643314021598,0.0
2022-12-01,0.0,22.89,29.95,17.1,65.19,2.22,80,0.0,0.0,0,-0.5074150932938463,0.8617017599480677,0.0
2022-12-02,0.0,22.96,30.86,17.13,64.95,1.84,80,0.0,0.0,0,-0.4925480679538645,0.8702852410301551,0.0
2022-12-03,0.0,24.24,31.04,18.46,69.27,1.51,80,0.0,0.0,0,-0.47753588643748845,0.8786122450571482,0.0
2022-12-04,0.0,25.5,30.87,21.21,77.46,1.49,80,0.0,0.0,0,-0.4623829729035152,0.8866803180227398,0.0
2022-12-05,0.01,25.81,30.89,21.87,77.54,1.45,80,0.0,0.009999999999971578,0,-0.44709379298511437,0.8944870822287954,0.0
2022-12-06,0.01,24.84,30.67,20.21,75.12,1.87,80,0.0,0.01999999999997158,0,-0.43167285247378356,0.9020302369860709,0.0
2022-12-07,0.0,24.1,30.19,19.64,73.83,2.05,80,0.0,0.01999999999997158,0,-0.4161246959914751,0.9093075592922355,0.0
2022-12-08,1.71,22.06,29.15,17.15,68.79,2.66,80,0.0,1.7299999999999716,0,-0.4004539056512665,0.9163169044870048,0.0
2022-12-09,1.44,20.37,28.74,12.85,64.82,2.79,80,0.0,3.1699999999999715,0,-0.3846650997070013,0.923056206884176,0.0
2022-12-10,0.0,21.19,29.98,14.45,65.05,2.14,80,0.0,3.1599999999999717,0,-0.3687629311922604,0.9295234803804002,0.0
2022-12-11,0.0,23.98,31.17,18.76,77.25,1.92,80,0.0,3.1499999999999715,0,-0.3527520865490943,0.9357168190404939,0.0
2022-12-12,0.12,25.69,31.17,20.99,78.62,1.72,80,0.0,3.2699999999999716,0,-0.3366372842469107,0.9416343976591258,0.0
2022-12-13,0.17,26.21,31.04,21.67,77.97,1.99,80,0.0,1.7299999999999716,0,-0.3204232733919109,0.947274472298717,0.0
2022-12-14,1.14,24.88,29.49,21.78,82.69,2.19,80,0.0,1.4299999999999715,0,-0.30411483232751857,0.9526353808033823,0.0
2022-12-15,0.82,25.27,29.81,22.22,80.7,1.89,80,0.0,2.2499999999999716,0,-0.28771676722616696,0.9577155432887803,0.0
2022-12-16,0.04,26.2,31.97,22.3,76.92,1.94,80,0.0,2.2899999999999716,0,-0.27123391067291097,0.9625134626077079,0.0
2022-12-17,0.01,26.32,32.51,21.76,73.85,1.88,80,0.0,2.1799999999999713,0,-0.25467112024122895,0.9670277247913203,0.0
2022-12-18,0.0,25.77,31.96,21.22,71.8,2.15,80,0.0,2.0099999999999714,0,-0.23803327706148678,0.9712569994658311,0.0
2022-12-19,0.0,24.42,31.12,19.13,63.93,2.28,80,0.0,0.8699999999999716,0,-0.22132528438243296,0.9752000402445824,0.0
2022-12-20,0.0,23.82,31.52,17.83,60.95,2.2,80,0.0,0.04999999999997158,0,-0.2045520661262005,0.9788556850953579,0.0
2022-12-21,0.0,23.84,32.03,17.84,62.99,2.2,80,0.0,0.009999999999971578,0,-0.1877185654371994,0.9822228566828405,0.0
2022-12-22,0.0,23.93,31.91,18.05,64.21,1.72,80,0.0,0.0,0,-0.17082974322534408,0.985300562686109,0.0
2022-12-23,0.0,22.57,29.42,17.85,64.57,1.75,80,0.0,0.0,0,-0.1538905767040627,0.9880878960910771,0.0
2022-12-24,0.0,21.04,29.51,15.47,57.21,1.67,80,0.0,0.0,0,-0.1369060579234754,0.9905840354577969,0.0
2022-12-25,0.0,20.7,28.04,14.46,59.94,1.32,80,0.0,0.0,0,-0.1198811922992275,0.99278824516254,0.0
2022-12-26,0.0,21.98,29.54,15.95,70.31,1.43,80,0.0,0.0,0,-0.1028209971373608,0.9946998756145891,0.0
2022-12-27,0.0,23.67,31.95,17.5,69.43,1.73,80,0.0,0.0,0,-0.08573050015569487,0.9963183634476755,0.0
2022-12-28,0.0,24.05,32.59,17.7,58.48,1.64,80,0.0,0.0,0,-0.06861473800213468,0.9976432316860063,0.0
2022-12-29,0.0,23.72,32.11,17.51,57.39,1.48,80,0.0,0.0,0,-0.05147875477034641,0.9986740898848305,0.0
2022-12-30,0.0,23.19,31.91,16.67,59.22,1.67,80,0.0,0.0,0,-0.034327600513243496,0.9994106342455052,0.0
2022-12-31,0.0,22.37,31.28,16.48,58.99,2.01,80,0.0,0.0,0,-0.017166329754707492,0.9998526477050269,0.0
2023-01-01,0.0,21.71,30.52,14.69,58.82,1.7,80,0.0,0.0,0,0.01716632975470737,0.9998526477050269,0.0
2023-01-02,0.0,22.37,32.15,15.73,61.81,2.1,80,0.0,0.0,0,0.034327600513243496,0.9994106342455052,0.0
2023-01-03,0.0,22.26,31.76,16.0,59.42,2.23,80,0.0,0.0,0,0.05147875477034653,0.9986740898848305,0.0
2023-01-04,0.0,22.41,30.88,15.38,60.06,2.0,80,0.0,0.0,0,0.06861473800213404,0.9976432316860063,0.0
2023-01-05,0.0,23.5,31.3,17.0,67.65,2.75,80,0.0,0.0,0,0.08573050015569435,0.9963183634476755,0.0
2023-01-06,0.0,24.58,31.31,18.97,68.62,2.67,80,0.0,0.0,0,0.1028209971373604,0.9946998756145891,0.0
2023-01-07,0.0,24.68,31.48,19.24,65.82,2.44,80,0.0,0.0,0,0.11988119229922722,0.99278824516254,0.0
2023-01-08,0.0,23.39,30.83,17.7,59.31,2.43,80,0.0,0.0,0,0.13690605792347524,0.990584035457797,0.0
2023-01-09,0.0,22.02,30.99,15.46,47.87,2.47,80,0.0,0.0,0,0.15389057670406178,0.9880878960910772,0.0
2023-01-10,0.0,22.6,31.95,15.2,43.96,2.21,80,0.0,0.0,0,0.17082974322534417,0.985300562686109,0.0
2023-01-11,0.0,22.18,32.09,15.43,49.22,1.95,80,0.0,0.0,0,0.1877185654371987,0.9822228566828407,0.0
2023-01-12,0.0,21.14,30.1,14.64,50.19,1.64,80,0.0,0.0,0,0.2045520661262008,0.9788556850953578,0.0
2023-01-13,0.0,20.43,27.93,15.1,70.41,1.8,80,0.0,0.0,0,0.22132528438243257,0.9752000402445825,0.0
2023-01-14,0.0,19.58,28.22,13.24,57.29,1.88,80,0.0,0.0,0,0.2380332770614856,0.9712569994658314,0.0
2023-01-15,0.0,19.92,29.39,12.82,53.69,1.65,80,0.0,0.0,0,0.2546711202412287,0.9670277247913204,0.0
2023-01-16,0.0,20.62,29.06,14.99,52.86,1.45,80,0.0,0.0,0,0.27123391067291003,0.9625134626077081,0.0
2023-01-17,0.0,20.51,29.58,13.98,52.31,1.4,80,0.0,0.0,0,0.287716767226167,0.9577155432887803,0.0
2023-01-18,0.0,21.96,32.48,14.12,51.62,1.56,80,0.0,0.0,0,0.30411483232751785,0.9526353808033825,0.0
2023-01-19,0.0,22.82,32.67,15.16,52.91,1.85,80,0.0,0.0,0,0.3204232733919111,0.9472744722987169,0.0
2023-01-20,0.0,23.03,31.2,17.77,55.57,1.37,80,0.0,0.0,0,0.33663728424691025,0.9416343976591259,0.0
2023-01-21,0.0,22.08,30.59,15.92,61.8,1.55,80,0.0,0.0,0,0.3527520865490948,0.9357168190404936,0.0
2023-01-22,0.0,20.79,28.56,15.22,59.27,1.79,80,0.0,0.0,0,0.3687629311922601,0.9295234803804003,0.0
2023-01-23,0.0,20.24,28.14,14.89,55.66,2.02,80,0.0,0.0,0,0.3846650997070012,0.9230562068841761,0.0
2023-01-24,0.0,19.56,26.57,14.48,58.97,1.91,80,0.0,0.0,0,0.40045390565126643,0.9163169044870048,0.0
2023-01-25,0.0,20.0,28.01,14.07,53.08,2.32,80,0.0,0.0,0,0.41612469599147445,0.9093075592922358,0.0
2023-01-26,0.0,21.83,31.38,14.41,56.78,1.95,80,0.0,0.0,0,0.43167285247378384,0.9020302369860707,0.0
2023-01-27,0.0,25.15,34.14,18.26,60.04,2.17,80,0.0,0.0,0,0.44709379298511387,0.8944870822287956,0.0
2023-01-28,0.02,24.97,34.13,18.15,58.91,2.69,80,0.0,0.01999999999997158,0,0.4623829729035149,0.88668031802274,0.0
2023-01-29,0.15,23.98,29.7,20.36,79.7,1.52,80,0.0,0.16999999999997156,0,0.47753588643748823,0.8786122450571483,0.0
2023-01-30,0.01,23.32,30.07,19.12,73.76,1.83,80,0.0,0.17999999999997157,0,0.4925480679538643,0.8702852410301553,0.0
2023-01-31,0.0,24.44,33.42,17.58,56.37,2.48,80,0.0,0.17999999999997157,0,0.5074150932938455,0.8617017599480682,0.0
2023-02-01,0.18,25.45,33.14,18.95,54.2,3.07,80,0.0,0.35999999999997156,0,0.5221325810768248,0.8528643314021597,0.0
2023-02-02,0.01,25.3,33.44,18.92,51.16,2.91,80,0.0,0.34999999999997156,0,0.5366961939916004,0.8437755598231856,0.0
2023-02-03,0.0,24.33,33.5,17.53,42.21,2.54,80,0.0,0.1999999999999716,0,0.5511016400746002,0.8344381237138473,0.0
2023-02-04,0.0,24.42,34.65,16.54,41.77,1.88,80,0.0,0.18999999999997158,0,0.5653446739747429,0.8248547748594244,0.0
2023-02-05,0.0,24.39,34.81,16.82,40.27,1.98,80,0.0,0.18999999999997158,0,0.5794210982045637,0.8150283375168114,0.0
2023-02-06,0.0,23.83,33.18,18.05,38.86,2.02,80,0.0,0.009999999999971578,0,0.593326764377232,0.8049617075821959,0.0
2023-02-07,0.0,23.56,34.06,15.54,44.8,2.17,80,0.0,0.0,0,0.6070575744291002,0.7946578517376252,0.0
2023-02-08,0.0,24.91,36.45,16.48,41.16,2.14,80,0.0,0.0,0,0.6206094818274227,0.7841198065767105,0.0
2023-02-09,0.0,25.9,37.5,17.92,34.55,2.5,80,0.0,0.0,0,0.6339784927628866,0.7733506777097299,0.0
2023-02-10,0.0,25.86,37.36,17.69,36.02,2.01,80,0.0,0.0,0,0.647160667326606,0.7623536388483904,0.0
2023-02-11,0.0,25.24,36.34,17.15,33.81,2.28,80,0.0,0.0,0,0.6601521206712317,0.7511319308705199,0.0
2023-02-12,0.0,26.34,37.45,17.59,30.28,2.85,80,0.0,0.0,0,0.6729490241558329,0.7396888608649669,0.0
2023-02-13,0.0,26.4,37.59,17.86,31.1,3.0,80,0.0,0.0,0,0.6855476064742154,0.7280278011569848,0.0
2023-02-14,0.0,26.53,38.07,18.14,26.8,2.82,80,0.0,0.0,0,0.6979441547663435,0.7161521883143933,0.0
2023-02-15,0.0,26.88,38.39,18.03,26.95,2.32,80,0.0,0.0,0,0.7101350157125358,0.7040655221348057,0.0
2023-02-16,0.0,27.73,39.3,19.23,26.54,2.78,80,0.0,0.0,0,0.7221165966101162,0.691771364614222,0.0
2023-02-17,0.0,28.16,39.17,19.91,26.14,2.75,80,0.0,0.0,0,0.733885366432199,0.6792733388972931,0.0
2023-02-18,0.0,28.17,38.93,19.99,27.61,2.63,80,0.0,0.0,0,0.7454378568683001,0.6665751282095632,0.0
2023-02-19,0.0,28.19,39.41,19.73,28.08,2.48,80,0.0,0.0,0,0.7567706633464625,0.653680474772006,0.0
2023-02-20,0.0,27.13,37.67,18.81,29.22,1.81,80,0.0,0.0,0,0.7678804460366,0.6405931786981751,0.0
2023-02-21,0.0,26.74,37.05,19.07,30.0,2.08,80,0.0,0.0,0,0.7787639308347607,0.6273170968742937,0.0
2023-02-22,0.0,26.76,36.69,19.31,32.41,2.16,80,0.0,0.0,0,0.7894179103280197,0.613856141822612,0.0
2023-02-23,0.0,27.61,38.65,18.97,27.93,2.1,80,0.0,0.0,0,0.7998392447397193,0.6002142805483682,0.0
2023-02-24,0.0,28.38,39.39,19.52,24.65,2.39,80,0.0,0.0,0,0.8100248628547753,0.5863955333706956,0.0
2023-02-25,0.0,28.21,38.9,19.65,24.79,2.33,80,0.0,0.0,0,0.8199717629247771,0.5724039727378148,0.0
2023-02-26,0.0,28.29,38.68,19.98,21.77,2.54,80,0.0,0.0,0,0.8296770135526188,0.5582437220268648,0.0
2023-02-27,0.0,28.1,38.93,19.98,21.92,2.46,80,0.0,0.0,0,0.8391377545563938,0.5439189543287247,0.0
2023-02-28,0.0,28.02,37.84,19.97,25.94,2.07,80,0.0,0.0,0,0.8483511978123038,0.5294338912181853,0.0
2023-03-01,0.0,28.53,38.02,20.55,28.07,1.81,80,0.0,0.0,0,0.8573146280763322,0.5147928015098309,0.0
2023-03-02,0.0,29.63,38.77,21.97,29.48,1.96,80,0.0,0.0,0,0.8660254037844386,0.5000000000000001,0.0
2023-03-03,0.0,30.26,39.28,22.84,31.1,1.73,80,0.0,0.0,0,0.8744809578310397,0.4850598461951962,0.0
2023-03-04,0.0,30.39,39.2,23.56,33.89,1.83,80,0.0,0.0,0,0.8826787983255474,0.46997674302731995,0.0
2023-03-05,0.12,30.13,38.63,24.07,36.74,1.81,80,0.0,0.11999999999997157,0,0.8906165093267404,0.4547551355561058,0.0
2023-03-06,2.44,30.05,38.19,24.09,37.3,2.02,80,0.0,2.5599999999999716,0,0.8982917515547528,0.4393995096591417,0.0
2023-03-07,0.9,29.31,36.37,23.5,34.9,2.45,80,0.0,3.4599999999999715,0,0.9057022630804714,0.42391439070986076,0.0
2023-03-08,0.02,29.41,37.75,22.4,33.52,2.17,80,0.0,3.4799999999999716,0,0.9128458599921356,0.40830434224389334,0.0
2023-03-09,0.0,29.78,38.23,23.48,28.94,2.89,80,0.0,3.4799999999999716,0,0.9197204370389467,0.3925739646141717,0.0
2023-03-10,0.0,29.38,38.21,21.97,23.9,2.97,80,0.0,3.3599999999999715,0,0.926323968251495,0.3767278936351851,0.0
2023-03-11,0.0,30.16,39.04,22.71,24.43,2.43,80,0.0,0.9199999999999716,0,0.9326545075388224,0.36077079921678346,0.0
2023-03-12,0.0,31.17,39.57,23.77,30.49,1.93,80,0.0,0.01999999999997158,0,0.9387101892619443,0.3447073839879338,0.0
2023-03-13,0.0,30.93,38.58,25.39,30.16,2.15,80,0.0,0.0,0,0.9444892287836613,0.32854238191083485,0.0
2023-03-14,0.0,30.79,38.16,23.95,29.83,1.76,80,0.0,0.0,0,0.949989922994501,0.3122805568857947,0.0
2023-03-15,0.32,30.23,37.17,25.39,34.95,1.65,80,0.0,0.3199999999999716,0,0.9552106508146316,0.2959267013472893,0.0
2023-03-16,0.86,28.38,33.93,23.69,47.94,1.68,80,0.0,1.1799999999999715,0,0.9601498736716018,0.2794856348516095,0.0
2023-03-17,1.08,28.37,35.24,22.76,54.07,2.07,80,0.0,2.2599999999999714,0,0.9648061359537645,0.2629622026565149,0.0
2023-03-18,0.87,27.81,34.53,22.93,51.64,1.96,80,0.0,3.1299999999999715,0,0.9691780654392536,0.2463612742933148,0.0
2023-03-19,0.67,26.5,32.97,22.11,56.7,2.11,80,0.0,3.7999999999999714,0,0.9732643737003824,0.22968774213179574,0.0
2023-03-20,1.23,26.23,32.32,21.44,59.62,2.41,80,0.0,4.7099999999999715,0,0.9770638564833508,0.21294651993841582,0.0
2023-03-21,7.46,26.27,31.75,22.54,60.63,1.91,80,0.0,11.30999999999997,0,0.9805753940631429,0.19614254142819698,0.0
2023-03-22,0.01,26.16,32.93,21.58,60.69,2.11,80,0.0,10.239999999999972,0,0.9837979515735163,0.17928075881073577,0.0
2023-03-23,0.0,26.17,32.65,21.17,61.6,2.43,80,0.0,9.369999999999973,0,0.9867305793119814,0.162366141330764,0.0
2023-03-24,0.0,26.68,34.37,20.96,60.3,2.58,80,0.0,8.699999999999973,0,0.989372413019683,0.14540367380368976,0.0
2023-03-25,0.0,25.49,33.51,18.75,51.93,2.33,80,0.0,7.469999999999971,0,0.9917226741361015,0.12839835514655099,0.0
2023-03-26,0.0,25.57,33.93,18.13,52.78,2.41,80,0.0,0.009999999999971578,0,0.9937806700284985,0.11135519690480875,0.0
2023-03-27,0.0,26.34,34.46,19.78,59.53,2.17,80,0.0,0.0,0,0.9955457941960382,0.09427922177542453,0.0
2023-03-28,0.02,27.29,35.86,20.61,59.21,2.03,80,0.0,0.01999999999997158,0,0.9970175264485267,0.07717546212664653,0.0
2023-03-29,0.0,27.24,35.69,20.8,58.03,2.09,80,0.0,0.01999999999997158,0,0.998195433059714,0.0600489585149486,0.0
2023-03-30,0.0,27.15,34.59,21.85,58.84,1.96,80,0.0,0.01999999999997158,0,0.9990791668951153,0.042904758199554374,0.0
2023-03-31,0.03,27.04,33.83,22.24,57.27,2.52,80,0.0,0.04999999999997158,0,0.999668467514313,0.025747913654988658,0.0
2023-04-01,0.0,27.44,36.18,19.25,51.68,2.52,80,0.0,0.04999999999997158,0,0.9999631612477099,0.008583481082087055,0.0
2023-04-02,0.0,27.5,35.14,21.47,57.81,2.33,80,0.0,0.029999999999971577,0,0.9999631612477099,-0.008583481082086933,0.0
2023-04-03,0.0,27.73,35.74,21.72,55.57,2.2,80,0.0,0.029999999999971577,0,0.9996684675143132,-0.025747913654988314,0.0
2023-04-04,0.0,28.62,36.83,22.18,54.91,2.21,80,0.0,0.029999999999971577,0,0.9990791668951153,-0.04290475819955447,0.0
2023-04-05,0.03,29.25,38.17,22.34,50.43,2.22,80,0.0,0.029999999999971577,0,0.998195433059714,-0.06004895851494825,0.0
2023-04-06,0.18,30.05,38.85,22.34,48.92,2.64,80,0.0,0.20999999999997157,0,0.9970175264485267,-0.07717546212664618,0.0
2023-04-07,0.28,31.86,39.42,24.9,35.04,2.26,80,0.0,0.48999999999997157,0,0.9955457941960382,-0.0942792217754244,0.0
2023-04-08,0.03,32.67,40.01,26.98,35.68,2.2,80,0.0,0.5199999999999716,0,0.9937806700284985,-0.11135519690480862,0.0
2023-04-09,0.5,32.36,40.02,26.05,38.74,2.08,80,0.0,1.0199999999999716,0,0.9917226741361015,-0.12839835514655107,0.0
2023-04-10,0.07,33.21,41.58,26.83,38.7,2.4,80,0.0,1.0599999999999716,0,0.9893724130196829,-0.14540367380368988,0.0
2023-04-11,0.09,32.95,41.66,25.76,44.8,2.05,80,0.0,0.9699999999999717,0,0.9867305793119814,-0.16236614133076366,0.0
2023-04-12,1.31,33.5,41.3,26.21,41.25,2.58,80,0.0,1.9999999999999716,0,0.9837979515735163,-0.17928075881073566,0.0
2023-04-13,0.12,34.17,40.37,29.69,35.01,2.55,80,0.0,2.0899999999999714,0,0.980575394063143,-0.19614254142819687,0.0
2023-04-14,2.29,31.44,37.2,27.13,45.28,1.66,80,0.0,3.8799999999999715,0,0.9770638564833507,-0.21294651993841593,0.0
2023-04-15,0.55,31.65,40.29,25.12,44.99,1.9,80,0.0,4.359999999999972,0,0.9732643737003824,-0.22968774213179563,0.0
2023-04-16,0.7,31.59,39.83,24.94,43.45,1.95,80,0.0,4.969999999999972,0,0.9691780654392537,-0.2463612742933147,0.0
2023-04-17,0.14,31.14,39.87,24.31,43.44,2.13,80,0.0,3.7999999999999714,0,0.9648061359537646,-0.26296220265651454,0.0
2023-04-18,0.24,32.98,42.58,25.03,39.31,2.63,80,0.0,3.9199999999999715,0,0.9601498736716018,-0.2794856348516094,0.0
2023-04-19,0.28,33.59,42.76,26.65,35.5,2.66,80,0.0,1.9099999999999717,0,0.9552106508146317,-0.2959267013472892,0.0
2023-04-20,0.76,31.4,39.43,25.81,47.0,2.49,80,0.0,2.1199999999999717,0,0.949989922994501,-0.31228055688579476,0.0
2023-04-21,0.08,29.66,37.46,23.62,54.63,2.4,80,0.0,1.4999999999999716,0,0.9444892287836613,-0.32854238191083474,0.0
2023-04-22,0.0,28.93,36.01,23.33,58.87,2.42,80,0.0,1.3599999999999715,0,0.9387101892619443,-0.3447073839879337,0.0
2023-04-23,0.0,29.47,36.91,23.21,57.48,2.64,80,0.0,1.1199999999999717,0,0.9326545075388225,-0.3607707992167831,0.0
2023-04-24,0.0,30.57,38.23,23.19,49.32,2.13,80,0.0,0.8399999999999715,0,0.926323968251495,-0.376727893635185,0.0
2023-04-25,0.0,31.69,40.55,25.12,35.23,2.35,80,0.0,0.07999999999997158,0,0.9197204370389467,-0.39257396461417177,0.0
2023-04-26,0.31,29.1,34.6,24.91,59.91,2.47,80,0.0,0.3099999999999716,0,0.9128458599921355,-0.40830434224389345,0.0
2023-04-27,0.16,29.79,36.59,24.28,55.27,1.96,80,0.0,0.46999999999997155,0,0.9057022630804715,-0.42391439070986064,0.0
2023-04-28,0.21,30.01,36.17,25.6,55.49,2.19,80,0.0,0.6799999999999715,0,0.898291751554753,-0.43939950965914143,0.0
2023-04-29,0.26,29.62,36.07,24.81,53.03,2.12,80,0.0,0.9399999999999715,0,0.8906165093267405,-0.4547551355561055,0.0
2023-04-30,0.77,28.91,35.27,23.57,55.36,2.47,80,0.0,1.7099999999999715,0,0.8826787983255476,-0.4699767430273197,0.0
2023-05-01,0.01,29.29,36.35,24.22,49.19,2.22,80,0.0,1.4099999999999715,0,0.8744809578310397,-0.4850598461951961,0.0
2023-05-02,1.54,29.38,35.41,24.25,56.53,2.02,80,0.0,2.7899999999999716,0,0.8660254037844387,-0.4999999999999998,0.0
2023-05-03,0.28,29.62,35.58,24.73,57.88,2.47,80,0.0,2.859999999999972,0,0.8573146280763323,-0.5147928015098308,0.0
2023-05-04,0.16,29.91,36.46,24.8,54.34,2.19,80,0.0,2.7599999999999714,0,0.848351197812304,-0.5294338912181852,0.0
2023-05-05,0.05,30.04,36.74,25.3,55.04,2.31,80,0.0,2.0399999999999716,0,0.8391377545563939,-0.5439189543287246,0.0
2023-05-06,0.09,30.51,36.76,25.57,56.88,2.67,80,0.0,2.1199999999999717,0,0.8296770135526188,-0.5582437220268649,0.0
2023-05-07,0.25,30.57,36.35,26.25,58.97,2.55,80,0.0,0.8299999999999716,0,0.8199717629247771,-0.5724039727378148,0.0
2023-05-08,0.83,31.35,37.49,26.54,58.26,2.58,80,0.0,1.3799999999999715,0,0.8100248628547753,-0.5863955333706956,0.0
2023-05-09,0.66,32.44,40.17,27.39,54.97,2.43,80,0.0,1.8799999999999715,0,0.7998392447397195,-0.6002142805483681,0.0
2023-05-10,0.17,33.14,41.29,26.66,53.35,2.36,80,0.0,1.9999999999999716,0,0.7894179103280199,-0.6138561418226116,0.0
2023-05-11,0.06,33.0,41.66,26.22,55.3,2.0,80,0.0,1.9699999999999716,0,0.7787639308347607,-0.6273170968742938,0.0
2023-05-12,0.01,32.45,39.81,26.14,60.04,2.26,80,0.0,1.7299999999999716,0,0.7678804460366001,-0.6405931786981751,0.0
2023-05-13,0.0,32.42,39.8,26.13,60.07,2.54,80,0.0,0.8999999999999716,0,0.7567706633464627,-0.6536804747720057,0.0
2023-05-14,0.0,31.72,38.33,26.69,57.72,2.62,80,0.0,0.2399999999999716,0,0.7454378568683001,-0.6665751282095632,0.0
2023-05-15,0.01,31.18,37.31,25.97,61.62,2.69,80,0.0,0.07999999999997158,0,0.7338853664321991,-0.6792733388972931,0.0
2023-05-16,0.03,31.02,36.46,26.88,65.04,2.84,80,0.0,0.04999999999997158,0,0.722116596610116,-0.6917713646142222,0.0
2023-05-17,0.02,31.6,38.84,26.56,60.33,2.86,80,0.0,0.059999999999971576,0,0.7101350157125357,-0.7040655221348058,0.0
2023-05-18,0.01,31.76,39.3,26.2,58.1,2.65,80,0.0,0.06999999999997157,0,0.6979441547663435,-0.7161521883143933,0.0
2023-05-19,0.01,31.92,39.22,25.95,57.49,2.53,80,0.0,0.07999999999997158,0,0.6855476064742155,-0.7280278011569847,0.0
2023-05-20,0.03,31.27,38.01,26.59,62.41,2.41,80,0.0,0.09999999999997158,0,0.672949024155833,-0.7396888608649667,0.0
2023-05-21,0.16,31.34,38.22,26.48,60.68,2.55,80,0.0,0.2299999999999716,0,0.660152120671232,-0.7511319308705197,0.0
2023-05-22,0.27,31.53,38.9,26.1,56.71,2.56,80,0.0,0.4799999999999716,0,0.647160667326606,-0.7623536388483902,0.0
2023-05-23,0.03,31.64,39.66,25.56,54.86,2.51,80,0.0,0.4999999999999716,0,0.6339784927628868,-0.7733506777097298,0.0
2023-05-24,0.12,31.24,38.1,25.96,56.89,2.79,80,0.0,0.6099999999999716,0,0.620609481827423,-0.7841198065767103,0.0
2023-05-25,0.34,30.8,36.87,26.65,59.97,3.19,80,0.0,0.9199999999999716,0,0.6070575744291006,-0.7946578517376249,0.0
2023-05-26,2.23,30.95,36.21,27.45,60.81,3.38,80,0.0,2.989999999999972,0,0.593326764377232,-0.8049617075821959,0.0
2023-05-27,0.77,30.62,35.83,26.56,59.99,3.32,80,0.0,3.4899999999999713,0,0.5794210982045638,-0.8150283375168113,0.0
2023-05-28,0.57,31.19,37.02,27.39,61.24,3.07,80,0.0,4.029999999999972,0,0.5653446739747428,-0.8248547748594245,0.0
2023-05-29,0.86,31.68,38.78,26.81,61.37,2.76,80,0.0,4.769999999999971,0,0.5511016400746,-0.8344381237138473,0.0
2023-05-30,1.41,32.15,39.42,26.08,57.32,2.55,80,0.0,5.839999999999971,0,0.5366961939916005,-0.8437755598231856,0.0
2023-05-31,0.46,32.29,38.63,27.44,57.47,2.19,80,0.0,4.069999999999971,0,0.522132581076825,-0.8528643314021596,0.0
2023-06-01,0.45,31.81,38.96,26.49,58.43,2.62,80,0.0,3.749999999999971,0,0.5074150932938458,-0.861701759948068,0.0
2023-06-02,0.99,30.79,36.81,26.81,63.41,2.93,80,0.0,4.1699999999999715,0,0.4925480679538644,-0.8702852410301553,0.0
2023-06-03,1.59,30.26,34.5,27.17,68.69,2.56,80,0.0,4.899999999999971,0,0.47753588643748834,-0.8786122450571482,0.0
2023-06-04,3.67,30.3,34.55,27.51,70.22,2.32,80,0.0,7.159999999999972,0,0.4623829729035151,-0.8866803180227399,0.0
2023-06-05,2.68,29.85,34.6,26.57,71.39,2.2,80,0.0,9.37999999999997,0,0.44709379298511426,-0.8944870822287954,0.0
2023-06-06,0.2,30.8,36.24,26.79,67.22,2.37,80,0.0,9.129999999999972,0,0.43167285247378384,-0.9020302369860707,0.0
2023-06-07,0.18,30.67,35.67,26.91,67.33,2.4,80,0.0,8.319999999999972,0,0.4161246959914746,-0.9093075592922357,0.0
2023-06-08,0.13,31.32,36.46,27.39,66.31,2.17,80,0.0,6.859999999999971,0,0.4004539056512664,-0.9163169044870048,0.0
2023-06-09,2.95,30.84,34.48,27.56,70.11,3.08,80,0.0,6.139999999999971,0,0.3846650997070012,-0.923056206884176,0.0
2023-06-10,3.67,30.89,35.56,27.97,70.06,4.54,80,0.0,7.129999999999971,0,0.3687629311922603,-0.9295234803804002,0.0
2023-06-11,0.67,31.08,36.01,27.56,65.9,5.84,80,0.0,7.599999999999971,0,0.352752086549095,-0.9357168190404935,0.0
2023-06-12,6.14,31.06,35.92,27.24,65.33,6.66,80,0.0,13.55999999999997,0,0.3366372842469106,-0.9416343976591258,0.0
2023-06-13,2.62,30.41,34.84,26.95,68.85,6.0,80,0.0,16.04999999999997,0,0.3204232733919116,-0.9472744722987168,0.0
2023-06-14,10.22,30.44,35.18,27.21,69.54,6.02,80,0.0,23.319999999999972,0,0.30411483232751846,-0.9526353808033824,0.0
2023-06-15,3.32,30.3,34.6,27.39,71.44,6.1,80,0.0,22.96999999999997,0,0.2877167672261668,-0.9577155432887804,0.0
2023-06-16,2.52,30.27,34.28,27.58,73.47,6.65,80,0.0,24.819999999999972,0,0.27123391067291,-0.9625134626077081,0.0
2023-06-17,1.75,29.98,33.97,27.42,74.15,5.52,80,0.0,20.42999999999997,0,0.2546711202412288,-0.9670277247913204,0.0
2023-06-18,0.6,29.82,33.88,27.11,74.36,4.35,80,0.0,18.409999999999975,0,0.2380332770614858,-0.9712569994658313,0.0
2023-06-19,0.3,29.93,34.75,26.75,73.52,3.66,80,0.0,8.489999999999972,0,0.22132528438243243,-0.9752000402445825,0.0
2023-06-20,0.37,30.1,34.62,26.92,73.31,3.57,80,0.0,5.539999999999971,0,0.2045520661262008,-0.9788556850953578,0.0
2023-06-21,0.38,29.99,34.37,27.09,72.87,3.22,80,0.0,3.3999999999999715,0,0.18771856543719884,-0.9822228566828406,0.0
2023-06-22,1.49,29.93,34.4,26.93,73.01,3.14,80,0.0,3.1399999999999713,0,0.17082974322534442,-0.985300562686109,0.0
2023-06-23,2.76,29.89,34.96,26.5,72.31,3.13,80,0.0,5.2999999999999705,0,0.15389057670406214,-0.9880878960910771,1.0
2023-06-24,55.03,28.09,30.7,26.31,84.46,2.91,80,16.93120003779646,60.02999999999997,1,0.13690605792347574,-0.9905840354577969,1.0
2023-06-25,48.76,27.97,31.28,25.78,84.09,2.38,92,29.5992746528011,108.41999999999997,1,0.11988119229922782,-0.9927882451625399,1.0
2023-06-26,60.95,27.25,29.55,25.39,84.99,2.78,92,40.65064258621416,168.98999999999995,1,0.10282099713736025,-0.9946998756145891,1.0
2023-06-27,64.05,26.25,28.0,24.68,87.71,2.44,92,43.51525868240895,231.54999999999998,1,0.0857305001556943,-0.9963183634476755,1.0
2023-06-28,55.61,27.11,29.6,25.1,87.84,4.65,92,35.76281023627308,284.4,1,0.0686147380021341,-0.9976432316860063,0.0
2023-06-29,20.18,26.83,28.98,25.39,84.97,4.41,92,6.564403883246881,249.54999999999995,0,0.05147875477034673,-0.9986740898848305,1.0
2023-06-30,98.85,26.79,28.48,25.21,90.88,4.57,92,76.53236234128312,299.64,1,0.03432760051324382,-0.9994106342455052,1.0
2023-07-01,37.16,27.0,28.78,25.63,89.98,4.56,92,19.552925870303028,275.84999999999997,1,0.01716632975470737,-0.9998526477050269,1.0
2023-07-02,26.88,27.56,29.64,26.07,88.65,4.26,92,11.326009287673463,238.67999999999995,1,1.2246467991473532e-16,-1.0,1.0
2023-07-03,40.78,27.63,29.48,26.14,89.9,3.67,92,22.6218844611644,223.84999999999994,1,-0.017166329754707124,-0.9998526477050269,1.0
2023-07-04,33.35,27.26,29.19,26.03,91.89,3.1,92,16.407349658291146,237.01999999999995,1,-0.03432760051324313,-0.9994106342455054,0.0
2023-07-05,18.17,27.05,29.75,25.48,90.24,3.16,92,5.277247220732177,156.33999999999997,0,-0.051478754770346045,-0.9986740898848305,1.0
2023-07-06,41.31,26.59,28.2,24.99,91.41,3.2,92,23.07688385551499,160.48999999999998,1,-0.06861473800213432,-0.9976432316860063,1.0
2023-07-07,58.42,27.11,28.44,26.22,93.43,5.05,92,38.326960307944724,192.02999999999997,1,-0.0857305001556945,-0.9963183634476755,0.0
2023-07-08,24.86,27.09,28.92,25.8,89.74,5.24,92,9.826111509662578,176.10999999999999,0,-0.10282099713736044,-0.9946998756145891,0.0
2023-07-09,13.56,26.84,28.89,25.45,89.38,4.74,92,2.676543627167316,156.32,0,-0.11988119229922714,-0.99278824516254,0.0
2023-07-10,6.49,26.98,29.06,25.36,88.89,3.84,92,0.1778056337785722,144.63999999999996,0,-0.13690605792347504,-0.990584035457797,0.0
2023-07-11,5.06,26.95,29.17,24.83,88.96,3.35,92,0.018167788595086155,108.38999999999997,0,-0.15389057670406148,-0.9880878960910772,0.0
2023-07-12,8.38,27.05,29.16,25.44,89.6,2.71,92,0.6027842516302356,58.34999999999997,0,-0.17082974322534417,-0.985300562686109,0.0
2023-07-13,23.03,27.02,29.36,25.05,89.12,2.72,92,8.51186494516739,56.519999999999975,0,-0.1877185654371986,-0.9822228566828407,1.0
2023-07-14,30.68,27.05,29.01,25.61,90.31,3.24,92,14.265373688466012,73.63999999999997,1,-0.20455206612620058,-0.9788556850953579,0.0
2023-07-15,14.66,27.03,29.19,25.35,89.76,3.57,92,3.2450492973476144,81.80999999999997,0,-0.22132528438243218,-0.9752000402445826,1.0
2023-07-16,25.31,26.84,28.96,25.58,91.59,3.47,92,10.156014745654394,102.05999999999997,1,-0.23803327706148514,-0.9712569994658315,1.0
2023-07-17,52.73,26.91,28.86,25.5,90.12,4.04,92,33.15515020258385,146.40999999999997,1,-0.254671120241229,-0.9670277247913203,1.0
2023-07-18,129.54,26.62,28.32,25.75,92.45,4.93,92,106.34952412016047,252.91999999999996,1,-0.2712339106729102,-0.9625134626077081,1.0
2023-07-19,136.7,26.36,27.71,25.46,92.73,5.12,92,113.35581944980191,358.93999999999994,1,-0.287716767226167,-0.9577155432887803,1.0
2023-07-20,63.91,26.23,27.82,25.0,92.97,5.14,92,43.38550321986098,408.18999999999994,1,-0.3041148323275178,-0.9526353808033826,1.0
2023-07-21,78.36,25.9,27.56,24.5,93.01,4.13,92,56.935688174168156,461.23999999999995,1,-0.32042327339191096,-0.947274472298717,1.0
2023-07-22,60.22,25.89,26.92,25.02,93.97,4.33,92,39.97879726955765,468.72999999999996,1,-0.3366372842469099,-0.941634397659126,1.0
2023-07-23,48.71,26.51,28.19,25.07,92.77,5.0,92,29.554806191351286,387.8999999999999,1,-0.35275208654909473,-0.9357168190404936,1.0
2023-07-24,61.74,26.58,28.33,25.39,92.2,4.78,92,41.378912712586235,312.93999999999994,1,-0.36876293119226006,-0.9295234803804003,1.0
2023-07-25,60.93,26.07,27.15,25.3,93.85,3.85,92,40.63222147291541,309.96,1,-0.38466509970700097,-0.9230562068841761,1.0
2023-07-26,112.09,26.16,27.43,25.19,93.55,4.15,92,89.3451719255083,343.68999999999994,1,-0.40045390565126615,-0.9163169044870049,1.0
2023-07-27,80.52,26.18,27.33,25.28,93.2,4.55,92,58.98393619995117,363.99,1,-0.4161246959914748,-0.9093075592922356,1.0
2023-07-28,52.54,26.27,27.98,25.14,92.03,4.47,92,32.9839026990759,367.81999999999994,1,-0.431672852473784,-0.9020302369860707,1.0
2023-07-29,25.27,26.31,28.25,24.77,90.8,4.34,92,10.126588082868478,331.34999999999997,1,-0.44709379298511404,-0.8944870822287955,0.0
2023-07-30,18.35,26.2,28.11,25.02,91.69,4.23,92,5.389226213436829,288.77,0,-0.4623829729035149,-0.88668031802274,0.0
2023-07-31,15.75,26.45,28.46,25.21,91.64,4.5,92,3.8428991823609437,192.42999999999998,0,-0.4775358864374881,-0.8786122450571483,0.0
2023-08-01,16.14,26.35,28.12,25.22,91.56,4.71,92,4.06451706041735,128.04999999999998,0,-0.4925480679538642,-0.8702852410301554,0.0
2023-08-02,7.61,26.03,27.8,25.0,91.66,4.44,92,0.4032011704276341,83.11999999999998,0,-0.5074150932938452,-0.8617017599480683,0.0
2023-08-03,5.84,26.02,27.83,24.65,90.48,4.27,92,0.08608476942176943,63.68999999999997,0,-0.5221325810768248,-0.8528643314021597,0.0
2023-08-04,13.43,26.36,28.35,24.97,90.24,4.51,92,2.611840870865998,58.769999999999975,0,-0.5366961939916004,-0.8437755598231858,0.0
2023-08-05,8.19,26.13,28.23,24.65,90.23,4.05,92,0.5503795694499373,51.209999999999965,0,-0.5511016400745999,-0.8344381237138474,0.0
2023-08-06,5.59,26.06,28.33,24.44,89.87,4.22,86,0.0,40.65999999999997,0,-0.5653446739747425,-0.8248547748594246,0.0
2023-08-07,3.39,25.96,27.77,24.58,89.58,4.09,86,0.0,36.43999999999997,0,-0.5794210982045637,-0.8150283375168114,0.0
2023-08-08,4.73,26.17,28.6,24.81,89.06,3.98,86,0.0,35.32999999999997,0,-0.5933267643772321,-0.8049617075821958,0.0
2023-08-09,5.86,26.12,28.23,24.58,90.39,3.16,86,0.0,27.759999999999973,0,-0.6070575744291004,-0.794657851737625,0.0
2023-08-10,9.57,26.0,27.95,24.37,90.12,2.91,80,0.0,29.139999999999972,0,-0.6206094818274228,-0.7841198065767104,0.0
2023-08-11,4.05,26.32,29.15,24.14,87.94,2.83,80,0.0,27.599999999999977,0,-0.6339784927628865,-0.77335067770973,0.0
2023-08-12,4.83,26.13,28.79,24.01,87.7,3.1,80,0.0,29.039999999999974,0,-0.6471606673266059,-0.7623536388483905,0.0
2023-08-13,5.99,25.74,27.89,24.35,89.2,3.28,80,0.0,30.299999999999976,0,-0.6601521206712315,-0.7511319308705201,0.0
2023-08-14,2.91,25.92,28.54,24.32,88.41,3.33,80,0.0,27.349999999999973,0,-0.6729490241558326,-0.7396888608649671,0.0
2023-08-15,2.44,26.09,28.85,24.12,87.29,3.09,80,0.0,20.21999999999997,0,-0.6855476064742154,-0.7280278011569848,0.0
2023-08-16,3.93,26.13,29.15,24.06,87.73,2.77,80,0.0,20.099999999999973,0,-0.6979441547663433,-0.7161521883143935,0.0
2023-08-17,2.77,26.2,29.38,23.76,87.82,2.83,80,0.0,18.039999999999974,0,-0.7101350157125356,-0.7040655221348059,0.0
2023-08-18,2.64,26.09,28.58,24.3,88.29,3.02,80,0.0,14.689999999999971,0,-0.7221165966101161,-0.691771364614222,0.0
2023-08-19,6.83,26.44,29.43,24.45,88.07,3.34,80,0.0,18.60999999999997,0,-0.7338853664321993,-0.6792733388972929,0.0
2023-08-20,8.01,26.32,28.94,24.33,88.64,3.28,80,0.0,24.17999999999997,0,-0.7454378568683002,-0.6665751282095631,0.0
2023-08-21,4.27,26.13,29.11,23.7,87.58,2.65,80,0.0,24.51999999999997,0,-0.7567706633464625,-0.653680474772006,0.0
2023-08-22,9.25,26.19,29.09,23.95,88.66,2.67,80,0.0,30.99999999999997,0,-0.7678804460366,-0.6405931786981752,0.0
2023-08-23,6.84,26.32,28.82,24.11,89.56,2.79,80,0.0,35.199999999999974,0,-0.7787639308347605,-0.627317096874294,0.0
2023-08-24,12.16,26.7,29.25,24.61,89.74,3.17,86,0.3345318423700357,40.52999999999997,0,-0.7894179103280194,-0.6138561418226122,0.0
2023-08-25,17.75,26.95,29.55,25.04,89.63,3.3,86,1.768177339613198,50.26999999999997,0,-0.7998392447397191,-0.6002142805483686,0.0
2023-08-26,19.21,26.81,29.23,25.13,89.06,3.4,86,2.288981023347664,65.20999999999998,0,-0.8100248628547748,-0.5863955333706962,0.0
2023-08-27,18.6,26.79,29.77,24.87,88.54,3.14,92,5.545872640280197,74.55999999999997,0,-0.8199717629247767,-0.5724039727378154,0.0
2023-08-28,10.12,26.22,28.97,24.24,90.29,2.52,92,1.1702142758022078,77.83999999999997,0,-0.8296770135526184,-0.5582437220268655,0.0
2023-08-29,1.43,26.37,29.76,23.66,87.35,1.97,92,0.0,67.10999999999997,0,-0.8391377545563938,-0.5439189543287248,0.0
2023-08-30,0.25,26.58,30.14,23.85,85.33,1.52,92,0.0,49.60999999999997,0,-0.8483511978123038,-0.5294338912181854,0.0
2023-08-31,0.28,26.63,30.79,23.45,86.41,1.56,86,0.0,30.67999999999997,0,-0.8573146280763322,-0.514792801509831,0.0
2023-09-01,10.61,26.94,31.14,24.02,87.1,1.72,80,0.0,22.68999999999997,0,-0.8660254037844384,-0.5000000000000004,0.0
2023-09-02,23.17,25.86,28.07,24.3,90.45,2.04,80,1.481964309855347,35.739999999999974,0,-0.8744809578310394,-0.4850598461951967,0.0
2023-09-03,3.75,26.19,29.5,23.78,87.68,2.02,86,0.0,38.059999999999974,0,-0.8826787983255475,-0.4699767430273199,0.0
2023-09-04,1.19,26.06,29.39,23.92,87.53,2.26,86,0.0,38.99999999999997,0,-0.8906165093267404,-0.45475513555610575,0.0
2023-09-05,0.67,26.16,29.76,23.55,86.33,2.06,86,0.0,39.38999999999997,0,-0.8982917515547529,-0.4393995096591416,0.0
2023-09-06,3.23,26.25,29.32,23.53,88.92,2.57,86,0.0,32.00999999999998,0,-0.9057022630804714,-0.42391439070986087,1.0
2023-09-07,69.38,25.75,26.71,25.05,92.71,3.45,80,26.73175569978365,78.21999999999997,1,-0.9128458599921354,-0.40830434224389367,1.0
2023-09-08,66.91,26.26,27.26,25.34,92.93,3.88,92,46.17340053179756,141.37999999999997,1,-0.9197204370389468,-0.3925739646141714,0.0
2023-09-09,14.62,26.76,28.63,25.42,91.55,3.31,92,3.223741896051678,154.80999999999997,0,-0.9263239682514951,-0.3767278936351848,0.0
2023-09-10,5.8,27.02,29.45,25.46,90.72,2.85,92,0.08145045669088397,159.93999999999994,0,-0.9326545075388225,-0.3607707992167831,0.0
2023-09-11,3.58,26.87,29.76,24.99,89.74,3.02,92,0.0,160.28999999999996,0,-0.9387101892619443,-0.3447073839879337,0.0
2023-09-12,1.38,26.54,29.56,24.14,88.44,2.43,92,0.0,92.28999999999996,0,-0.9444892287836613,-0.32854238191083474,0.0
2023-09-13,4.79,26.31,29.21,24.05,88.64,2.43,92,0.006181653061035567,30.16999999999997,0,-0.9499899229945009,-0.3122805568857948,0.0
2023-09-14,6.99,26.48,29.35,24.03,87.4,1.78,80,0.0,22.53999999999997,0,-0.9552106508146316,-0.29592670134728966,0.0
2023-09-15,2.06,26.66,29.39,24.41,88.49,1.89,80,0.0,18.799999999999972,0,-0.9601498736716017,-0.2794856348516098,0.0
2023-09-16,7.68,26.63,28.64,25.42,91.14,2.81,80,0.0,22.89999999999997,0,-0.9648061359537644,-0.2629622026565152,0.0
2023-09-17,9.28,27.13,29.61,25.46,89.42,3.51,80,0.0,30.79999999999997,0,-0.9691780654392534,-0.24636127429331536,0.0
2023-09-18,16.68,27.14,29.82,25.41,89.08,3.83,80,0.23474214582098382,42.68999999999997,0,-0.9732643737003823,-0.2296877421317963,0.0
2023-09-19,12.85,27.13,29.72,25.44,88.69,3.61,86,0.4567593115398279,48.54999999999997,0,-0.9770638564833508,-0.21294651993841573,0.0
2023-09-20,18.3,27.19,29.81,25.39,90.8,3.28,86,1.958104061162172,64.78999999999996,0,-0.9805753940631429,-0.19614254142819712,1.0
2023-09-21,31.49,26.93,29.34,25.49,92.2,2.04,92,14.909125789595317,88.59999999999997,1,-0.9837979515735163,-0.1792807588107359,0.0
2023-09-22,17.51,26.7,29.09,24.87,91.06,1.62,92,4.872612876202515,96.82999999999997,0,-0.9867305793119814,-0.16236614133076413,1.0
2023-09-23,32.05,26.13,27.98,24.87,93.22,1.75,92,15.35735600238008,112.19999999999997,1,-0.9893724130196829,-0.14540367380369032,0.0
2023-09-24,13.16,25.92,28.45,24.33,91.28,1.81,92,2.4792177984455064,112.50999999999996,0,-0.9917226741361014,-0.12839835514655154,0.0
2023-09-25,14.84,26.02,28.93,24.01,91.69,1.92,92,3.3415018409588346,109.04999999999997,0,-0.9937806700284985,-0.11135519690480865,0.0
2023-09-26,19.45,26.09,28.26,24.54,91.69,1.61,92,6.087876376599403,97.00999999999998,0,-0.9955457941960382,-0.09427922177542443,0.0
2023-09-27,20.73,26.76,29.29,24.85,91.89,2.14,92,6.929797276375117,100.22999999999996,0,-0.9970175264485267,-0.07717546212664643,0.0
2023-09-28,17.43,27.18,30.13,24.91,90.49,1.92,92,4.824218876143318,85.60999999999997,0,-0.998195433059714,-0.06004895851494849,0.0
2023-09-29,16.05,27.71,31.26,25.05,86.97,1.93,92,4.013028762196814,88.49999999999997,0,-0.9990791668951153,-0.04290475819955383,0.0
2023-09-30,18.01,27.24,30.4,24.69,90.18,2.11,92,5.178286507344042,91.66999999999997,0,-0.9996684675143132,-0.025747913654988113,0.0
2023-10-01,13.51,26.72,29.04,25.13,92.56,2.23,92,2.6515935137586486,85.72999999999998,0,-0.9999631612477099,-0.008583481082086734,0.0
2023-10-02,10.45,26.33,29.21,24.33,88.89,1.79,92,1.2942009377993648,75.44999999999996,0,-0.9999631612477099,0.008583481082087254,0.0
2023-10-03,0.01,26.24,29.64,23.78,85.85,1.32,92,0.0,58.02999999999997,0,-0.999668467514313,0.025747913654988634,0.0
2023-10-04,0.0,26.26,30.29,23.57,86.57,1.39,92,0.0,41.979999999999976,0,-0.9990791668951153,0.04290475819955435,0.0
2023-10-05,0.01,25.82,30.08,22.3,87.03,1.56,86,0.0,23.979999999999972,0,-0.998195433059714,0.06004895851494813,0.0
2023-10-06,0.04,26.09,30.44,23.02,85.84,1.39,80,0.0,10.509999999999971,0,-0.9970175264485267,0.07717546212664607,0.0
2023-10-07,0.0,26.49,31.09,22.92,86.21,1.51,80,0.0,0.059999999999971576,0,-0.9955457941960382,0.09427922177542405,0.0
2023-10-08,0.0,27.15,32.43,22.79,83.12,1.47,80,0.0,0.049999999999971574,0,-0.9937806700284985,0.11135519690480827,0.0
2023-10-09,0.0,26.84,31.61,23.0,82.8,1.64,80,0.0,0.049999999999971574,0,-0.9917226741361016,0.1283983551465503,0.0
2023-10-10,0.0,25.99,31.13,21.9,83.43,1.95,80,0.0,0.03999999999997157,0,-0.9893724130196829,0.14540367380368996,0.0
2023-10-11,0.0,26.17,31.61,21.63,81.64,1.58,80,0.0,0.0,0,-0.9867305793119814,0.16236614133076377,0.0
2023-10-12,0.0,27.44,33.29,22.79,77.74,1.43,80,0.0,0.0,0,-0.9837979515735163,0.17928075881073555,0.0
2023-10-13,0.05,27.74,33.61,22.69,76.37,1.69,80,0.0,0.04999999999997158,0,-0.980575394063143,0.19614254142819676,0.0
2023-10-14,0.08,27.78,33.26,22.69,72.26,1.29,80,0.0,0.12999999999997158,0,-0.9770638564833509,0.21294651993841537,0.0
2023-10-15,0.21,27.44,32.98,22.84,77.19,1.4,80,0.0,0.33999999999997155,0,-0.9732643737003827,0.22968774213179508,0.0
2023-10-16,0.4,27.76,32.69,23.45,76.57,1.38,80,0.0,0.7399999999999716,0,-0.9691780654392538,0.24636127429331414,0.0
2023-10-17,0.45,27.63,32.95,23.04,75.47,1.3,80,0.0,1.1899999999999715,0,-0.9648061359537647,0.262962202656514,0.0
2023-10-18,0.04,26.96,32.58,22.49,77.28,2.0,80,0.0,1.1799999999999715,0,-0.9601498736716018,0.2794856348516095,0.0
2023-10-19,0.01,27.04,32.98,21.96,75.36,1.66,80,0.0,1.1099999999999717,0,-0.9552106508146317,0.2959267013472893,0.0
2023-10-20,0.02,27.72,32.63,23.0,74.32,1.53,80,0.0,0.9199999999999716,0,-0.9499899229945011,0.3122805568857945,0.0
2023-10-21,0.01,27.46,32.24,22.95,76.12,1.77,80,0.0,0.5299999999999716,0,-0.9444892287836614,0.3285423819108344,0.0
2023-10-22,0.05,27.48,32.25,23.34,77.2,1.51,80,0.0,0.12999999999997158,0,-0.938710189261944,0.3447073839879342,0.0
2023-10-23,0.0,26.83,32.76,21.98,73.63,1.68,80,0.0,0.08999999999997157,0,-0.9326545075388223,0.3607707992167836,0.0
2023-10-24,0.0,26.68,32.35,22.33,73.59,1.79,80,0.0,0.07999999999997158,0,-0.9263239682514949,0.3767278936351853,0.0
2023-10-25,0.0,25.92,32.32,20.86,71.17,2.15,80,0.0,0.05999999999997158,0,-0.9197204370389466,0.3925739646141719,0.0
2023-10-26,0.0,25.32,31.85,19.84,65.69,2.56,80,0.0,0.04999999999997158,0,-0.9128458599921356,0.40830434224389334,0.0
2023-10-27,0.0,24.73,31.81,18.73,64.9,2.25,80,0.0,0.0,0,-0.9057022630804715,0.42391439070986053,0.0
2023-10-28,0.0,25.12,32.3,18.75,64.73,2.02,80,0.0,0.0,0,-0.898291751554753,0.4393995096591413,0.0
2023-10-29,0.0,25.26,32.69,18.63,63.93,1.77,80,0.0,0.0,0,-0.8906165093267405,0.4547551355561054,0.0
2023-10-30,0.0,25.0,32.31,19.09,65.25,2.34,80,0.0,0.0,0,-0.8826787983255476,0.46997674302731957,0.0
2023-10-31,0.0,24.78,31.68,18.56,67.0,2.27,80,0.0,0.0,0,-0.8744809578310401,0.4850598461951956,0.0
2023-11-01,0.0,24.59,31.66,18.94,70.12,2.23,80,0.0,0.0,0,-0.8660254037844386,0.5000000000000001,0.0
2023-11-02,0.0,24.93,31.66,18.97,69.93,2.03,80,0.0,0.0,0,-0.8573146280763323,0.5147928015098308,0.0
2023-11-03,0.0,25.31,32.47,19.61,69.14,2.14,80,0.0,0.0,0,-0.848351197812304,0.5294338912181851,0.0
2023-11-04,0.0,25.78,33.43,19.06,66.62,2.55,80,0.0,0.0,0,-0.8391377545563939,0.5439189543287245,0.0
2023-11-05,0.01,26.29,32.35,21.17,72.09,2.37,80,0.0,0.009999999999971578,0,-0.8296770135526191,0.5582437220268645,0.0
2023-11-06,0.01,25.16,31.15,20.61,71.9,2.7,80,0.0,0.01999999999997158,0,-0.8199717629247775,0.5724039727378144,0.0
2023-11-07,0.0,25.66,31.82,20.66,76.32,2.05,80,0.0,0.01999999999997158,0,-0.8100248628547756,0.5863955333706952,0.0
2023-11-08,3.53,26.07,30.69,22.27,81.78,1.92,80,0.0,3.5499999999999714,0,-0.7998392447397199,0.6002142805483676,0.0
2023-11-09,0.72,26.56,30.42,23.35,82.13,1.23,80,0.0,4.269999999999971,0,-0.7894179103280197,0.613856141822612,0.0
2023-11-10,11.2,25.68,28.39,24.04,86.64,1.77,80,0.0,15.45999999999997,0,-0.7787639308347607,0.6273170968742937,0.0
2023-11-11,1.33,26.08,32.13,21.78,74.28,2.17,80,0.0,16.779999999999973,0,-0.7678804460366002,0.640593178698175,0.0
2023-11-12,0.0,25.8,32.75,20.97,70.49,2.65,80,0.0,16.779999999999973,0,-0.7567706633464628,0.6536804747720056,0.0
2023-11-13,0.0,24.98,32.04,19.54,70.54,2.46,80,0.0,13.24999999999997,0,-0.7454378568682999,0.6665751282095634,0.0
2023-11-14,0.0,24.93,32.08,19.9,67.93,1.8,80,0.0,12.529999999999971,0,-0.7338853664321989,0.6792733388972934,0.0
2023-11-15,0.0,24.24,31.52,18.25,68.0,1.79,80,0.0,1.3299999999999716,0,-0.7221165966101161,0.6917713646142221,0.0
2023-11-16,0.0,24.22,31.51,18.38,66.02,1.99,80,0.0,0.0,0,-0.7101350157125358,0.7040655221348057,0.0
2023-11-17,0.0,23.92,31.31,17.79,66.33,2.22,80,0.0,0.0,0,-0.6979441547663436,0.7161521883143933,0.0
2023-11-18,0.0,24.09,31.51,18.32,68.25,1.87,80,0.0,0.0,0,-0.6855476064742156,0.7280278011569846,0.0
2023-11-19,0.0,25.35,31.79,19.96,72.54,1.64,80,0.0,0.0,0,-0.6729490241558331,0.7396888608649665,0.0
2023-11-20,0.0,26.39,32.63,21.37,70.45,2.01,80,0.0,0.0,0,-0.6601521206712321,0.7511319308705195,0.0
2023-11-21,0.0,25.02,31.71,19.76,69.59,2.21,80,0.0,0.0,0,-0.6471606673266065,0.7623536388483899,0.0
2023-11-22,0.0,23.82,30.78,18.47,67.69,2.37,80,0.0,0.0,0,-0.6339784927628872,0.7733506777097294,0.0
2023-11-23,0.0,24.2,31.16,18.13,68.09,1.98,80,0.0,0.0,0,-0.6206094818274227,0.7841198065767104,0.0
2023-11-24,0.01,26.14,31.88,20.66,72.67,2.09,80,0.0,0.009999999999971578,0,-0.607057574429101,0.7946578517376245,0.0
2023-11-25,1.59,26.83,32.55,21.76,70.86,2.25,80,0.0,1.5999999999999717,0,-0.5933267643772321,0.8049617075821959,0.0
2023-11-26,6.62,25.79,30.24,22.65,82.77,2.38,80,0.0,8.219999999999972,0,-0.5794210982045647,0.8150283375168107,0.0
2023-11-27,5.52,25.65,29.49,22.69,84.42,1.55,80,0.0,13.73999999999997,0,-0.5653446739747432,0.8248547748594242,0.0
2023-11-28,0.08,24.31,28.87,21.11,83.86,1.39,80,0.0,13.81999999999997,0,-0.5511016400745998,0.8344381237138475,0.0
2023-11-29,0.0,23.3,28.52,19.39,81.23,1.3,80,0.0,13.80999999999997,0,-0.5366961939916011,0.8437755598231853,0.0
2023-11-30,0.08,23.86,29.72,19.74,82.04,1.34,80,0.0,12.29999999999997,0,-0.5221325810768248,0.8528643314021598,0.0
2023-12-01,0.09,23.68,29.49,19.72,83.39,1.29,80,0.0,5.76999999999997,0,-0.5074150932938463,0.8617017599480677,0.0
2023-12-02,0.04,24.91,31.28,19.42,78.83,1.68,80,0.0,0.28999999999997067,0,-0.4925480679538645,0.8702852410301551,0.0
2023-12-03,0.0,25.47,31.68,21.47,75.05,2.09,80,0.0,0.20999999999997068,0,-0.47753588643748845,0.8786122450571482,0.0
2023-12-04,0.02,26.11,32.13,21.59,75.79,1.86,80,0.0,0.2299999999999707,0,-0.4623829729035152,0.8866803180227398,0.0
2023-12-05,0.0,25.52,31.54,20.77,71.85,1.93,80,0.0,0.14999999999997068,0,-0.44709379298511437,0.8944870822287954,0.0
2023-12-06,0.0,24.57,29.59,20.05,72.12,2.48,80,0.0,0.05999999999997069,0,-0.43167285247378356,0.9020302369860709,0.0
2023-12-07,0.01,24.46,29.8,20.13,73.0,1.76,80,0.0,0.02999999999997069,0,-0.4161246959914751,0.9093075592922355,0.0
2023-12-08,0.0,24.19,30.52,18.93,73.51,1.86,80,0.0,0.02999999999997069,0,-0.4004539056512665,0.9163169044870048,0.0
2023-12-09,0.0,24.72,31.59,18.75,68.87,1.55,80,0.0,0.00999999999997069,0,-0.3846650997070013,0.923056206884176,0.0
2023-12-10,0.0,24.51,31.49,19.04,71.24,1.75,80,0.0,0.00999999999997069,0,-0.3687629311922604,0.9295234803804002,0.0
2023-12-11,0.0,24.28,30.9,19.17,71.95,1.39,80,0.0,0.00999999999997069,0,-0.3527520865490943,0.9357168190404939,0.0
2023-12-12,0.0,23.46,30.25,18.03,70.28,1.38,80,0.0,0.0,0,-0.3366372842469107,0.9416343976591258,0.0
2023-12-13,0.0,23.86,31.12,17.63,67.11,1.4,80,0.0,0.0,0,-0.3204232733919109,0.947274472298717,0.0
2023-12-14,0.0,24.02,30.88,18.46,63.28,2.53,80,0.0,0.0,0,-0.30411483232751857,0.9526353808033823,0.0
2023-12-15,0.0,23.45,30.38,17.58,59.93,2.44,80,0.0,0.0,0,-0.28771676722616696,0.9577155432887803,0.0
2023-12-16,0.0,22.55,30.23,15.95,60.77,1.47,80,0.0,0.0,0,-0.27123391067291097,0.9625134626077079,0.0
2023-12-17,0.05,23.55,30.81,17.54,67.15,2.27,80,0.0,0.04999999999997069,0,-0.25467112024122895,0.9670277247913203,0.0
2023-12-18,0.33,23.24,28.79,19.71,64.3,3.95,80,0.0,0.3799999999999707,0,-0.23803327706148678,0.9712569994658311,0.0
2023-12-19,0.0,23.03,29.51,19.31,60.35,3.73,80,0.0,0.3799999999999707,0,-0.22132528438243296,0.9752000402445824,0.0
2023-12-20,0.0,21.87,28.16,17.32,58.44,2.82,80,0.0,0.3799999999999707,0,-0.2045520661262005,0.9788556850953579,0.0
2023-12-21,0.0,21.79,27.37,17.83,58.9,2.61,80,0.0,0.3799999999999707,0,-0.1877185654371994,0.9822228566828405,0.0
2023-12-22,0.0,23.51,30.83,18.33,52.96,1.74,80,0.0,0.3299999999999707,0,-0.17082974322534408,0.985300562686109,0.0
2023-12-23,0.0,24.49,33.67,18.21,54.41,1.76,80,0.0,0.0,0,-0.1538905767040627,0.9880878960910771,0.0
2023-12-24,0.0,24.22,33.48,17.5,53.66,2.5,80,0.0,0.0,0,-0.1369060579234754,0.9905840354577969,0.0
2023-12-25,0.0,24.49,34.44,17.84,53.31,2.55,80,0.0,0.0,0,-0.1198811922992275,0.99278824516254,0.0
2023-12-26,0.0,24.08,33.73,17.77,54.22,2.24,80,0.0,0.0,0,-0.1028209971373608,0.9946998756145891,0.0
2023-12-27,0.0,24.13,33.22,17.51,57.23,2.25,80,0.0,0.0,0,-0.08573050015569487,0.9963183634476755,0.0
2023-12-28,0.0,24.29,33.18,17.73,58.23,2.2,80,0.0,0.0,0,-0.06861473800213468,0.9976432316860063,0.0
2023-12-29,0.0,25.22,33.81,18.51,54.61,1.74,80,0.0,0.0,0,-0.05147875477034641,0.9986740898848305,0.0
2023-12-30,0.0,24.94,33.54,18.73,59.36,2.01,80,0.0,0.0,0,-0.034327600513243496,0.9994106342455052,0.0
2023-12-31,0.0,25.07,33.56,18.65,58.35,1.78,80,0.0,0.0,0,-0.017166329754707492,0.9998526477050269,0.0
2024-01-01,0.0,24.68,32.8,18.83,60.93,1.64,80,0.0,0.0,0,0.01716632975470737,0.9998526477050269,0.0
2024-01-02,0.0,24.09,32.39,18.17,59.98,1.64,80,0.0,0.0,0,0.034327600513243496,0.9994106342455052,0.0
2024-01-03,0.0,23.56,31.84,17.7,58.83,1.92,80,0.0,0.0,0,0.05147875477034653,0.9986740898848305,0.0
2024-01-04,0.0,22.72,30.19,17.74,56.52,1.58,80,0.0,0.0,0,0.06861473800213404,0.9976432316860063,0.0
2024-01-05,0.0,21.44,29.32,15.48,58.2,1.61,80,0.0,0.0,0,0.08573050015569435,0.9963183634476755,0.0
2024-01-06,0.0,23.06,32.18,16.18,59.31,2.19,80,0.0,0.0,0,0.1028209971373604,0.9946998756145891,0.0
2024-01-07,0.02,24.34,31.75,18.75,66.73,2.28,80,0.0,0.01999999999997069,0,0.11988119229922722,0.99278824516254,0.0
2024-01-08,0.05,26.04,33.74,20.81,59.62,2.63,80,0.0,0.0699999999999707,0,0.13690605792347524,0.990584035457797,0.0
2024-01-09,0.98,25.73,32.4,21.12,64.74,2.21,80,0.0,1.0499999999999707,0,0.15389057670406178,0.9880878960910772,0.0
2024-01-10,0.02,25.92,32.22,20.29,61.47,1.91,80,0.0,1.0699999999999708,0,0.17082974322534417,0.985300562686109,0.0
2024-01-11,0.0,26.68,33.9,21.16,60.29,1.79,80,0.0,1.0699999999999708,0,0.1877185654371987,0.9822228566828407,0.0
2024-01-12,0.0,26.46,34.97,20.36,54.63,2.44,80,0.0,1.0499999999999707,0,0.2045520661262008,0.9788556850953578,0.0
2024-01-13,0.0,26.0,34.47,20.05,56.25,2.24,80,0.0,0.9999999999999707,0,0.22132528438243257,0.9752000402445825,0.0
2024-01-14,0.0,24.57,32.99,18.51,51.18,2.31,80,0.0,0.01999999999997069,0,0.2380332770614856,0.9712569994658314,0.0
2024-01-15,0.0,22.46,31.48,15.99,46.99,2.28,80,0.0,0.0,0,0.2546711202412287,0.9670277247913204,0.0
2024-01-16,0.0,21.47,30.62,14.44,50.53,1.63,80,0.0,0.0,0,0.27123391067291003,0.9625134626077081,0.0
2024-01-17,0.0,21.76,29.29,15.56,59.44,1.48,80,0.0,0.0,0,0.287716767226167,0.9577155432887803,0.0
2024-01-18,0.0,22.0,29.41,16.33,60.56,1.43,80,0.0,0.0,0,0.30411483232751785,0.9526353808033825,0.0
2024-01-19,0.0,22.18,30.46,15.24,54.63,1.66,80,0.0,0.0,0,0.3204232733919111,0.9472744722987169,0.0
2024-01-20,0.0,22.66,29.74,17.85,56.87,1.61,80,0.0,0.0,0,0.33663728424691025,0.9416343976591259,0.0
2024-01-21,0.0,22.93,32.55,15.05,50.56,1.77,80,0.0,0.0,0,0.3527520865490948,0.9357168190404936,0.0
2024-01-22,0.0,23.03,32.35,16.42,50.34,2.57,80,0.0,0.0,0,0.3687629311922601,0.9295234803804003,0.0
2024-01-23,0.0,21.87,31.41,14.75,42.88,2.68,80,0.0,0.0,0,0.3846650997070012,0.9230562068841761,0.0
2024-01-24,0.0,21.74,31.96,13.72,39.82,2.28,80,0.0,0.0,0,0.40045390565126643,0.9163169044870048,0.0
2024-01-25,0.0,22.39,32.85,13.91,38.69,2.4,80,0.0,0.0,0,0.41612469599147445,0.9093075592922358,0.0
2024-01-26,0.0,23.54,33.9,15.71,39.77,2.44,80,0.0,0.0,0,0.43167285247378384,0.9020302369860707,0.0
2024-01-27,0.0,24.88,34.96,17.78,41.99,1.87,80,0.0,0.0,0,0.44709379298511387,0.8944870822287956,0.0
2024-01-28,0.0,24.99,34.38,18.21,43.14,1.95,80,0.0,0.0,0,0.4623829729035149,0.88668031802274,0.0
2024-01-29,0.0,24.95,34.21,18.09,41.04,1.99,80,0.0,0.0,0,0.47753588643748823,0.8786122450571483,0.0
2024-01-30,0.0,24.42,33.18,18.03,42.87,1.99,80,0.0,0.0,0,0.4925480679538643,0.8702852410301553,0.0
2024-01-31,0.0,24.11,32.36,18.14,50.28,1.73,80,0.0,0.0,0,0.5074150932938455,0.8617017599480682,0.0
2024-02-01,0.04,23.02,30.33,16.97,62.49,1.81,80,0.0,0.03999999999997069,0,0.5221325810768248,0.8528643314021597,0.0
2024-02-02,0.0,23.82,32.46,16.68,58.78,2.07,80,0.0,0.03999999999997069,0,0.5366961939916004,0.8437755598231856,0.0
2024-02-03,0.0,26.23,36.15,18.7,43.6,2.47,80,0.0,0.03999999999997069,0,0.5511016400746002,0.8344381237138473,0.0
2024-02-04,0.0,27.23,36.59,20.45,43.02,2.04,80,0.0,0.03999999999997069,0,0.5653446739747429,0.8248547748594244,0.0
2024-02-05,0.0,27.02,35.53,21.29,44.68,1.82,80,0.0,0.03999999999997069,0,0.5794210982045637,0.8150283375168114,0.0
2024-02-06,0.0,26.68,36.01,19.8,45.82,1.77,80,0.0,0.0,0,0.593326764377232,0.8049617075821959,0.0
2024-02-07,0.0,26.43,35.76,19.35,48.38,2.33,80,0.0,0.0,0,0.6070575744291002,0.7946578517376252,0.0
2024-02-08,0.0,26.32,36.82,18.53,41.94,2.43,80,0.0,0.0,0,0.6206094818274227,0.7841198065767105,0.0
2024-02-09,0.0,26.04,35.86,18.64,42.83,2.0,80,0.0,0.0,0,0.6339784927628866,0.7733506777097299,0.0
2024-02-10,0.0,25.17,34.62,18.07,39.59,2.16,80,0.0,0.0,0,0.647160667326606,0.7623536388483904,0.0
2024-02-11,0.0,24.96,35.01,16.88,36.76,1.92,80,0.0,0.0,0,0.6601521206712317,0.7511319308705199,0.0
2024-02-12,0.0,25.42,34.81,18.09,39.34,1.74,80,0.0,0.0,0,0.6729490241558329,0.7396888608649669,0.0
2024-02-13,0.0,25.08,34.25,17.55,41.39,1.88,80,0.0,0.0,0,0.6855476064742154,0.7280278011569848,0.0
2024-02-14,0.0,25.71,35.96,17.9,32.14,2.63,80,0.0,0.0,0,0.6979441547663435,0.7161521883143933,0.0
2024-02-15,0.0,26.63,37.08,18.46,33.67,2.31,80,0.0,0.0,0,0.7101350157125358,0.7040655221348057,0.0
2024-02-16,0.0,28.04,37.5,21.15,41.09,2.32,80,0.0,0.0,0,0.7221165966101162,0.691771364614222,0.0
2024-02-17,0.0,28.61,37.78,22.14,38.58,1.74,80,0.0,0.0,0,0.733885366432199,0.6792733388972931,0.0
2024-02-18,0.0,28.23,37.12,21.91,38.04,1.56,80,0.0,0.0,0,0.7454378568683001,0.6665751282095632,0.0
2024-02-19,0.0,27.57,36.24,21.36,39.26,1.6,80,0.0,0.0,0,0.7567706633464625,0.653680474772006,0.0
2024-02-20,0.0,26.05,34.35,19.21,55.65,2.15,80,0.0,0.0,0,0.7678804460366,0.6405931786981751,0.0
2024-02-21,0.0,25.18,32.6,19.9,67.66,2.1,80,0.0,0.0,0,0.7787639308347607,0.6273170968742937,0.0
2024-02-22,0.0,25.0,32.91,20.06,65.1,2.08,80,0.0,0.0,0,0.7894179103280197,0.613856141822612,0.0
2024-02-23,0.0,24.63,33.49,17.84,54.44,2.11,80,0.0,0.0,0,0.7998392447397193,0.6002142805483682,0.0
2024-02-24,0.0,24.68,34.73,16.81,28.2,2.57,80,0.0,0.0,0,0.8100248628547753,0.5863955333706956,0.0
2024-02-25,0.0,25.28,36.44,15.55,21.75,2.36,80,0.0,0.0,0,0.8199717629247771,0.5724039727378148,0.0
2024-02-26,0.0,28.0,38.04,19.64,31.49,2.17,80,0.0,0.0,0,0.8296770135526188,0.5582437220268648,0.0
2024-02-27,0.01,29.1,37.33,23.68,36.8,1.86,80,0.0,0.00999999999997069,0,0.8391377545563938,0.5439189543287247,0.0
2024-02-28,0.0,30.16,39.29,23.13,39.52,2.22,80,0.0,0.00999999999997069,0,0.8483511978123038,0.5294338912181853,0.0
2024-02-29,0.18,30.79,40.05,23.13,40.75,1.89,80,0.0,0.1899999999999707,0,0.8573146280763322,0.5147928015098309,0.0
2024-03-01,0.95,30.23,38.31,25.11,51.93,1.73,80,0.0,1.1399999999999706,0,0.8660254037844386,0.5000000000000001,0.0
2024-03-02,0.37,27.82,34.93,23.01,60.91,2.46,80,0.0,1.5099999999999705,0,0.8744809578310397,0.4850598461951962,0.0
2024-03-03,0.09,25.06,30.41,20.08,63.04,3.19,80,0.0,1.5899999999999705,0,0.8826787983255474,0.46997674302731995,0.0
2024-03-04,0.0,24.15,32.61,17.67,45.96,2.32,80,0.0,1.5899999999999705,0,0.8906165093267404,0.4547551355561058,0.0
2024-03-05,0.0,24.8,35.13,16.1,31.66,2.1,80,0.0,1.4099999999999706,0,0.8982917515547528,0.4393995096591417,0.0
2024-03-06,0.0,25.53,34.49,18.53,29.34,1.91,80,0.0,0.45999999999997065,0,0.9057022630804714,0.42391439070986076,0.0
2024-03-07,0.0,27.12,37.65,17.86,32.64,2.55,80,0.0,0.08999999999997069,0,0.9128458599921356,0.40830434224389334,0.0
2024-03-08,0.0,28.4,38.15,20.27,29.81,2.92,80,0.0,0.0,0,0.9197204370389467,0.3925739646141717,0.0
2024-03-09,0.0,28.74,38.82,20.4,29.07,2.44,80,0.0,0.0,0,0.926323968251495,0.3767278936351851,0.0
2024-03-10,0.0,28.33,38.0,20.17,31.3,2.01,80,0.0,0.0,0,0.9326545075388224,0.36077079921678346,0.0
2024-03-11,0.02,28.96,39.31,20.65,33.83,2.39,80,0.0,0.01999999999997069,0,0.9387101892619443,0.3447073839879338,0.0
2024-03-12,0.03,28.98,38.82,21.37,42.17,2.4,80,0.0,0.04999999999997069,0,0.9444892287836613,0.32854238191083485,0.0
2024-03-13,0.0,27.69,36.51,21.02,54.48,2.45,80,0.0,0.04999999999997069,0,0.949989922994501,0.3122805568857947,0.0
2024-03-14,0.0,26.78,35.59,20.5,53.52,2.36,80,0.0,0.04999999999997069,0,0.9552106508146316,0.2959267013472893,0.0
2024-03-15,0.0,25.92,34.75,19.07,50.69,1.91,80,0.0,0.04999999999997069,0,0.9601498736716018,0.2794856348516095,0.0
2024-03-16,0.0,26.32,34.82,19.8,46.77,1.81,80,0.0,0.02999999999997069,0,0.9648061359537645,0.2629622026565149,0.0
2024-03-17,0.0,27.28,36.04,20.45,47.09,1.67,80,0.0,0.0,0,0.9691780654392536,0.2463612742933148,0.0
2024-03-18,0.0,27.84,36.71,21.17,50.8,1.75,80,0.0,0.0,0,0.9732643737003824,0.22968774213179574,0.0
2024-03-19,0.08,28.27,37.48,20.95,53.7,2.26,80,0.0,0.07999999999997069,0,0.9770638564833508,0.21294651993841582,0.0
2024-03-20,0.02,29.79,40.65,20.08,29.75,2.58,80,0.0,0.0999999999999707,0,0.9805753940631429,0.19614254142819698,0.0
2024-03-21,0.01,30.21,40.15,22.09,22.3,2.28,80,0.0,0.10999999999997069,0,0.9837979515735163,0.17928075881073577,0.0
2024-03-22,0.1,29.91,39.41,23.43,37.13,1.74,80,0.0,0.2099999999999707,0,0.9867305793119814,0.162366141330764,0.0
2024-03-23,0.02,29.45,38.39,21.74,45.86,2.23,80,0.0,0.2299999999999707,0,0.989372413019683,0.14540367380368976,0.0
2024-03-24,0.0,29.98,39.08,23.02,49.81,2.04,80,0.0,0.1499999999999707,0,0.9917226741361015,0.12839835514655099,0.0
2024-03-25,0.01,30.2,39.93,22.86,50.83,2.21,80,0.0,0.1399999999999707,0,0.9937806700284985,0.11135519690480875,0.0
2024-03-26,0.02,30.35,40.59,23.15,55.7,1.8,80,0.0,0.14999999999997068,0,0.9955457941960382,0.09427922177542453,0.0
2024-03-27,0.06,30.76,40.74,24.59,56.82,1.9,80,0.0,0.10999999999997069,0,0.9970175264485267,0.07717546212664653,0.0
2024-03-28,0.03,30.72,39.67,24.77,56.87,1.9,80,0.0,0.11999999999997069,0,0.998195433059714,0.0600489585149486,0.0
2024-03-29,0.25,31.67,39.65,25.59,52.97,2.03,80,0.0,0.3699999999999707,0,0.9990791668951153,0.042904758199554374,0.0
2024-03-30,0.01,31.01,40.13,24.45,53.24,2.35,80,0.0,0.3699999999999707,0,0.999668467514313,0.025747913654988658,0.0
2024-03-31,0.01,31.52,39.75,25.14,46.06,2.36,80,0.0,0.3599999999999707,0,0.9999631612477099,0.008583481082087055,0.0
2024-04-01,0.0,30.76,39.26,24.42,45.94,2.32,80,0.0,0.29999999999997073,0,0.9999631612477099,-0.008583481082086933,0.0
2024-04-02,0.0,30.07,39.27,23.28,47.34,2.05,80,0.0,0.2699999999999707,0,0.9996684675143132,-0.025747913654988314,0.0
2024-04-03,0.0,30.32,39.57,23.57,48.47,1.96,80,0.0,0.01999999999997069,0,0.9990791668951153,-0.04290475819955447,0.0
2024-04-04,0.0,30.61,40.1,22.9,48.91,2.44,80,0.0,0.00999999999997069,0,0.998195433059714,-0.06004895851494825,0.0
2024-04-05,0.19,31.18,40.47,24.02,53.18,2.5,80,0.0,0.1899999999999707,0,0.9970175264485267,-0.07717546212664618,0.0
2024-04-06,0.43,31.6,40.59,24.17,45.42,2.78,80,0.0,0.6199999999999707,0,0.9955457941960382,-0.0942792217754244,0.0
2024-04-07,0.0,30.77,39.51,24.79,48.07,2.55,80,0.0,0.6199999999999707,0,0.9937806700284985,-0.11135519690480862,0.0
2024-04-08,0.0,30.63,40.39,22.73,52.42,1.94,80,0.0,0.6199999999999707,0,0.9917226741361015,-0.12839835514655107,0.0
2024-04-09,0.01,30.93,39.92,24.34,53.32,1.7,80,0.0,0.6299999999999707,0,0.9893724130196829,-0.14540367380368988,0.0
2024-04-10,0.01,31.09,40.06,24.09,52.2,2.02,80,0.0,0.4499999999999707,0,0.9867305793119814,-0.16236614133076366,0.0
2024-04-11,0.01,31.32,40.84,23.64,46.27,2.08,80,0.0,0.02999999999997069,0,0.9837979515735163,-0.17928075881073566,0.0
2024-04-12,0.01,31.09,38.93,25.59,45.51,1.9,80,0.0,0.03999999999997069,0,0.980575394063143,-0.19614254142819687,0.0
2024-04-13,0.0,29.92,38.19,23.91,50.14,1.96,80,0.0,0.03999999999997069,0,0.9770638564833507,-0.21294651993841593,0.0
2024-04-14,0.02,30.47,39.64,23.04,54.24,2.05,80,0.0,0.04999999999997069,0,0.9732643737003824,-0.22968774213179563,0.0
2024-04-15,0.02,33.32,43.01,25.27,50.75,2.25,80,0.0,0.059999999999970695,0,0.9691780654392537,-0.2463612742933147,0.0
2024-04-16,0.02,36.44,43.22,30.17,32.35,2.98,80,0.0,0.0699999999999707,0,0.9648061359537646,-0.26296220265651454,0.0
2024-04-17,0.01,35.49,43.41,29.41,35.53,2.32,80,0.0,0.0699999999999707,0,0.9601498736716018,-0.2794856348516094,0.0
2024-04-18,0.07,33.91,41.84,27.47,50.19,2.32,80,0.0,0.1399999999999707,0,0.9552106508146317,-0.2959267013472892,0.0
2024-04-19,0.05,33.06,39.78,28.13,50.15,2.86,80,0.0,0.1699999999999707,0,0.949989922994501,-0.31228055688579476,0.0
2024-04-20,0.31,32.52,40.53,28.0,49.89,2.58,80,0.0,0.4599999999999707,0,0.9444892287836613,-0.32854238191083474,0.0
2024-04-21,0.77,31.63,38.4,26.63,49.78,2.96,80,0.0,1.2099999999999707,0,0.9387101892619443,-0.3447073839879337,0.0
2024-04-22,0.16,31.65,38.59,26.54,51.33,2.59,80,0.0,1.3599999999999706,0,0.9326545075388225,-0.3607707992167831,0.0
2024-04-23,0.0,31.49,39.32,25.0,50.13,2.51,80,0.0,1.2899999999999705,0,0.926323968251495,-0.376727893635185,0.0
2024-04-24,0.33,31.55,39.91,25.29,52.67,2.19,80,0.0,1.5699999999999705,0,0.9197204370389467,-0.39257396461417177,0.0
2024-04-25,0.21,32.35,40.94,26.22,50.83,2.29,80,0.0,1.4699999999999707,0,0.9128458599921355,-0.40830434224389345,0.0
2024-04-26,0.41,32.9,40.55,27.08,50.29,2.94,80,0.0,1.1099999999999706,0,0.9057022630804715,-0.42391439070986064,0.0
2024-04-27,0.22,33.98,43.04,26.64,47.74,2.5,80,0.0,1.1699999999999706,0,0.898291751554753,-0.43939950965914143,0.0
2024-04-28,0.03,34.83,44.11,27.45,46.03,2.73,80,0.0,1.1999999999999706,0,0.8906165093267405,-0.4547551355561055,0.0
2024-04-29,0.01,34.4,43.21,27.57,41.45,2.95,80,0.0,0.8799999999999707,0,0.8826787983255476,-0.4699767430273197,0.0
2024-04-30,0.03,33.84,43.06,26.08,44.3,2.61,80,0.0,0.6999999999999708,0,0.8744809578310397,-0.4850598461951961,0.0
2024-05-01,0.0,32.15,40.28,26.16,48.07,2.42,80,0.0,0.28999999999997067,0,0.8660254037844387,-0.4999999999999998,0.0
2024-05-02,0.0,31.45,40.56,24.59,49.75,2.04,80,0.0,0.0699999999999707,0,0.8573146280763323,-0.5147928015098308,0.0
2024-05-03,0.0,30.95,39.41,23.84,50.19,2.28,80,0.0,0.03999999999997069,0,0.848351197812304,-0.5294338912181852,0.0
2024-05-04,0.01,31.18,39.44,24.36,54.78,2.44,80,0.0,0.03999999999997069,0,0.8391377545563939,-0.5439189543287246,0.0
2024-05-05,0.04,32.39,40.86,26.17,56.44,2.75,80,0.0,0.04999999999997069,0,0.8296770135526188,-0.5582437220268649,0.0
2024-05-06,0.07,31.72,39.3,26.48,59.1,2.91,80,0.0,0.1199999999999707,0,0.8199717629247771,-0.5724039727378148,0.0
2024-05-07,0.06,31.68,39.5,26.22,60.87,2.71,80,0.0,0.17999999999997068,0,0.8100248628547753,-0.5863955333706956,0.0
2024-05-08,0.12,31.9,40.67,26.13,55.98,2.41,80,0.0,0.2999999999999707,0,0.7998392447397195,-0.6002142805483681,0.0
2024-05-09,0.1,31.33,39.29,25.5,58.65,2.4,80,0.0,0.3899999999999707,0,0.7894179103280199,-0.6138561418226116,0.0
2024-05-10,1.41,31.95,40.22,26.48,56.2,2.36,80,0.0,1.7599999999999707,0,0.7787639308347607,-0.6273170968742938,0.0
2024-05-11,4.43,32.5,40.45,26.9,53.35,2.65,80,0.0,6.119999999999971,0,0.7678804460366001,-0.6405931786981751,0.0
2024-05-12,7.3,31.4,37.58,26.82,61.88,1.7,80,0.0,13.359999999999971,0,0.7567706633464627,-0.6536804747720057,0.0
2024-05-13,3.05,32.3,39.44,27.09,58.66,1.53,80,0.0,16.28999999999997,0,0.7454378568683001,-0.6665751282095632,0.0
2024-05-14,5.09,32.33,40.26,26.32,59.77,2.39,80,0.0,21.279999999999973,0,0.7338853664321991,-0.6792733388972931,0.0
2024-05-15,8.77,32.26,38.95,26.88,61.98,1.56,80,0.0,28.639999999999972,0,0.722116596610116,-0.6917713646142222,0.0
2024-05-16,2.38,33.03,40.1,28.05,59.67,1.71,80,0.0,26.58999999999997,0,0.7101350157125357,-0.7040655221348058,0.0
2024-05-17,1.55,32.1,37.52,28.08,64.63,1.66,80,0.0,20.83999999999997,0,0.6979441547663435,-0.7161521883143933,0.0
2024-05-18,0.71,32.94,40.04,27.92,61.18,1.7,80,0.0,18.49999999999997,0,0.6855476064742155,-0.7280278011569847,0.0
2024-05-19,0.86,33.15,40.47,28.15,58.77,1.92,80,0.0,14.269999999999971,0,0.672949024155833,-0.7396888608649667,0.0
2024-05-20,1.12,32.85,40.37,28.13,61.37,2.18,80,0.0,6.619999999999972,0,0.660152120671232,-0.7511319308705197,0.0
2024-05-21,0.76,32.49,39.31,28.33,64.86,2.38,80,0.0,4.999999999999972,0,0.647160667326606,-0.7623536388483902,0.0
2024-05-22,0.82,33.21,40.68,28.23,64.65,2.31,80,0.0,4.269999999999972,0,0.6339784927628868,-0.7733506777097298,0.0
2024-05-23,0.19,33.46,40.08,28.74,58.74,2.31,80,0.0,3.749999999999972,0,0.620609481827423,-0.7841198065767103,0.0
2024-05-24,0.05,32.49,39.69,27.78,63.89,2.68,80,0.0,2.9399999999999715,0,0.6070575744291006,-0.7946578517376249,0.0
2024-05-25,0.13,31.72,37.26,27.99,63.88,3.32,80,0.0,1.9499999999999715,0,0.593326764377232,-0.8049617075821959,0.0
2024-05-26,0.16,31.72,37.53,28.64,64.31,3.41,80,0.0,1.3499999999999714,0,0.5794210982045638,-0.8150283375168113,0.0
2024-05-27,0.05,31.81,36.98,28.57,64.38,3.84,80,0.0,0.5799999999999715,0,0.5653446739747428,-0.8248547748594245,0.0
2024-05-28,0.07,32.13,37.1,28.86,62.56,4.13,80,0.0,0.4599999999999716,0,0.5511016400746,-0.8344381237138473,0.0
2024-05-29,0.19,31.96,36.73,28.92,66.32,3.87,80,0.0,0.5999999999999717,0,0.5366961939916005,-0.8437755598231856,0.0
2024-05-30,0.13,32.05,37.55,28.29,65.76,3.46,80,0.0,0.5999999999999717,0,0.522132581076825,-0.8528643314021596,0.0
2024-05-31,0.11,32.31,38.53,27.76,64.91,3.05,80,0.0,0.5499999999999716,0,0.5074150932938458,-0.861701759948068,0.0
2024-06-01,0.23,32.53,38.1,28.47,62.81,3.23,80,0.0,0.7299999999999716,0,0.4925480679538644,-0.8702852410301553,0.0
2024-06-02,0.29,32.38,38.26,28.69,59.97,2.81,80,0.0,0.9499999999999716,0,0.47753588643748834,-0.8786122450571482,0.0
2024-06-03,5.19,31.6,36.51,28.44,64.97,2.64,80,0.0,5.949999999999972,0,0.4623829729035151,-0.8866803180227399,0.0
2024-06-04,7.05,30.87,35.38,28.21,72.2,2.02,80,0.0,12.869999999999973,0,0.44709379298511426,-0.8944870822287954,0.0
2024-06-05,4.87,30.86,35.45,27.89,72.27,2.26,80,0.0,17.629999999999974,0,0.43167285247378384,-0.9020302369860707,0.0
2024-06-06,2.85,31.05,36.18,27.94,69.4,2.48,80,0.0,20.24999999999997,0,0.4161246959914746,-0.9093075592922357,0.0
2024-06-07,2.26,30.42,34.21,27.86,72.29,2.45,80,0.0,22.219999999999974,0,0.4004539056512664,-0.9163169044870048,0.0
2024-06-08,23.64,29.23,32.65,26.87,78.47,2.49,80,1.6077861364857602,40.66999999999997,0,0.3846650997070012,-0.923056206884176,0.0
2024-06-09,30.5,28.34,30.29,26.95,85.79,2.06,86,7.772734665615275,64.11999999999998,0,0.3687629311922603,-0.9295234803804002,0.0
2024-06-10,20.5,28.59,31.67,26.55,80.76,2.14,92,6.776349192985238,79.74999999999997,0,0.352752086549095,-0.9357168190404935,0.0
2024-06-11,7.2,28.42,31.44,26.72,80.31,2.56,92,0.31134083307996374,84.09999999999998,0,0.3366372842469106,-0.9416343976591258,0.0
2024-06-12,5.78,29.08,32.44,26.59,80.52,2.93,92,0.0791785451139155,87.61999999999998,0,0.3204232733919116,-0.9472744722987168,0.0
2024-06-13,15.41,29.49,33.03,26.97,79.0,2.97,92,3.6529333182468346,79.38999999999997,0,0.30411483232751846,-0.9526353808033824,0.0
2024-06-14,14.07,29.24,32.43,26.71,82.54,2.97,92,2.9355428782095307,62.95999999999997,0,0.2877167672261668,-0.9577155432887804,0.0
2024-06-15,3.19,29.6,33.28,26.9,79.56,2.68,92,0.0,45.64999999999997,0,0.27123391067291,-0.9625134626077081,0.0
2024-06-16,2.12,29.55,33.66,26.7,77.76,2.01,86,0.0,40.56999999999997,0,0.2546711202412288,-0.9670277247913204,0.0
2024-06-17,4.3,29.24,32.69,26.88,80.44,2.51,86,0.0,39.089999999999975,0,0.2380332770614858,-0.9712569994658313,0.0
2024-06-18,16.5,28.68,32.06,26.75,82.82,3.02,86,1.366236363021523,40.17999999999997,0,0.22132528438243243,-0.9752000402445825,0.0
2024-06-19,22.81,28.79,31.35,26.75,82.59,4.1,86,3.782821287319811,48.91999999999997,0,0.2045520661262008,-0.9788556850953578,0.0
2024-06-20,32.23,28.83,31.28,27.05,84.56,4.46,86,8.790398428340946,77.95999999999997,0,0.18771856543719884,-0.9822228566828406,0.0
2024-06-21,16.57,29.34,31.94,27.53,84.46,3.85,92,4.313311140838516,92.40999999999997,0,0.17082974322534442,-0.985300562686109,0.0
2024-06-22,12.65,29.62,32.5,27.55,82.99,2.5,92,2.235383174190492,100.75999999999996,0,0.15389057670406214,-0.9880878960910771,0.0
2024-06-23,13.84,28.7,31.42,26.57,83.23,2.1,92,2.817733409484683,98.09999999999997,0,0.13690605792347574,-0.9905840354577969,0.0
2024-06-24,11.49,29.0,33.78,25.59,79.69,2.15,92,1.7154506039061526,86.77999999999996,0,0.11988119229922782,-0.9927882451625399,0.0
2024-06-25,4.34,28.36,31.88,25.7,82.67,2.54,92,0.0,58.88999999999997,0,0.10282099713736025,-0.9946998756145891,0.0
2024-06-26,20.03,27.95,31.05,25.27,87.6,2.87,92,6.465685980142477,62.34999999999997,0,0.0857305001556943,-0.9963183634476755,1.0
2024-06-27,39.71,27.85,29.75,26.84,91.26,6.13,92,21.70752294524012,89.40999999999997,1,0.0686147380021341,-0.9976432316860063,1.0
2024-06-28,42.02,27.41,28.33,26.63,92.0,6.21,92,23.688498577073954,117.58999999999997,1,0.05147875477034673,-0.9986740898848305,0.0
2024-06-29,20.19,28.45,31.07,26.7,87.34,4.79,92,6.570999525157895,126.28999999999998,0,0.03432760051324382,-0.9994106342455052,0.0
2024-06-30,12.74,28.24,30.87,26.46,87.47,5.09,92,2.27776408527314,134.68999999999997,0,0.01716632975470737,-0.9998526477050269,0.0
2024-07-01,23.8,28.34,30.71,26.9,86.08,6.66,92,9.059306937011678,138.45999999999998,0,1.2246467991473532e-16,-1.0,1.0
2024-07-02,25.75,28.15,29.97,26.99,88.01,6.59,92,10.480993798149242,124.49999999999997,1,-0.017166329754707124,-0.9998526477050269,0.0
2024-07-03,6.79,28.36,31.09,26.73,85.66,5.3,92,0.23014603786504653,89.26999999999998,0,-0.03432760051324313,-0.9994106342455054,0.0
2024-07-04,13.04,28.05,30.15,26.45,87.24,4.52,92,2.421049604317787,82.11999999999998,0,-0.051478754770346045,-0.9986740898848305,0.0
2024-07-05,18.03,28.0,29.92,26.7,88.6,4.98,92,5.190626674934222,87.40999999999997,0,-0.06861473800213432,-0.9976432316860063,1.0
2024-07-06,39.52,28.03,29.98,26.7,88.61,5.51,92,21.54576857782033,103.12999999999997,1,-0.0857305001556945,-0.9963183634476755,1.0
2024-07-07,58.64,27.82,29.94,26.52,90.24,4.19,92,38.52847654663028,136.01999999999998,1,-0.10282099713736044,-0.9946998756145891,1.0
2024-07-08,56.74,27.57,29.42,26.29,90.94,3.42,92,36.79171317182325,185.96999999999997,1,-0.11988119229922714,-0.99278824516254,1.0
2024-07-09,40.59,26.81,28.84,24.89,89.86,2.81,92,22.45910375345847,213.51999999999998,1,-0.13690605792347504,-0.990584035457797,0.0
2024-07-10,13.21,26.64,29.6,24.29,88.75,2.6,92,2.503596379372513,208.7,0,-0.15389057670406148,-0.9880878960910772,0.0
2024-07-11,20.43,27.37,30.0,25.06,90.23,3.25,92,6.729831056524371,189.60999999999999,0,-0.17082974322534417,-0.985300562686109,1.0
2024-07-12,80.45,27.18,28.62,26.23,92.96,3.84,92,58.91748064983792,211.41999999999996,1,-0.1877185654371986,-0.9822228566828407,1.0
2024-07-13,92.31,27.02,28.1,26.44,93.15,5.25,92,70.2413275416863,246.98999999999995,1,-0.20455206612620058,-0.9788556850953579,1.0
2024-07-14,53.06,27.19,28.52,26.04,93.61,4.3,92,33.45281953092721,259.46,1,-0.22132528438243218,-0.9752000402445826,1.0
2024-07-15,30.52,27.1,29.09,25.18,90.44,2.32,92,14.138873792379496,276.77,1,-0.23803327706148514,-0.9712569994658315,0.0
2024-07-16,9.37,25.83,27.43,24.57,89.18,2.35,92,0.9071274887391089,265.71,0,-0.254671120241229,-0.9670277247913203,1.0
2024-07-17,25.98,26.79,28.62,24.84,92.55,4.6,92,10.65179209566482,211.23999999999998,1,-0.2712339106729102,-0.9625134626077081,1.0
2024-07-18,48.74,26.76,28.1,25.98,93.73,5.25,92,29.581486268689524,167.66999999999996,1,-0.287716767226167,-0.9577155432887803,1.0
2024-07-19,43.23,26.71,27.93,25.9,93.1,5.09,92,24.736114098424164,157.83999999999997,1,-0.3041148323275178,-0.9526353808033826,1.0
2024-07-20,69.62,26.47,27.34,25.84,94.34,5.0,92,48.704334477213145,196.94,1,-0.32042327339191096,-0.947274472298717,1.0
2024-07-21,87.64,26.69,27.73,25.94,94.25,4.42,92,65.7680295594445,275.21,1,-0.3366372842469099,-0.941634397659126,1.0
2024-07-22,70.85,26.29,27.48,25.42,94.02,4.58,92,49.856678433420136,320.08,1,-0.35275208654909473,-0.9357168190404936,1.0
2024-07-23,61.65,26.54,27.88,25.83,93.88,4.93,92,41.29588316744141,332.98999999999995,1,-0.36876293119226006,-0.9295234803804003,1.0
2024-07-24,67.36,26.42,27.58,25.8,93.67,4.96,92,46.59287601065703,357.11999999999995,1,-0.38466509970700097,-0.9230562068841761,1.0
2024-07-25,142.54,25.95,26.82,25.1,92.44,5.39,92,119.08062422493411,430.03999999999996,1,-0.40045390565126615,-0.9163169044870049,0.0
2024-07-26,21.55,26.44,27.94,25.07,92.1,5.37,92,7.484179875308174,363.94999999999993,0,-0.4161246959914748,-0.9093075592922356,0.0
2024-07-27,13.78,26.48,27.92,25.45,92.19,4.81,92,2.7872703797961393,306.88,0,-0.431672852473784,-0.9020302369860707,1.0
2024-07-28,28.97,26.18,27.3,25.31,93.55,4.43,92,12.925304748274689,274.2,1,-0.44709379298511404,-0.8944870822287955,1.0
2024-07-29,41.28,26.35,27.61,25.56,93.76,4.18,92,23.05109316476999,248.11999999999995,1,-0.4623829729035149,-0.88668031802274,1.0
2024-07-30,33.89,26.82,28.81,25.5,92.31,3.99,92,16.847206908448435,139.46999999999997,1,-0.4775358864374881,-0.8786122450571483,0.0
2024-07-31,21.69,27.03,29.24,25.16,92.2,3.59,92,7.579936655938824,139.60999999999999,0,-0.4925480679538642,-0.8702852410301554,1.0
2024-08-01,28.05,26.74,28.42,25.64,92.64,4.35,92,12.215780948620358,153.87999999999997,1,-0.5074150932938452,-0.8617017599480683,1.0
2024-08-02,33.26,26.3,27.45,25.47,93.4,4.83,92,16.334246577986427,158.16999999999996,1,-0.5221325810768248,-0.8528643314021597,1.0
2024-08-03,103.94,26.01,27.08,25.22,93.59,5.56,92,81.44712649767314,220.82999999999998,1,-0.5366961939916004,-0.8437755598231858,1.0
2024-08-04,41.18,25.98,26.97,25.34,94.4,4.57,92,22.96515519047959,228.11999999999998,1,-0.5511016400745999,-0.8344381237138474,0.0
2024-08-05,19.7,26.38,28.33,25.17,92.21,4.28,92,6.249955737663456,226.12999999999997,0,-0.5653446739747425,-0.8248547748594246,0.0
2024-08-06,17.03,26.34,28.27,24.91,91.47,3.78,92,4.584434908997406,215.10999999999999,0,-0.5794210982045637,-0.8150283375168114,0.0
2024-08-07,11.21,26.55,28.9,24.67,90.71,3.21,92,1.5976533076219679,193.05999999999995,0,-0.5933267643772321,-0.8049617075821958,0.0
2024-08-08,8.99,26.54,28.79,24.89,90.23,3.16,92,0.7842869946698946,98.10999999999997,0,-0.6070575744291004,-0.794657851737625,0.0
2024-08-09,11.6,26.75,29.28,24.93,90.92,3.07,92,1.7625771784339561,68.52999999999997,0,-0.6206094818274228,-0.7841198065767104,0.0
2024-08-10,9.25,26.63,29.22,24.73,90.84,2.88,92,0.8675514116478064,58.07999999999997,0,-0.6339784927628865,-0.77335067770973,0.0
2024-08-11,8.32,26.53,28.64,25.01,90.56,3.16,92,0.5860180616329954,49.36999999999997,0,-0.6471606673266059,-0.7623536388483905,0.0
2024-08-12,3.94,26.79,29.38,24.95,89.99,2.95,86,0.0,42.099999999999966,0,-0.6601521206712315,-0.7511319308705201,0.0
2024-08-13,2.71,26.97,29.7,24.76,89.53,2.39,86,0.0,35.81999999999997,0,-0.6729490241558326,-0.7396888608649671,0.0
2024-08-14,1.02,27.08,30.21,24.77,88.25,1.89,86,0.0,25.239999999999974,0,-0.6855476064742154,-0.7280278011569848,0.0
2024-08-15,0.64,27.09,29.92,24.8,88.32,1.99,80,0.0,16.62999999999997,0,-0.6979441547663433,-0.7161521883143935,0.0
2024-08-16,1.28,27.24,29.96,25.27,88.44,1.84,80,0.0,9.589999999999971,0,-0.7101350157125356,-0.7040655221348059,0.0
2024-08-17,20.13,27.47,30.76,25.14,86.03,1.27,80,0.7783011419709568,25.779999999999973,0,-0.7221165966101161,-0.691771364614222,0.0
2024-08-18,42.32,27.39,30.55,24.74,89.45,1.86,80,9.421653780068727,65.38999999999996,0,-0.7338853664321993,-0.6792733388972929,0.0
2024-08-19,19.39,26.87,28.39,25.54,94.14,2.13,92,6.049153837560848,83.75999999999996,0,-0.7454378568683002,-0.6665751282095631,0.0
2024-08-20,5.64,27.19,29.48,25.67,91.72,2.08,92,0.06412698000772057,88.75999999999996,0,-0.7567706633464625,-0.653680474772006,0.0
2024-08-21,2.15,27.66,31.07,25.14,88.12,1.4,92,0.0,89.62999999999997,0,-0.7678804460366,-0.6405931786981752,0.0
2024-08-22,3.98,27.83,31.55,25.3,88.44,1.09,92,0.0,73.47999999999998,0,-0.7787639308347605,-0.627317096874294,0.0
2024-08-23,15.2,27.73,30.61,25.66,88.86,1.55,92,3.53715205889119,46.359999999999964,0,-0.7894179103280194,-0.6138561418226122,1.0
2024-08-24,67.52,26.4,27.81,25.59,93.2,3.02,86,34.89684413890868,94.48999999999995,1,-0.7998392447397191,-0.6002142805483686,1.0
2024-08-25,58.74,26.29,27.69,25.19,92.45,4.39,92,38.62011002294372,147.58999999999997,1,-0.8100248628547748,-0.5863955333706962,1.0
2024-08-26,34.42,26.5,27.52,25.78,92.6,4.78,92,17.2809376462963,179.85999999999996,1,-0.8199717629247767,-0.5724039727378154,0.0
2024-08-27,23.38,26.63,28.37,25.49,90.55,5.67,92,8.75966716432069,199.25999999999996,0,-0.8296770135526184,-0.5582437220268655,0.0
2024-08-28,15.4,26.6,28.43,25.03,91.1,5.28,92,3.6473927905886665,199.45999999999995,0,-0.8391377545563938,-0.5439189543287248,0.0
2024-08-29,7.8,26.75,28.82,25.56,90.64,4.7,92,0.4492436949841912,139.73999999999998,0,-0.8483511978123038,-0.5294338912181854,0.0
2024-08-30,7.34,26.84,29.17,25.25,89.7,3.38,92,0.34153498925930814,88.33999999999996,0,-0.8573146280763322,-0.514792801509831,0.0
2024-08-31,3.64,26.49,28.91,24.7,90.24,2.31,92,0.0,57.559999999999974,0,-0.8660254037844384,-0.5000000000000004,0.0
2024-09-01,2.75,26.25,28.31,24.53,92.21,2.23,92,0.0,36.92999999999998,0,-0.8744809578310394,-0.4850598461951967,0.0
2024-09-02,21.39,25.49,26.87,23.96,93.82,2.38,86,3.160334904095599,42.91999999999997,0,-0.8826787983255475,-0.4699767430273199,0.0
2024-09-03,13.67,25.13,26.54,23.51,92.46,1.57,86,0.6238094539006291,48.78999999999997,0,-0.8906165093267404,-0.45475513555610575,0.0
2024-09-04,15.46,26.79,29.04,25.19,91.26,3.63,86,1.065109910178128,56.90999999999997,0,-0.8982917515547529,-0.4393995096591416,0.0
2024-09-05,21.4,26.82,28.89,25.49,91.2,3.72,92,7.381935184199579,74.66999999999996,0,-0.9057022630804714,-0.42391439070986087,0.0
2024-09-06,14.01,26.79,29.35,25.03,89.96,3.63,92,2.904652919206922,85.92999999999996,0,-0.9128458599921354,-0.40830434224389367,0.0
2024-09-07,16.13,26.54,29.23,24.7,90.29,2.8,92,4.0587860102673545,80.66999999999996,0,-0.9197204370389468,-0.3925739646141714,0.0
2024-09-08,6.61,26.49,29.05,24.59,91.03,2.42,92,0.1980073715984801,73.60999999999997,0,-0.9263239682514951,-0.3767278936351848,0.0
2024-09-09,9.06,26.79,29.7,24.7,89.52,2.28,92,0.8063661090499681,67.20999999999998,0,-0.9326545075388225,-0.3607707992167831,0.0
2024-09-10,8.47,26.55,29.15,24.71,89.76,2.38,92,0.6283056777527642,54.27999999999997,0,-0.9387101892619443,-0.3447073839879337,0.0
2024-09-11,9.33,26.4,29.09,24.67,90.24,2.67,92,0.8938560307279334,49.59999999999998,0,-0.9444892287836613,-0.32854238191083474,0.0
2024-09-12,6.03,26.39,29.05,24.37,89.71,2.95,86,0.0,39.49999999999997,0,-0.9499899229945009,-0.3122805568857948,0.0
2024-09-13,2.91,25.8,28.71,23.7,89.37,2.52,86,0.0,35.799999999999976,0,-0.9552106508146316,-0.29592670134728966,0.0
2024-09-14,10.11,26.21,29.15,24.03,87.76,2.62,86,0.07841002101392042,36.84999999999997,0,-0.9601498736716017,-0.2794856348516098,0.0
2024-09-15,11.88,26.39,29.57,24.34,86.78,2.38,86,0.2899032206687132,40.25999999999998,0,-0.9648061359537644,-0.2629622026565152,0.0
2024-09-16,3.16,26.27,29.65,23.91,83.69,1.53,86,0.0,34.089999999999975,0,-0.9691780654392534,-0.24636127429331536,0.0
2024-09-17,2.3,25.76,29.32,23.36,84.92,1.94,80,0.0,30.35999999999997,0,-0.9732643737003823,-0.2296877421317963,0.0
2024-09-18,0.99,26.0,29.39,23.36,83.9,1.26,80,0.0,28.439999999999973,0,-0.9770638564833508,-0.21294651993841573,0.0
2024-09-19,0.1,26.17,29.39,24.15,83.13,1.09,80,0.0,18.42999999999997,0,-0.9805753940631429,-0.19614254142819712,0.0
2024-09-20,0.29,26.69,30.15,24.16,83.19,1.2,80,0.0,6.839999999999971,0,-0.9837979515735163,-0.1792807588107359,0.0
2024-09-21,0.48,26.57,29.96,24.19,87.2,1.9,80,0.0,4.159999999999972,0,-0.9867305793119814,-0.16236614133076413,0.0
2024-09-22,8.46,26.78,30.28,24.52,89.71,2.59,80,0.0,10.319999999999972,0,-0.9893724130196829,-0.14540367380369032,0.0
2024-09-23,22.04,27.19,30.16,25.23,91.7,2.45,80,1.197633168588687,31.36999999999997,0,-0.9917226741361014,-0.12839835514655154,1.0
2024-09-24,45.96,26.73,28.13,26.07,94.3,3.39,80,11.432695328648201,77.22999999999996,1,-0.9937806700284985,-0.11135519690480865,1.0
2024-09-25,70.9,26.49,27.55,25.3,94.67,3.58,92,49.90356730475762,147.83999999999997,1,-0.9955457941960382,-0.09427922177542443,1.0
2024-09-26,74.73,26.37,28.61,24.97,92.91,2.52,92,53.50526195611767,222.08999999999997,1,-0.9970175264485267,-0.07717546212664643,1.0
2024-09-27,66.92,26.27,27.73,25.3,93.29,3.79,92,46.18271868075091,280.54999999999995,1,-0.998195433059714,-0.06004895851494849,0.0
2024-09-28,9.71,26.42,28.73,24.84,90.08,2.54,92,1.023088079846505,268.21999999999997,0,-0.9990791668951153,-0.04290475819955383,0.0
2024-09-29,4.17,26.23,28.97,24.05,90.79,1.91,92,0.0,226.42999999999998,0,-0.9996684675143132,-0.025747913654988113,0.0
2024-09-30,1.09,27.33,31.21,24.39,85.53,0.95,92,0.0,156.61999999999998,0,-0.9999631612477099,-0.008583481082086734,0.0
2024-10-01,0.5,27.9,32.41,24.17,87.09,1.35,92,0.0,82.38999999999997,0,-0.9999631612477099,0.008583481082087254,0.0
2024-10-02,2.4,27.7,31.36,25.06,89.93,1.4,92,0.0,17.869999999999973,0,-0.999668467514313,0.025747913654988634,0.0
2024-10-03,1.13,27.26,30.39,24.98,88.56,1.35,80,0.0,9.28999999999997,0,-0.9990791668951153,0.04290475819955435,0.0
2024-10-04,0.18,26.61,30.2,24.02,87.78,1.49,80,0.0,5.299999999999971,0,-0.998195433059714,0.06004895851494813,0.0
2024-10-05,0.04,26.81,30.78,24.15,85.06,1.29,80,0.0,4.249999999999972,0,-0.9970175264485267,0.07717546212664607,0.0
2024-10-06,6.54,27.57,32.44,22.96,83.32,1.62,80,0.0,10.28999999999997,0,-0.9955457941960382,0.09427922177542405,0.0
2024-10-07,0.39,27.97,32.93,24.01,79.1,2.15,80,0.0,8.279999999999971,0,-0.9937806700284985,0.11135519690480827,0.0
2024-10-08,2.08,27.62,32.34,23.32,80.74,1.86,80,0.0,9.229999999999972,0,-0.9917226741361016,0.1283983551465503,0.0
2024-10-09,7.3,26.2,28.52,24.21,88.78,1.51,80,0.0,16.349999999999973,0,-0.9893724130196829,0.14540367380368996,0.0
2024-10-10,43.1,26.99,31.04,24.14,86.82,1.87,80,9.8419595314164,59.409999999999975,0,-0.9867305793119814,0.16236614133076377,1.0
2024-10-11,34.61,27.61,31.98,24.21,86.08,2.06,92,17.436901321924555,87.47999999999998,1,-0.9837979515735163,0.17928075881073555,0.0
2024-10-12,1.62,28.12,32.5,24.67,85.78,1.9,92,0.0,88.70999999999998,0,-0.980575394063143,0.19614254142819676,1.0
2024-10-13,34.7,28.33,31.73,25.66,85.84,1.21,92,17.510865053152134,121.32999999999998,1,-0.9770638564833509,0.21294651993841537,0.0
2024-10-14,5.03,28.37,33.17,24.54,83.15,1.49,92,0.016532889964832032,119.05999999999997,0,-0.9732643737003827,0.22968774213179508,0.0
2024-10-15,9.34,27.96,31.48,25.26,87.6,1.45,92,0.8971664732650901,85.29999999999997,0,-0.9691780654392538,0.24636127429331414,0.0
2024-10-16,6.89,28.32,32.19,25.16,85.22,1.35,92,0.24893737766519586,57.57999999999997,0,-0.9648061359537647,0.262962202656514,0.0
2024-10-17,3.83,27.86,31.37,25.04,86.8,1.66,92,0.0,59.78999999999998,0,-0.9601498736716018,0.2794856348516095,0.0
2024-10-18,6.57,27.45,31.73,23.95,87.62,2.07,92,0.191163667955264,31.65999999999997,0,-0.9552106508146317,0.2959267013472893,0.0
2024-10-19,7.19,26.97,29.16,25.55,90.54,1.27,80,0.0,33.81999999999997,0,-0.9499899229945011,0.3122805568857945,0.0
2024-10-20,11.86,27.86,31.41,24.21,82.63,1.2,80,0.0,36.339999999999975,0,-0.9444892287836614,0.3285423819108344,0.0
2024-10-21,1.25,26.63,30.19,23.15,84.35,1.67,86,0.0,30.69999999999997,0,-0.938710189261944,0.3447073839879342,0.0
2024-10-22,4.38,27.75,32.15,24.2,82.22,1.3,80,0.0,31.24999999999997,0,-0.9326545075388223,0.3607707992167836,0.0
2024-10-23,1.97,27.64,32.14,24.07,83.21,1.56,80,0.0,26.649999999999974,0,-0.9263239682514949,0.3767278936351853,0.0
2024-10-24,0.03,27.14,32.68,22.93,77.82,1.81,80,0.0,19.48999999999997,0,-0.9197204370389466,0.3925739646141719,0.0
2024-10-25,0.0,26.19,32.41,21.6,73.8,1.91,80,0.0,7.6299999999999715,0,-0.9128458599921356,0.40830434224389334,0.0
2024-10-26,0.0,25.64,31.79,20.74,76.57,2.05,80,0.0,6.3799999999999715,0,-0.9057022630804715,0.42391439070986053,0.0
2024-10-27,0.0,25.39,30.62,20.27,78.1,1.65,80,0.0,1.9999999999999716,0,-0.898291751554753,0.4393995096591413,0.0
2024-10-28,0.0,26.2,31.12,21.42,80.14,1.23,80,0.0,0.029999999999971577,0,-0.8906165093267405,0.4547551355561054,0.0
2024-10-29,0.97,26.55,31.4,22.17,80.71,1.39,80,0.0,0.9699999999999716,0,-0.8826787983255476,0.46997674302731957,0.0
2024-10-30,0.84,26.81,31.94,22.14,76.92,1.42,80,0.0,1.8099999999999716,0,-0.8744809578310401,0.4850598461951956,0.0
2024-10-31,0.04,26.97,32.59,22.32,76.86,1.96,80,0.0,1.8499999999999714,0,-0.8660254037844386,0.5000000000000001,0.0
2024-11-01,0.01,26.46,32.31,21.62,74.52,2.16,80,0.0,1.8599999999999715,0,-0.8573146280763323,0.5147928015098308,0.0
2024-11-02,0.0,26.0,32.94,20.76,69.49,2.24,80,0.0,1.8599999999999715,0,-0.848351197812304,0.5294338912181851,0.0
2024-11-03,0.0,25.41,31.45,20.33,71.67,2.18,80,0.0,0.8899999999999716,0,-0.8391377545563939,0.5439189543287245,0.0
2024-11-04,0.0,25.66,31.8,20.31,72.21,2.21,80,0.0,0.04999999999997158,0,-0.8296770135526191,0.5582437220268645,0.0
2024-11-05,0.0,25.49,31.24,20.57,73.02,2.19,80,0.0,0.009999999999971578,0,-0.8199717629247775,0.5724039727378144,0.0
2024-11-06,0.0,25.21,32.36,20.25,72.65,2.29,80,0.0,0.0,0,-0.8100248628547756,0.5863955333706952,0.0
2024-11-07,0.0,24.71,31.64,19.25,74.86,2.54,80,0.0,0.0,0,-0.7998392447397199,0.6002142805483676,0.0
2024-11-08,0.0,25.03,31.12,20.09,75.02,2.41,80,0.0,0.0,0,-0.7894179103280197,0.613856141822612,0.0
2024-11-09,0.0,24.93,31.38,19.73,73.55,2.4,80,0.0,0.0,0,-0.7787639308347607,0.6273170968742937,0.0
2024-11-10,0.0,24.86,31.28,19.96,73.69,2.27,80,0.0,0.0,0,-0.7678804460366002,0.640593178698175,0.0
2024-11-11,0.0,24.12,29.92,19.72,73.58,2.39,80,0.0,0.0,0,-0.7567706633464628,0.6536804747720056,0.0
2024-11-12,0.0,23.46,29.72,18.85,73.79,2.76,80,0.0,0.0,0,-0.7454378568682999,0.6665751282095634,0.0
2024-11-13,0.0,23.67,30.73,17.96,74.31,2.7,80,0.0,0.0,0,-0.7338853664321989,0.6792733388972934,0.0
2024-11-14,0.0,24.65,31.18,18.95,74.54,2.71,80,0.0,0.0,0,-0.7221165966101161,0.6917713646142221,0.0
2024-11-15,0.45,25.4,30.09,21.21,81.1,2.12,80,0.0,0.4499999999999716,0,-0.7101350157125358,0.7040655221348057,0.0
2024-11-16,0.05,26.6,32.27,22.7,76.46,1.34,80,0.0,0.4999999999999716,0,-0.6979441547663436,0.7161521883143933,0.0
2024-11-17,0.0,25.51,31.31,21.01,75.89,2.43,80,0.0,0.4999999999999716,0,-0.6855476064742156,0.7280278011569846,0.0
2024-11-18,0.01,23.24,30.2,17.84,69.04,2.86,80,0.0,0.5099999999999716,0,-0.6729490241558331,0.7396888608649665,0.0
2024-11-19,0.0,22.21,29.07,17.04,71.65,2.78,80,0.0,0.5099999999999716,0,-0.6601521206712321,0.7511319308705195,0.0
2024-11-20,0.0,22.0,29.23,16.58,71.79,2.71,80,0.0,0.05999999999997158,0,-0.6471606673266065,0.7623536388483899,0.0
2024-11-21,0.0,22.25,29.31,16.56,70.82,2.09,80,0.0,0.009999999999971578,0,-0.6339784927628872,0.7733506777097294,0.0
2024-11-22,0.0,22.62,29.51,16.89,70.06,1.87,80,0.0,0.009999999999971578,0,-0.6206094818274227,0.7841198065767104,0.0
2024-11-23,0.0,22.92,29.81,16.67,67.02,1.59,80,0.0,0.0,0,-0.607057574429101,0.7946578517376245,0.0
2024-11-24,0.0,22.82,29.62,16.9,69.37,1.62,80,0.0,0.0,0,-0.5933267643772321,0.8049617075821959,0.0
2024-11-25,0.0,22.2,29.01,16.81,70.94,2.49,80,0.0,0.0,0,-0.5794210982045647,0.8150283375168107,0.0
2024-11-26,0.0,21.17,28.49,15.73,70.21,3.14,80,0.0,0.0,0,-0.5653446739747432,0.8248547748594242,0.0
2024-11-27,0.0,20.93,28.31,15.45,68.4,3.23,80,0.0,0.0,0,-0.5511016400745998,0.8344381237138475,0.0
2024-11-28,0.01,20.65,28.22,15.41,68.97,3.42,80,0.0,0.009999999999971578,0,-0.5366961939916011,0.8437755598231853,0.0
2024-11-29,0.06,20.11,28.21,13.76,65.87,3.01,80,0.0,0.06999999999997157,0,-0.5221325810768248,0.8528643314021598,0.0
2024-11-30,0.0,21.33,29.68,14.47,66.75,2.47,80,0.0,0.06999999999997158,0,-0.5074150932938463,0.8617017599480677,0.0
2024-12-01,0.02,23.6,30.18,18.37,79.06,2.0,80,0.0,0.08999999999997157,0,-0.4925480679538645,0.8702852410301551,0.0
2024-12-02,0.24,25.36,31.16,21.06,80.17,2.27,80,0.0,0.32999999999997154,0,-0.47753588643748845,0.8786122450571482,0.0
2024-12-03,1.14,26.48,31.88,22.47,79.17,2.49,80,0.0,1.4599999999999715,0,-0.4623829729035152,0.8866803180227398,0.0
2024-12-04,2.52,26.73,31.9,23.07,82.0,2.06,80,0.0,3.919999999999971,0,-0.44709379298511437,0.8944870822287954,0.0
2024-12-05,0.21,26.72,32.12,22.95,80.89,2.08,80,0.0,4.1299999999999715,0,-0.43167285247378356,0.9020302369860709,0.0
2024-12-06,0.02,26.42,31.61,22.86,81.52,1.53,80,0.0,4.1299999999999715,0,-0.4161246959914751,0.9093075592922355,0.0
2024-12-07,0.0,24.28,30.41,19.72,76.06,1.96,80,0.0,3.8899999999999713,0,-0.4004539056512665,0.9163169044870048,0.0
2024-12-08,0.0,21.71,28.58,16.5,66.95,1.92,80,0.0,2.749999999999971,0,-0.3846650997070013,0.923056206884176,0.0
2024-12-09,0.0,19.77,28.4,13.19,61.51,2.52,80,0.0,0.22999999999997112,0,-0.3687629311922604,0.9295234803804002,0.0
2024-12-10,0.0,20.98,29.63,13.16,62.27,2.83,80,0.0,0.019999999999971135,0,-0.3527520865490943,0.9357168190404939,0.0
2024-12-11,0.0,22.4,30.44,16.09,69.82,2.17,80,0.0,0.0,0,-0.3366372842469107,0.9416343976591258,0.0
2024-12-12,0.0,22.05,29.39,16.21,67.08,1.66,80,0.0,0.0,0,-0.3204232733919109,0.947274472298717,0.0
2024-12-13,0.0,21.3,29.36,15.33,66.42,3.23,80,0.0,0.0,0,-0.30411483232751857,0.9526353808033823,0.0
2024-12-14,0.17,20.8,29.17,13.75,62.04,3.41,80,0.0,0.16999999999997115,0,-0.28771676722616696,0.9577155432887803,0.0
2024-12-15,0.23,21.25,30.28,13.73,58.84,3.0,80,0.0,0.39999999999997116,0,-0.27123391067291097,0.9625134626077079,0.0
2024-12-16,0.0,21.04,30.48,13.51,53.07,2.7,80,0.0,0.39999999999997116,0,-0.25467112024122895,0.9670277247913203,0.0
2024-12-17,0.0,21.06,30.41,13.49,54.29,1.99,80,0.0,0.39999999999997116,0,-0.23803327706148678,0.9712569994658311,0.0
2024-12-18,0.0,21.49,30.04,14.39,53.8,1.83,80,0.0,0.39999999999997116,0,-0.22132528438243296,0.9752000402445824,0.0
2024-12-19,0.0,21.43,30.33,14.88,62.33,1.85,80,0.0,0.22999999999997114,0,-0.2045520661262005,0.9788556850953579,0.0
2024-12-20,0.0,21.72,28.27,17.3,74.79,1.33,80,0.0,0.0,0,-0.1877185654371994,0.9822228566828405,0.0
2024-12-21,0.0,21.95,28.53,16.3,77.32,1.48,80,0.0,0.0,0,-0.17082974322534408,0.985300562686109,0.0
2024-12-22,0.02,22.25,27.7,17.98,84.68,1.55,80,0.0,0.019999999999971135,0,-0.1538905767040627,0.9880878960910771,0.0
2024-12-23,0.01,22.07,26.76,19.2,86.32,1.76,80,0.0,0.029999999999971133,0,-0.1369060579234754,0.9905840354577969,0.0
2024-12-24,0.0,21.69,28.14,17.49,79.18,1.94,80,0.0,0.029999999999971133,0,-0.1198811922992275,0.99278824516254,0.0
2024-12-25,0.0,21.98,29.54,16.75,77.09,1.55,80,0.0,0.029999999999971133,0,-0.1028209971373608,0.9946998756145891,0.0
2024-12-26,0.0,22.68,29.44,17.84,78.33,1.68,80,0.0,0.029999999999971133,0,-0.08573050015569487,0.9963183634476755,0.0
2024-12-27,0.01,23.32,29.39,18.51,81.35,1.75,80,0.0,0.019999999999971135,0,-0.06861473800213468,0.9976432316860063,0.0
2024-12-28,0.48,23.93,30.2,19.42,79.1,1.59,80,0.0,0.4899999999999711,0,-0.05147875477034641,0.9986740898848305,0.0
2024-12-29,0.04,24.68,31.72,19.49,73.57,1.76,80,0.0,0.5299999999999712,0,-0.034327600513243496,0.9994106342455052,0.0
2024-12-30,0.0,24.62,31.87,19.45,69.71,2.05,80,0.0,0.5299999999999712,0,-0.017166329754707492,0.9998526477050269,0.0
2024-12-31,0.0,24.68,32.93,19.06,65.9,2.09,80,0.0,0.5299999999999712,0,-2.4492935982947064e-16,1.0,0.0
2025-01-01,0.0,24.25,31.99,18.33,68.91,2.11,80,0.0,0.5199999999999712,0,0.01716632975470737,0.9998526477050269,0.0
2025-01-02,0.0,24.18,33.01,18.0,59.35,2.33,80,0.0,0.039999999999971135,0,0.034327600513243496,0.9994106342455052,0.0
2025-01-03,1.2,22.78,32.73,14.93,51.64,2.75,80,0.0,1.199999999999971,0,0.05147875477034653,0.9986740898848305,0.0
2025-01-04,0.0,22.4,32.64,15.09,52.93,2.33,80,0.0,1.199999999999971,0,0.06861473800213404,0.9976432316860063,0.0
2025-01-05,0.0,22.43,31.0,17.17,57.64,1.51,80,0.0,1.199999999999971,0,0.08573050015569435,0.9963183634476755,0.0
2025-01-06,0.0,21.63,30.08,16.0,61.43,2.06,80,0.0,1.199999999999971,0,0.1028209971373604,0.9946998756145891,0.0
2025-01-07,0.0,22.27,31.76,14.7,58.15,2.11,80,0.0,1.199999999999971,0,0.11988119229922722,0.99278824516254,0.0
2025-01-08,0.02,22.38,31.15,15.45,55.6,2.74,80,0.0,0.019999999999971135,0,0.13690605792347524,0.990584035457797,0.0
2025-01-09,0.0,22.55,31.16,14.74,47.35,2.72,80,0.0,0.019999999999971135,0,0.15389057670406178,0.9880878960910772,0.0
2025-01-10,0.0,22.74,31.04,15.96,56.5,2.29,80,0.0,0.019999999999971135,0,0.17082974322534417,0.985300562686109,0.0
2025-01-11,0.0,22.49,28.93,18.59,64.19,1.73,80,0.0,0.019999999999971135,0,0.1877185654371987,0.9822228566828407,0.0
2025-01-12,0.0,22.18,30.66,16.27,64.08,1.93,80,0.0,0.019999999999971135,0,0.2045520661262008,0.9788556850953578,0.0
2025-01-13,0.0,23.7,32.12,16.7,63.03,2.6,80,0.0,0.0,0,0.22132528438243257,0.9752000402445825,0.0
2025-01-14,0.0,24.32,32.67,17.85,61.74,2.31,80,0.0,0.0,0,0.2380332770614856,0.9712569994658314,0.0
2025-01-15,0.0,24.73,31.89,19.73,66.68,2.05,80,0.0,0.0,0,0.2546711202412287,0.9670277247913204,0.0
2025-01-16,0.0,24.19,31.68,18.88,66.17,1.65,80,0.0,0.0,0,0.27123391067291003,0.9625134626077081,0.0
2025-01-17,0.0,24.94,32.8,19.41,56.29,2.9,80,0.0,0.0,0,0.287716767226167,0.9577155432887803,0.0
2025-01-18,0.0,24.64,32.83,18.46,51.64,3.26,80,0.0,0.0,0,0.30411483232751785,0.9526353808033825,0.0
2025-01-19,0.0,24.09,33.16,17.83,52.92,2.47,80,0.0,0.0,0,0.3204232733919111,0.9472744722987169,0.0
2025-01-20,0.0,24.24,33.81,17.32,50.13,2.18,80,0.0,0.0,0,0.33663728424691025,0.9416343976591259,0.0
2025-01-21,0.0,23.72,33.54,16.7,50.94,1.91,80,0.0,0.0,0,0.3527520865490948,0.9357168190404936,0.0
2025-01-22,0.0,23.63,33.74,16.51,51.95,1.79,80,0.0,0.0,0,0.3687629311922601,0.9295234803804003,0.0
2025-01-23,0.0,23.4,33.53,16.03,51.46,1.99,80,0.0,0.0,0,0.3846650997070012,0.9230562068841761,0.0
2025-01-24,0.0,24.75,35.53,17.25,53.97,2.27,80,0.0,0.0,0,0.40045390565126643,0.9163169044870048,0.0
2025-01-25,0.0,26.19,36.16,19.08,52.91,2.37,80,0.0,0.0,0,0.41612469599147445,0.9093075592922358,0.0
2025-01-26,0.0,26.44,36.39,19.6,50.87,2.17,80,0.0,0.0,0,0.43167285247378384,0.9020302369860707,0.0
2025-01-27,0.0,26.02,35.93,19.73,49.78,1.85,80,0.0,0.0,0,0.44709379298511387,0.8944870822287956,0.0
2025-01-28,0.0,25.55,34.98,19.63,47.92,1.46,80,0.0,0.0,0,0.4623829729035149,0.88668031802274,0.0
2025-01-29,0.0,25.52,35.09,19.56,46.76,1.59,80,0.0,0.0,0,0.47753588643748823,0.8786122450571483,0.0
2025-01-30,0.0,24.91,34.96,18.06,49.07,1.81,80,0.0,0.0,0,0.4925480679538643,0.8702852410301553,0.0
2025-01-31,0.0,23.58,32.39,17.27,53.3,1.76,80,0.0,0.0,0,0.5074150932938455,0.8617017599480682,0.0
2025-02-01,0.0,23.02,31.05,17.22,55.8,1.94,80,0.0,0.0,0,0.5221325810768248,0.8528643314021597,0.0
2025-02-02,0.0,24.32,34.24,17.46,47.32,1.7,80,0.0,0.0,0,0.5366961939916004,0.8437755598231856,0.0
2025-02-03,0.0,24.27,31.18,20.04,54.08,1.86,80,0.0,0.0,0,0.5511016400746002,0.8344381237138473,0.0
2025-02-04,0.0,23.48,31.61,17.79,57.64,2.15,80,0.0,0.0,0,0.5653446739747429,0.8248547748594244,0.0
2025-02-05,0.0,23.93,34.22,16.34,46.89,2.37,80,0.0,0.0,0,0.5794210982045637,0.8150283375168114,0.0
2025-02-06,0.0,25.5,36.12,17.61,48.34,1.84,80,0.0,0.0,0,0.593326764377232,0.8049617075821959,0.0
2025-02-07,0.0,26.73,36.63,20.07,49.26,2.37,80,0.0,0.0,0,0.6070575744291002,0.7946578517376252,0.0
2025-02-08,0.0,27.08,36.41,20.27,47.38,1.73,80,0.0,0.0,0,0.6206094818274227,0.7841198065767105,0.0
2025-02-09,0.0,27.21,35.87,21.05,46.35,1.84,80,0.0,0.0,0,0.6339784927628866,0.7733506777097299,0.0
2025-02-10,0.0,26.69,35.31,20.8,42.53,2.19,80,0.0,0.0,0,0.647160667326606,0.7623536388483904,0.0
2025-02-11,0.0,25.99,35.3,19.28,40.72,2.09,80,0.0,0.0,0,0.6601521206712317,0.7511319308705199,0.0
2025-02-12,0.0,25.88,36.36,18.15,37.42,2.23,80,0.0,0.0,0,0.6729490241558329,0.7396888608649669,0.0
2025-02-13,0.0,26.87,38.41,18.19,32.54,2.39,80,0.0,0.0,0,0.6855476064742154,0.7280278011569848,0.0
2025-02-14,0.0,27.32,37.95,19.66,32.27,2.79,80,0.0,0.0,0,0.6979441547663435,0.7161521883143933,0.0
2025-02-15,0.0,27.51,37.98,19.62,30.96,2.58,80,0.0,0.0,0,0.7101350157125358,0.7040655221348057,0.0
2025-02-16,0.01,27.19,37.48,19.65,33.64,2.38,80,0.0,0.009999999999971134,0,0.7221165966101162,0.691771364614222,0.0
2025-02-17,0.17,27.19,37.68,19.26,40.96,2.27,80,0.0,0.17999999999997116,0,0.733885366432199,0.6792733388972931,0.0
2025-02-18,0.08,27.59,37.67,19.91,38.47,2.22,80,0.0,0.25999999999997114,0,0.7454378568683001,0.6665751282095632,0.0
2025-02-19,0.0,27.36,37.08,20.23,40.6,2.32,80,0.0,0.25999999999997114,0,0.7567706633464625,0.653680474772006,0.0
2025-02-20,0.01,28.16,38.08,19.88,35.31,2.7,80,0.0,0.26999999999997115,0,0.7678804460366,0.6405931786981751,0.0
2025-02-21,0.0,28.94,39.12,21.02,29.24,3.11,80,0.0,0.25999999999997114,0,0.7787639308347607,0.6273170968742937,0.0
2025-02-22,0.0,29.28,39.52,22.16,29.68,2.81,80,0.0,0.08999999999997113,0,0.7894179103280197,0.613856141822612,0.0
2025-02-23,0.0,29.1,39.15,21.56,28.85,2.65,80,0.0,0.009999999999971134,0,0.7998392447397193,0.6002142805483682,0.0
2025-02-24,0.0,29.17,38.97,21.54,26.56,2.69,80,0.0,0.009999999999971134,0,0.8100248628547753,0.5863955333706956,0.0
2025-02-25,0.0,29.47,39.22,22.43,28.68,2.49,80,0.0,0.0,0,0.8199717629247771,0.5724039727378148,0.0
2025-02-26,0.0,29.86,39.66,21.84,32.05,2.03,80,0.0,0.0,0,0.8296770135526188,0.5582437220268648,0.0
2025-02-27,0.0,29.84,39.58,22.61,32.37,2.45,80,0.0,0.0,0,0.8391377545563938,0.5439189543287247,0.0
2025-02-28,0.0,29.71,38.55,22.56,32.22,2.12,80,0.0,0.0,0,0.8483511978123038,0.5294338912181853,0.0
2025-03-01,0.01,29.61,38.77,22.81,35.58,2.23,80,0.0,0.009999999999971134,0,0.8573146280763322,0.5147928015098309,0.0
2025-03-02,0.0,29.43,39.28,22.39,34.91,2.61,80,0.0,0.009999999999971134,0,0.8660254037844386,0.5000000000000001,0.0
2025-03-03,0.49,29.92,39.98,21.82,31.6,3.09,80,0.0,0.49999999999997113,0,0.8744809578310397,0.4850598461951962,0.0
2025-03-04,0.0,29.9,39.1,22.69,27.22,3.56,80,0.0,0.49999999999997113,0,0.8826787983255474,0.46997674302731995,0.0
2025-03-05,0.0,29.34,40.43,20.12,18.57,2.86,80,0.0,0.49999999999997113,0,0.8906165093267404,0.4547551355561058,0.0
2025-03-06,0.0,28.67,39.96,19.72,17.61,3.11,80,0.0,0.4899999999999711,0,0.8982917515547528,0.4393995096591417,0.0
2025-03-07,0.0,29.04,40.09,20.16,21.5,2.68,80,0.0,0.4899999999999711,0,0.9057022630804714,0.42391439070986076,0.0
2025-03-08,0.0,29.14,39.38,21.28,31.87,2.25,80,0.0,0.0,0,0.9128458599921356,0.40830434224389334,0.0
2025-03-09,0.0,30.18,41.58,21.1,39.44,2.25,80,0.0,0.0,0,0.9197204370389467,0.3925739646141717,0.0
2025-03-10,0.0,31.55,42.01,23.17,29.08,2.4,80,0.0,0.0,0,0.926323968251495,0.3767278936351851,0.0
2025-03-11,0.0,31.97,41.18,25.24,35.49,2.34,80,0.0,0.0,0,0.9326545075388224,0.36077079921678346,0.0
2025-03-12,0.04,31.63,41.14,24.93,40.79,1.81,80,0.0,0.039999999999971135,0,0.9387101892619443,0.3447073839879338,0.0
2025-03-13,0.07,31.33,40.62,24.27,41.68,2.09,80,0.0,0.10999999999997115,0,0.9444892287836613,0.32854238191083485,0.0
2025-03-14,0.04,30.55,39.68,23.33,45.59,2.21,80,0.0,0.14999999999997116,0,0.949989922994501,0.3122805568857947,0.0
2025-03-15,0.02,30.33,39.9,22.3,45.16,2.29,80,0.0,0.16999999999997115,0,0.9552106508146316,0.2959267013472893,0.0
2025-03-16,0.0,30.04,38.98,23.75,45.97,2.58,80,0.0,0.16999999999997115,0,0.9601498736716018,0.2794856348516095,0.0
2025-03-17,0.61,29.52,37.91,22.97,42.97,2.69,80,0.0,0.7399999999999711,0,0.9648061359537645,0.2629622026565149,0.0
2025-03-18,0.02,29.41,38.65,22.76,43.21,1.95,80,0.0,0.6899999999999711,0,0.9691780654392536,0.2463612742933148,0.0
2025-03-19,0.0,28.73,38.14,21.66,48.4,1.83,80,0.0,0.6499999999999712,0,0.9732643737003824,0.22968774213179574,0.0
2025-03-20,0.0,29.23,38.09,21.72,40.1,2.86,80,0.0,0.6299999999999711,0,0.9770638564833508,0.21294651993841582,0.0
2025-03-21,0.0,27.68,35.82,22.39,48.31,2.35,80,0.0,0.6299999999999711,0,0.9805753940631429,0.19614254142819698,0.0
2025-03-22,0.11,28.84,37.96,21.2,44.3,2.07,80,0.0,0.12999999999997114,0,0.9837979515735163,0.17928075881073577,0.0
2025-03-23,0.26,30.07,40.43,21.55,43.43,1.81,80,0.0,0.36999999999997113,0,0.9867305793119814,0.162366141330764,0.0
2025-03-24,0.1,30.72,40.94,23.14,46.84,1.8,80,0.0,0.4699999999999711,0,0.989372413019683,0.14540367380368976,0.0
2025-03-25,0.48,30.67,40.96,23.14,39.7,2.11,80,0.0,0.9499999999999711,0,0.9917226741361015,0.12839835514655099,0.0
2025-03-26,0.07,29.33,37.54,24.35,51.77,2.14,80,0.0,1.0199999999999712,0,0.9937806700284985,0.11135519690480875,0.0
2025-03-27,0.0,28.63,35.68,23.16,52.73,2.4,80,0.0,0.909999999999971,0,0.9955457941960382,0.09427922177542453,0.0
2025-03-28,0.0,29.84,38.99,22.34,46.97,2.19,80,0.0,0.649999999999971,0,0.9970175264485267,0.07717546212664653,0.0
2025-03-29,0.0,31.78,42.15,23.48,23.77,2.36,80,0.0,0.5499999999999712,0,0.998195433059714,0.0600489585149486,0.0
2025-03-30,0.22,32.06,41.63,25.52,28.11,1.85,80,0.0,0.28999999999997117,0,0.9990791668951153,0.042904758199554374,0.0
2025-03-31,0.33,32.49,42.04,25.83,40.92,1.6,80,0.0,0.5499999999999712,0,0.999668467514313,0.025747913654988658,0.0
2025-04-01,0.1,32.48,39.46,26.4,37.36,1.69,80,0.0,0.6499999999999712,0,0.9999631612477099,0.008583481082087055,0.0
2025-04-02,0.16,33.0,41.21,27.47,39.44,2.3,80,0.0,0.8099999999999712,0,0.9999631612477099,-0.008583481082086933,0.0
2025-04-03,1.56,30.55,37.28,25.58,57.68,1.83,80,0.0,2.3699999999999712,0,0.9996684675143132,-0.025747913654988314,0.0
2025-04-04,1.18,30.67,38.2,25.62,53.09,2.01,80,0.0,3.3299999999999708,0,0.9990791668951153,-0.04290475819955447,0.0
2025-04-05,2.1,31.68,41.06,23.56,39.45,2.5,80,0.0,5.099999999999971,0,0.998195433059714,-0.06004895851494825,0.0
2025-04-06,0.47,32.01,42.44,23.78,42.12,2.35,80,0.0,5.469999999999971,0,0.9970175264485267,-0.07717546212664618,0.0
2025-04-07,0.01,32.6,42.92,24.21,40.05,2.46,80,0.0,5.319999999999971,0,0.9955457941960382,-0.0942792217754244,0.0
2025-04-08,0.0,33.21,43.49,25.56,30.76,2.38,80,0.0,3.7599999999999714,0,0.9937806700284985,-0.11135519690480862,0.0
2025-04-09,0.02,32.71,43.19,25.45,41.76,2.35,80,0.0,2.5999999999999717,0,0.9917226741361015,-0.12839835514655107,0.0
2025-04-10,0.04,31.19,40.21,24.65,57.75,2.26,80,0.0,0.5399999999999711,0,0.9893724130196829,-0.14540367380368988,0.0
2025-04-11,0.01,30.25,37.77,24.42,56.84,2.21,80,0.0,0.07999999999997114,0,0.9867305793119814,-0.16236614133076366,0.0
2025-04-12,0.0,29.91,38.32,23.62,57.67,2.09,80,0.0,0.06999999999997114,0,0.9837979515735163,-0.17928075881073566,0.0
2025-04-13,0.0,31.21,40.77,23.1,52.92,2.6,80,0.0,0.06999999999997114,0,0.980575394063143,-0.19614254142819687,0.0
2025-04-14,0.0,31.71,41.35,23.79,47.64,3.22,80,0.0,0.04999999999997114,0,0.9770638564833507,-0.21294651993841593,0.0
2025-04-15,0.0,31.08,40.7,23.29,51.84,2.71,80,0.0,0.009999999999971134,0,0.9732643737003824,-0.22968774213179563,0.0
2025-04-16,0.0,30.8,39.8,24.83,60.95,2.36,80,0.0,0.0,0,0.9691780654392537,-0.2463612742933147,0.0
2025-04-17,0.0,30.89,39.78,25.38,58.98,2.12,80,0.0,0.0,0,0.9648061359537646,-0.26296220265651454,0.0
2025-04-18,0.0,31.07,39.23,25.33,58.49,2.14,80,0.0,0.0,0,0.9601498736716018,-0.2794856348516094,0.0
2025-04-19,0.0,31.3,39.54,25.3,56.71,2.38,80,0.0,0.0,0,0.9552106508146317,-0.2959267013472892,0.0
2025-04-20,0.0,31.14,39.86,24.2,53.89,2.39,80,0.0,0.0,0,0.949989922994501,-0.31228055688579476,0.0
2025-04-21,0.07,31.38,40.27,24.92,56.84,2.34,80,0.0,0.06999999999997114,0,0.9444892287836613,-0.32854238191083474,0.0
2025-04-22,0.03,32.04,41.03,24.15,50.28,2.43,80,0.0,0.09999999999997114,0,0.9387101892619443,-0.3447073839879337,0.0
2025-04-23,0.22,32.48,41.66,26.02,49.17,1.9,80,0.0,0.31999999999997114,0,0.9326545075388225,-0.3607707992167831,0.0
2025-04-24,0.03,32.0,40.58,25.66,49.69,1.82,80,0.0,0.3499999999999711,0,0.926323968251495,-0.376727893635185,0.0
2025-04-25,0.0,31.43,39.11,25.71,46.44,1.91,80,0.0,0.3499999999999711,0,0.9197204370389467,-0.39257396461417177,0.0
2025-04-26,0.01,31.63,40.44,25.38,48.24,1.75,80,0.0,0.2899999999999711,0,0.9128458599921355,-0.40830434224389345,0.0
2025-04-27,0.0,32.0,41.28,24.4,50.96,2.32,80,0.0,0.25999999999997114,0,0.9057022630804715,-0.42391439070986064,0.0
2025-04-28,0.03,32.22,41.26,25.24,52.29,2.14,80,0.0,0.06999999999997114,0,0.898291751554753,-0.43939950965914143,0.0
2025-04-29,0.02,31.48,39.58,25.09,54.1,2.08,80,0.0,0.05999999999997113,0,0.8906165093267405,-0.4547551355561055,0.0
2025-04-30,0.08,31.56,39.15,24.9,54.02,2.19,80,0.0,0.13999999999997115,0,0.8826787983255476,-0.4699767430273197,0.0
2025-05-01,0.04,32.02,41.48,24.51,54.24,2.59,80,0.0,0.16999999999997112,0,0.8744809578310397,-0.4850598461951961,0.0
2025-05-02,0.01,32.26,41.29,24.76,53.25,2.6,80,0.0,0.17999999999997113,0,0.8660254037844387,-0.4999999999999998,0.0
2025-05-03,0.03,31.55,39.9,25.85,53.47,2.21,80,0.0,0.17999999999997113,0,0.8573146280763323,-0.5147928015098308,0.0
2025-05-04,0.02,29.54,35.18,24.79,59.54,2.22,80,0.0,0.17999999999997113,0,0.848351197812304,-0.5294338912181852,0.0
2025-05-05,0.04,30.58,37.49,25.7,61.88,2.0,80,0.0,0.13999999999997115,0,0.8391377545563939,-0.5439189543287246,0.0
2025-05-06,1.96,29.53,34.55,26.06,61.27,1.82,80,0.0,2.059999999999971,0,0.8296770135526188,-0.5582437220268649,0.0
2025-05-07,11.4,28.52,32.79,25.85,69.58,2.76,80,0.0,13.44999999999997,0,0.8199717629247771,-0.5724039727378148,0.0
2025-05-08,16.0,27.9,30.9,25.82,78.09,2.72,80,0.16302395209580825,29.419999999999973,0,0.8100248628547753,-0.5863955333706956,0.0
2025-05-09,9.76,28.68,33.41,25.08,75.34,2.73,80,0.0,39.159999999999975,0,0.7998392447397195,-0.6002142805483681,0.0
2025-05-10,3.14,29.46,35.77,24.97,68.94,2.11,86,0.0,42.25999999999998,0,0.7894179103280199,-0.6138561418226116,0.0
2025-05-11,2.27,30.0,36.86,25.28,63.86,2.06,86,0.0,42.56999999999997,0,0.7787639308347607,-0.6273170968742938,0.0
2025-05-12,1.69,30.54,36.47,26.4,64.26,1.94,86,0.0,32.85999999999997,0,0.7678804460366001,-0.6405931786981751,0.0
2025-05-13,8.18,30.67,35.67,27.16,65.33,1.6,80,0.0,25.03999999999997,0,0.7567706633464627,-0.6536804747720057,0.0
2025-05-14,5.56,30.94,37.52,27.06,65.6,1.59,80,0.0,20.83999999999997,0,0.7454378568683001,-0.6665751282095632,0.0
2025-05-15,3.36,30.49,35.52,26.87,69.38,1.59,80,0.0,21.05999999999997,0,0.7338853664321991,-0.6792733388972931,0.0
2025-05-16,2.52,30.02,34.46,27.12,72.07,1.94,80,0.0,21.30999999999997,0,0.722116596610116,-0.6917713646142222,0.0
2025-05-17,4.57,29.98,34.78,26.73,72.55,2.07,80,0.0,24.18999999999997,0,0.7101350157125357,-0.7040655221348058,0.0
2025-05-18,3.56,30.03,33.99,27.0,72.92,1.82,80,0.0,19.56999999999997,0,0.6979441547663435,-0.7161521883143933,0.0
2025-05-19,9.43,28.93,32.7,26.94,80.02,2.01,80,0.0,23.43999999999997,0,0.6855476064742155,-0.7280278011569847,0.0
2025-05-20,28.04,29.61,33.3,26.9,81.77,1.68,80,2.9847234906139004,48.11999999999997,0,0.672949024155833,-0.7396888608649667,0.0
2025-05-21,11.29,29.1,32.38,27.09,83.04,1.6,86,0.20558927092809384,56.889999999999965,0,0.660152120671232,-0.7511319308705197,0.0
2025-05-22,16.94,28.57,31.34,26.87,83.3,1.23,92,4.530993890256199,69.25999999999996,0,0.647160667326606,-0.7623536388483902,0.0
2025-05-23,5.02,29.62,34.21,26.33,77.21,1.68,92,0.016004592269457586,70.71999999999997,0,0.6339784927628868,-0.7733506777097298,1.0
2025-05-24,31.52,28.48,30.68,26.7,84.38,1.78,92,14.933073607447442,92.80999999999997,1,0.620609481827423,-0.7841198065767103,1.0
2025-05-25,68.55,27.79,29.85,26.57,86.53,3.27,92,47.70369100956694,133.32,1,0.6070575744291006,-0.7946578517376249,1.0
2025-05-26,100.34,28.04,30.87,26.15,86.8,4.11,92,77.96950054031056,222.36999999999998,1,0.593326764377232,-0.8049617075821959,1.0
2025-05-27,33.64,27.43,29.0,26.37,89.56,2.87,92,16.643307253941757,239.07,1,0.5794210982045638,-0.8150283375168113,0.0
2025-05-28,13.21,28.25,30.74,26.46,88.13,2.96,92,2.503596379372513,247.25999999999996,0,0.5653446739747428,-0.8248547748594245,0.0
2025-05-29,10.94,28.33,30.43,26.9,88.6,3.14,92,1.4870699317980294,226.67999999999998,0,0.5511016400746,-0.8344381237138473,0.0
2025-05-30,1.1,28.86,31.93,26.71,82.54,3.54,92,0.0,159.23,0,0.5366961939916005,-0.8437755598231856,0.0
2025-05-31,2.77,28.78,32.12,26.65,81.77,3.57,92,0.0,61.659999999999975,0,0.522132581076825,-0.8528643314021596,0.0
2025-06-01,7.89,28.89,32.34,26.45,82.82,3.76,92,0.47180032408821543,35.90999999999997,0,0.5074150932938458,-0.861701759948068,0.0
2025-06-02,5.06,28.41,31.32,26.35,84.43,3.85,86,0.0,27.75999999999997,0,0.4925480679538644,-0.8702852410301553,0.0
2025-06-03,11.28,28.28,31.48,25.65,84.52,3.73,80,0.0,28.099999999999973,0,0.47753588643748834,-0.8786122450571482,0.0
2025-06-04,6.15,27.98,31.12,25.65,83.16,2.7,80,0.0,33.14999999999997,0,0.4623829729035151,-0.8866803180227399,0.0
2025-06-05,3.75,28.16,31.91,25.16,81.56,1.8,80,0.0,34.129999999999974,0,0.44709379298511426,-0.8944870822287954,0.0
2025-06-06,11.87,28.17,31.72,25.68,82.59,1.8,80,0.0,38.10999999999997,0,0.43167285247378384,-0.9020302369860707,0.0
2025-06-07,15.46,27.69,31.37,25.61,84.61,1.77,86,1.065109910178128,48.50999999999997,0,0.4161246959914746,-0.9093075592922357,0.0
2025-06-08,0.57,28.34,32.4,25.27,81.89,1.93,86,0.0,37.799999999999976,0,0.4004539056512664,-0.9163169044870048,0.0
2025-06-09,0.19,28.45,31.87,25.97,81.76,2.77,86,0.0,31.83999999999997,0,0.3846650997070012,-0.923056206884176,0.0
2025-06-10,0.41,28.51,32.56,25.11,79.95,2.52,80,0.0,28.49999999999997,0,0.3687629311922603,-0.9295234803804002,0.0
2025-06-11,2.94,28.52,31.56,26.1,83.45,2.68,80,0.0,19.569999999999972,0,0.352752086549095,-0.9357168190404935,0.0
2025-06-12,14.24,28.35,30.47,26.99,89.0,3.3,80,0.03646371463714632,18.349999999999973,0,0.3366372842469106,-0.9416343976591258,0.0
2025-06-13,25.31,27.81,29.5,26.44,89.31,3.1,80,2.0892405728550774,43.08999999999997,0,0.3204232733919116,-0.9472744722987168,0.0
2025-06-14,25.92,28.28,30.75,26.5,89.91,2.0,86,5.280264766620521,68.81999999999996,0,0.30411483232751846,-0.9526353808033824,1.0
2025-06-15,47.35,27.63,29.01,26.59,93.16,2.81,92,28.348526835749606,115.75999999999998,1,0.2877167672261668,-0.9577155432887804,1.0
2025-06-16,93.66,27.37,29.03,26.62,91.02,5.34,92,71.53753983727192,206.47999999999996,1,0.27123391067291,-0.9625134626077081,0.0
2025-06-17,23.92,28.04,30.13,26.59,86.35,5.86,92,9.145364803589679,216.15999999999997,0,0.2546711202412288,-0.9670277247913204,1.0
2025-06-18,88.05,27.91,29.7,26.47,88.7,5.29,92,66.16006434435718,278.9,1,0.2380332770614858,-0.9712569994658313,1.0
2025-06-19,55.21,27.38,28.84,26.47,90.74,5.02,92,35.39934809454654,308.18999999999994,1,0.22132528438243243,-0.9752000402445825,0.0
2025-06-20,16.29,27.75,29.89,26.12,88.72,5.01,92,4.150784509098723,277.12999999999994,0,0.2045520661262008,-0.9788556850953578,0.0
2025-06-21,11.84,27.61,29.91,26.21,88.63,4.68,92,1.8670258081708797,195.30999999999997,0,0.18771856543719884,-0.9822228566828406,0.0
2025-06-22,13.85,27.48,29.61,25.88,88.28,4.81,92,2.8228215139274973,185.23999999999998,0,0.17082974322534442,-0.985300562686109,1.0
2025-06-23,29.96,27.38,29.48,25.95,88.5,5.42,92,13.697896590099083,127.14999999999998,1,0.15389057670406214,-0.9880878960910771,0.0
2025-06-24,22.52,27.29,29.23,25.89,89.75,4.97,92,8.153968320266712,94.45999999999997,0,0.13690605792347574,-0.9905840354577969,0.0
2025-06-25,10.67,27.45,29.54,26.12,88.88,5.09,92,1.379524181159754,88.83999999999997,0,0.11988119229922782,-0.9927882451625399,0.0
2025-06-26,16.88,27.23,29.2,25.93,89.04,4.92,92,4.495472360467304,93.87999999999997,0,0.10282099713736025,-0.9946998756145891,0.0
2025-06-27,20.06,27.11,28.94,25.95,89.33,5.15,92,6.485396939917652,100.08999999999997,0,0.0857305001556943,-0.9963183634476755,0.0
2025-06-28,12.15,27.06,29.28,25.32,87.28,5.57,92,2.0051679762655676,82.27999999999996,0,0.0686147380021341,-0.9976432316860063,0.0
2025-06-29,12.81,26.75,28.26,25.66,90.34,4.81,92,2.310921439199092,72.56999999999996,0,0.05147875477034673,-0.9986740898848305,0.0
2025-06-30,16.89,27.05,28.78,25.82,89.31,5.08,92,4.50138671294896,78.78999999999998,0,0.03432760051324382,-0.9994106342455052,0.0
2025-07-01,21.23,26.73,28.46,25.41,90.0,4.59,92,7.2665030977452965,83.13999999999997,0,0.01716632975470737,-0.9998526477050269,1.0
2025-07-02,32.22,26.55,27.87,25.51,91.28,4.05,92,15.493922364632965,95.29999999999997,1,1.2246467991473532e-16,-1.0,1.0
2025-07-03,36.59,26.79,28.5,25.65,89.93,5.26,92,19.076392266257802,119.73999999999998,1,-0.017166329754707124,-0.9998526477050269,1.0
2025-07-04,27.31,26.84,28.69,25.63,89.85,5.57,92,11.651325004129157,134.23999999999998,1,-0.03432760051324313,-0.9994106342455054,1.0
2025-07-05,42.63,26.61,28.16,25.61,91.31,5.04,92,24.215820761936236,159.97999999999996,1,-0.051478754770346045,-0.9986740898848305,1.0
2025-07-06,30.2,26.55,28.28,25.25,90.09,5.18,92,13.886545827903488,168.94999999999996,1,-0.06861473800213432,-0.9976432316860063,0.0
2025-07-07,14.49,26.54,28.12,25.42,89.8,4.47,92,3.1548139799123116,151.21999999999997,0,-0.0857305001556945,-0.9963183634476755,0.0
2025-07-08,8.2,26.49,28.17,25.13,90.65,4.14,92,0.5530873218852759,122.82999999999997,0,-0.10282099713736044,-0.9946998756145891,0.0
2025-07-09,16.02,26.44,28.1,25.13,90.84,3.8,92,3.9959117215003217,111.53999999999996,0,-0.11988119229922714,-0.99278824516254,0.0
2025-07-10,9.58,26.73,28.95,24.96,90.55,3.37,92,0.9780900477418696,78.48999999999997,0,-0.13690605792347504,-0.990584035457797,0.0
2025-07-11,12.23,26.77,29.06,25.13,90.09,3.13,92,2.0413960600295766,60.51999999999997,0,-0.15389057670406148,-0.9880878960910772,0.0
2025-07-12,11.73,26.73,29.14,25.0,89.88,3.35,92,1.8188788011087704,57.75999999999997,0,-0.17082974322534417,-0.985300562686109,0.0
2025-07-13,11.93,26.8,29.26,24.93,89.74,3.7,92,1.9067607581217987,61.48999999999997,0,-0.1877185654371986,-0.9822228566828407,1.0
2025-07-14,31.44,26.91,28.9,25.26,90.52,4.56,92,14.86922919162276,76.90999999999997,1,-0.20455206612620058,-0.9788556850953579,1.0
2025-07-15,39.11,26.94,29.09,25.5,90.66,3.85,92,21.197363761091133,106.43999999999997,1,-0.22132528438243218,-0.9752000402445826,0.0
2025-07-16,9.19,26.83,29.29,25.25,90.72,3.0,92,0.8480328544955877,103.39999999999998,0,-0.23803327706148514,-0.9712569994658315,0.0
2025-07-17,2.21,26.68,29.23,24.84,89.74,2.55,92,0.0,93.87999999999997,0,-0.254671120241229,-0.9670277247913203,0.0
2025-07-18,2.04,26.79,29.53,24.67,88.48,2.67,92,0.0,83.98999999999998,0,-0.2712339106729102,-0.9625134626077081,0.0
2025-07-19,6.0,26.78,29.49,24.74,89.53,2.87,92,0.10581733380187211,58.54999999999997,0,-0.287716767226167,-0.9577155432887803,0.0
2025-07-20,22.0,27.09,29.86,24.84,88.76,2.96,92,7.793080837923872,41.43999999999997,0,-0.3041148323275178,-0.9526353808033826,1.0
2025-07-21,47.27,26.9,29.16,25.24,90.87,3.16,86,18.930127554573104,79.51999999999998,1,-0.32042327339191096,-0.947274472298717,1.0
2025-07-22,35.44,26.74,28.7,25.18,90.66,3.25,92,18.121071907559223,112.74999999999997,1,-0.3366372842469099,-0.941634397659126,1.0
2025-07-23,53.02,26.48,28.1,25.23,91.73,3.72,92,33.41672232327614,163.72999999999996,1,-0.35275208654909473,-0.9357168190404936,1.0
2025-07-24,41.4,26.71,28.59,25.42,91.19,4.14,92,23.154281581423334,199.12999999999997,1,-0.36876293119226006,-0.9295234803804003,1.0
2025-07-25,57.88,26.5,28.12,25.24,91.9,4.44,92,37.832785937548486,235.01,1,-0.38466509970700097,-0.9230562068841761,1.0
2025-07-26,54.89,26.1,27.36,25.3,92.51,4.92,92,35.10886842984878,242.62999999999997,1,-0.40045390565126615,-0.9163169044870049,1.0
2025-07-27,27.16,26.1,27.65,25.19,90.58,5.41,92,11.537614691897561,234.34999999999997,1,-0.4161246959914748,-0.9093075592922356,0.0
2025-07-28,16.23,26.02,27.77,24.84,89.98,5.55,92,4.116209848172658,197.56,0,-0.431672852473784,-0.9020302369860707,0.0
2025-07-29,14.29,25.77,27.26,24.78,90.45,5.5,92,3.0497411899842723,170.45,0,-0.44709379298511404,-0.8944870822287955,0.0
2025-07-30,9.63,25.87,27.52,24.7,91.19,4.2,92,0.9953011777886883,122.19999999999997,0,-0.4623829729035149,-0.88668031802274,0.0
2025-07-31,6.84,26.15,28.37,24.66,90.38,4.23,92,0.23945887412498973,74.14999999999998,0,-0.4775358864374881,-0.8786122450571483,0.0
2025-08-01,3.94,26.1,28.64,24.25,90.25,3.5,92,0.0,50.92999999999998,0,-0.4925480679538642,-0.8702852410301554,0.0
2025-08-02,6.59,25.9,28.31,23.97,90.73,2.79,86,0.0,41.28999999999997,0,-0.5074150932938452,-0.8617017599480683,0.0
2025-08-03,4.35,26.26,29.35,23.95,89.67,2.5,86,0.0,31.349999999999973,0,-0.5221325810768248,-0.8528643314021597,0.0
2025-08-04,1.83,26.3,29.12,24.17,89.53,2.31,80,0.0,23.54999999999997,0,-0.5366961939916004,-0.8437755598231858,0.0
2025-08-05,3.74,26.35,29.56,24.32,89.21,1.96,80,0.0,20.449999999999974,0,-0.5511016400745999,-0.8344381237138474,0.0
2025-08-06,4.55,26.58,29.75,24.01,88.0,1.73,80,0.0,21.05999999999997,0,-0.5653446739747425,-0.8248547748594246,0.0
2025-08-07,4.13,26.54,28.98,24.91,88.8,1.82,80,0.0,18.599999999999973,0,-0.5794210982045637,-0.8150283375168114,0.0
2025-08-08,3.4,26.47,29.29,24.45,88.25,1.49,80,0.0,17.64999999999997,0,-0.5933267643772321,-0.8049617075821958,0.0
2025-08-09,9.14,26.35,29.02,24.43,87.62,1.65,80,0.0,24.959999999999972,0,-0.6070575744291004,-0.794657851737625,0.0
2025-08-10,11.53,26.23,29.3,24.14,87.57,1.57,80,0.0,32.74999999999997,0,-0.6206094818274228,-0.7841198065767104,0.0
2025-08-11,13.59,26.28,28.65,24.27,89.3,2.21,80,0.012301599627271282,41.78999999999997,0,-0.6339784927628865,-0.77335067770973,0.0
2025-08-12,5.51,26.26,29.14,24.23,88.8,2.03,86,0.0,43.16999999999997,0,-0.6471606673266059,-0.7623536388483905,0.0
2025-08-13,26.15,26.16,28.81,24.39,90.4,2.2,86,5.397733200748215,65.91999999999997,0,-0.6601521206712315,-0.7511319308705201,0.0
2025-08-14,20.51,26.1,28.21,24.48,90.64,2.6,92,6.783001670050836,77.28999999999996,0,-0.6729490241558326,-0.7396888608649671,1.0
2025-08-15,53.06,25.72,27.8,24.3,92.22,2.24,92,33.45281953092721,118.81999999999996,1,-0.6855476064742154,-0.7280278011569848,1.0
2025-08-16,69.3,25.75,27.82,24.39,92.74,2.76,92,48.40489774359932,174.52999999999997,1,-0.6979441547663433,-0.7161521883143935,1.0
2025-08-17,60.78,26.08,27.94,24.73,93.43,3.45,92,40.49408878399955,229.79999999999998,1,-0.7101350157125356,-0.7040655221348059,1.0
2025-08-18,96.42,25.64,26.63,24.88,93.61,5.11,92,74.19153531417791,300.07,1,-0.7221165966101161,-0.691771364614222,1.0
2025-08-19,142.85,25.59,26.88,24.68,93.58,5.25,92,119.38474368735268,422.40999999999997,1,-0.7338853664321993,-0.6792733388972929,1.0
2025-08-20,69.09,25.55,26.93,24.52,92.0,5.57,92,48.20847482373663,438.43999999999994,1,-0.7454378568683002,-0.6665751282095631,0.0
2025-08-21,10.82,25.99,27.95,24.62,90.71,4.63,92,1.4388916712781787,379.96,0,-0.7567706633464625,-0.653680474772006,0.0
2025-08-22,8.08,25.99,28.19,24.43,89.86,4.25,92,0.5209681151589546,327.25999999999993,0,-0.7678804460366,-0.6405931786981752,0.0
2025-08-23,9.05,25.82,27.89,24.48,89.15,4.54,92,0.8031965772056618,239.88999999999996,0,-0.7787639308347605,-0.627317096874294,0.0
2025-08-24,11.13,25.88,28.39,24.26,88.07,4.57,92,1.5645762413710043,108.16999999999994,0,-0.7894179103280194,-0.6138561418226122,1.0
2025-08-25,26.8,25.55,27.31,24.39,90.68,4.13,92,11.265708795973541,65.87999999999994,1,-0.7998392447397191,-0.6002142805483686,0.0
2025-08-26,16.08,25.64,27.69,24.27,91.85,3.47,92,4.030168706227119,71.13999999999994,0,-0.8100248628547748,-0.5863955333706962,0.0
2025-08-27,19.75,25.81,27.51,24.06,92.52,2.04,92,6.28251258528059,82.80999999999995,0,-0.8199717629247767,-0.5724039727378154,0.0
2025-08-28,15.99,25.98,28.45,24.51,92.99,2.36,92,3.978817645377294,89.74999999999994,0,-0.8296770135526184,-0.5582437220268655,1.0
2025-08-29,28.51,26.18,28.73,24.11,91.01,1.92,92,12.569494559537665,107.12999999999994,1,-0.8391377545563938,-0.5439189543287248,0.0
2025-08-30,7.57,26.36,29.06,24.5,91.58,2.56,92,0.39378418377244023,87.89999999999995,0,-0.8483511978123038,-0.5294338912181854,0.0
2025-08-31,12.1,26.32,28.99,24.49,91.56,3.07,92,1.9826448904947267,83.91999999999994,0,-0.8573146280763322,-0.514792801509831,0.0
2025-09-01,15.63,25.99,28.28,24.38,91.3,3.79,92,3.775502561101124,79.79999999999994,0,-0.8660254037844384,-0.5000000000000004,0.0
2025-09-02,8.79,25.98,28.31,24.43,91.22,3.2,92,0.7226009440520221,72.59999999999994,0,-0.8744809578310394,-0.4850598461951967,0.0
2025-09-03,8.17,25.93,28.26,24.37,91.28,2.83,92,0.5449809973275551,52.25999999999994,0,-0.8826787983255475,-0.4699767430273199,0.0
2025-09-04,6.64,25.41,27.26,24.01,92.12,2.68,86,0.0,51.32999999999994,0,-0.8906165093267404,-0.45475513555610575,1.0
2025-09-05,35.41,26.01,28.29,24.55,91.07,3.33,86,10.75488725151377,74.63999999999993,1,-0.8982917515547529,-0.4393995096591416,1.0
2025-09-06,36.34,25.41,26.52,24.52,94.42,3.3,92,18.868008691312124,95.34999999999994,1,-0.9057022630804714,-0.42391439070986087,0.0
2025-09-07,19.23,25.82,28.26,24.16,91.84,3.35,92,5.946232024086228,105.78999999999994,0,-0.9128458599921354,-0.40830434224389367,0.0
2025-09-08,2.1,25.53,28.3,23.48,91.16,2.57,92,0.0,99.71999999999994,0,-0.9197204370389468,-0.3925739646141714,0.0
2025-09-09,0.12,25.47,29.0,22.41,89.19,1.75,92,0.0,93.19999999999993,0,-0.9263239682514951,-0.3767278936351848,0.0
2025-09-10,0.11,25.86,29.61,23.56,85.35,1.34,92,0.0,57.89999999999995,0,-0.9326545075388225,-0.3607707992167831,0.0
2025-09-11,0.55,25.94,29.35,23.13,86.37,1.64,92,0.0,22.109999999999943,0,-0.9387101892619443,-0.3447073839879337,0.0
2025-09-12,2.93,26.0,29.24,23.48,87.53,1.7,80,0.0,5.809999999999944,0,-0.9444892287836613,-0.32854238191083474,0.0
2025-09-13,25.49,25.73,28.36,23.59,89.92,1.73,80,2.144240398479485,29.199999999999942,0,-0.9499899229945009,-0.3122805568857948,0.0
2025-09-14,38.53,26.25,29.63,24.14,89.78,2.19,80,7.468811149669762,67.60999999999994,0,-0.9552106508146316,-0.29592670134728966,1.0
2025-09-15,74.47,25.76,27.22,24.5,93.73,2.76,92,53.260159991941215,141.96999999999994,1,-0.9601498736716017,-0.2794856348516098,0.0
2025-09-16,8.89,25.87,28.5,24.14,92.09,1.52,92,0.7531835849227159,150.30999999999995,0,-0.9648061359537644,-0.2629622026565152,0.0
2025-09-17,5.23,26.42,29.51,24.27,90.22,1.39,92,0.028836044963335496,152.60999999999996,0,-0.9691780654392534,-0.24636127429331536,0.0
2025-09-18,18.85,26.38,29.04,24.46,90.55,1.81,92,5.703797198073386,145.96999999999994,0,-0.9732643737003823,-0.2296877421317963,1.0
2025-09-19,28.86,25.79,27.8,24.4,92.44,1.41,92,12.840032290382684,136.29999999999995,1,-0.9770638564833508,-0.21294651993841573,0.0
2025-09-20,13.53,25.63,27.71,23.78,91.87,1.58,92,2.6615639244160865,75.35999999999994,0,-0.9805753940631429,-0.19614254142819712,0.0
2025-09-21,10.63,26.25,29.17,24.36,90.97,1.77,92,1.36385511610524,77.09999999999994,0,-0.9837979515735163,-0.1792807588107359,0.0
2025-09-22,14.17,25.68,27.79,24.4,92.6,2.19,92,2.987269949231527,86.03999999999994,0,-0.9867305793119814,-0.16236614133076413,0.0
2025-09-23,18.28,25.42,28.01,23.48,90.45,1.82,92,5.34559788655815,85.46999999999994,0,-0.9893724130196829,-0.14540367380369032,0.0
2025-09-24,2.38,25.82,29.27,23.29,88.25,1.71,92,0.0,58.98999999999995,0,-0.9917226741361014,-0.12839835514655154,0.0
2025-09-25,1.78,25.92,28.92,23.93,86.35,1.4,92,0.0,47.239999999999945,0,-0.9937806700284985,-0.11135519690480865,0.0
2025-09-26,5.59,26.08,28.94,23.86,87.31,1.51,86,0.0,42.199999999999946,0,-0.9955457941960382,-0.09427922177542443,1.0
2025-09-27,44.94,26.1,28.41,24.36,92.34,2.75,86,17.235606113688846,72.96999999999994,1,-0.9970175264485267,-0.07717546212664643,1.0
2025-09-28,112.87,25.37,26.19,24.46,94.43,4.74,92,90.10270804337907,167.55999999999995,1,-0.998195433059714,-0.06004895851494849,1.0
2025-09-29,40.49,24.78,26.07,23.52,92.72,5.0,92,22.373501129966094,205.66999999999996,1,-0.9990791668951153,-0.04290475819955383,0.0
2025-09-30,8.11,25.33,28.08,23.22,90.4,3.56,92,0.5289212158631528,211.99999999999994,0,-0.9996684675143132,-0.025747913654988113,0.0
2025-10-01,7.33,25.72,28.37,23.82,90.8,3.45,92,0.3393374780809044,213.73999999999995,0,-0.9999631612477099,-0.008583481082086734,0.0
2025-10-02,11.05,25.92,28.59,23.98,91.12,3.01,92,1.5317605881791532,179.84999999999994,0,-0.9999631612477099,0.008583481082087254,0.0
2025-10-03,2.62,26.17,29.49,23.63,89.77,1.97,92,0.0,69.59999999999995,0,-0.999668467514313,0.025747913654988634,0.0
2025-10-04,1.73,25.92,29.24,23.33,89.66,1.65,92,0.0,30.839999999999943,0,-0.9990791668951153,0.04290475819955435,0.0
2025-10-05,2.62,25.83,29.19,23.51,89.41,1.72,80,0.0,25.349999999999945,0,-0.998195433059714,0.06004895851494813,0.0
2025-10-06,2.11,25.44,28.29,23.13,88.65,1.59,80,0.0,20.129999999999946,0,-0.9970175264485267,0.07717546212664607,0.0
2025-10-07,4.27,25.81,29.31,23.53,87.87,1.46,80,0.0,13.349999999999943,0,-0.9955457941960382,0.09427922177542405,0.0
2025-10-08,1.58,25.96,30.72,22.4,86.85,1.73,80,0.0,12.309999999999944,0,-0.9937806700284985,0.11135519690480827,0.0
2025-10-09,0.22,25.77,31.29,21.73,80.73,1.79,80,0.0,10.799999999999944,0,-0.9917226741361016,0.1283983551465503,0.0
2025-10-10,0.0,25.57,31.72,20.93,78.47,1.92,80,0.0,8.179999999999943,0,-0.9893724130196829,0.14540367380368996,0.0
2025-10-11,0.0,25.47,31.45,20.68,76.56,2.0,80,0.0,6.0699999999999426,0,-0.9867305793119814,0.16236614133076377,0.0
2025-10-12,0.01,25.36,31.25,20.27,76.05,2.18,80,0.0,1.8099999999999432,0,-0.9837979515735163,0.17928075881073555,0.0
2025-10-13,0.0,24.91,31.23,19.94,73.02,2.34,80,0.0,0.22999999999994317,0,-0.980575394063143,0.19614254142819676,0.0
2025-10-14,0.0,24.59,31.2,18.7,71.03,2.08,80,0.0,0.009999999999943157,0,-0.9770638564833509,0.21294651993841537,0.0
2025-10-15,0.77,25.68,31.95,19.72,77.42,1.92,80,0.0,0.7799999999999432,0,-0.9732643737003827,0.22968774213179508,0.0
2025-10-16,2.04,27.56,32.61,23.49,82.24,1.84,80,0.0,2.8199999999999434,0,-0.9691780654392538,0.24636127429331414,0.0
2025-10-17,0.39,27.43,32.74,23.53,78.6,2.31,80,0.0,3.199999999999944,0,-0.9648061359537647,0.262962202656514,0.0
2025-10-18,0.32,27.0,32.58,22.54,77.9,2.02,80,0.0,3.5199999999999436,0,-0.9601498736716018,0.2794856348516095,0.0
2025-10-19,0.11,27.04,32.6,22.63,77.34,2.18,80,0.0,3.6299999999999435,0,-0.9552106508146317,0.2959267013472893,0.0
2025-10-20,0.0,25.95,30.72,22.55,79.17,2.58,80,0.0,2.8599999999999435,0,-0.9499899229945011,0.3122805568857945,0.0
2025-10-21,8.65,26.49,31.82,22.16,80.08,2.32,80,0.0,9.469999999999944,0,-0.9444892287836614,0.3285423819108344,0.0
2025-10-22,1.13,27.43,32.63,23.14,81.0,2.07,80,0.0,10.209999999999944,0,-0.938710189261944,0.3447073839879342,0.0
2025-10-23,6.1,27.39,32.39,23.23,81.19,2.67,80,0.0,15.989999999999942,0,-0.9326545075388223,0.3607707992167836,0.0
2025-10-24,2.54,27.37,31.88,24.03,83.16,2.27,80,0.0,18.419999999999945,0,-0.9263239682514949,0.3767278936351853,0.0
2025-10-25,11.79,26.22,29.79,23.84,87.82,2.07,80,0.0,30.209999999999944,0,-0.9197204370389466,0.3925739646141719,0.0
2025-10-26,30.15,26.36,30.58,23.58,87.45,2.62,80,3.7616121062384167,51.709999999999944,0,-0.9128458599921356,0.40830434224389334,0.0
2025-10-27,12.9,26.17,29.51,23.62,89.08,2.74,86,0.4662785404509552,63.47999999999994,0,-0.9057022630804715,0.42391439070986053,0.0
2025-10-28,5.44,26.73,30.56,23.96,85.59,2.59,92,0.045250896526450896,62.81999999999994,0,-0.898291751554753,0.4393995096591413,0.0
2025-10-29,8.72,26.18,29.63,23.94,89.67,1.9,92,0.7015061231740798,68.99999999999994,0,-0.8906165093267405,0.4547551355561054,0.0
2025-10-30,13.02,26.13,28.74,24.2,89.54,3.07,92,2.411401916133142,70.22999999999995,0,-0.8826787983255476,0.46997674302731957,0.0
2025-10-31,7.9,25.75,28.82,23.88,88.87,3.5,92,0.4743359233493272,47.97999999999995,0,-0.8744809578310401,0.4850598461951956,0.0
2025-11-01,7.08,25.87,29.28,23.49,89.49,2.82,86,0.0,42.15999999999995,0,-0.8660254037844386,0.5000000000000001,0.0
2025-11-02,9.04,25.89,29.25,23.62,90.26,2.31,86,0.014085263442279707,45.75999999999994,0,-0.8573146280763323,0.5147928015098308,0.0
2025-11-03,3.49,25.78,29.14,23.54,88.94,1.72,86,0.0,40.529999999999944,0,-0.848351197812304,0.5294338912181851,0.0
2025-11-04,0.81,25.66,29.18,23.49,85.58,1.7,86,0.0,28.319999999999943,0,-0.8391377545563939,0.5439189543287245,0.0
2025-11-05,0.13,24.74,28.56,22.01,80.19,0.99,80,0.0,20.549999999999944,0,-0.8296770135526191,0.5582437220268645,0.0
2025-11-06,0.02,24.01,29.02,19.62,81.01,1.24,80,0.0,13.489999999999943,0,-0.8199717629247775,0.5724039727378144,0.0
2025-11-07,0.0,24.35,30.54,19.61,74.69,1.85,80,0.0,4.449999999999943,0,-0.8100248628547756,0.5863955333706952,0.0
2025-11-08,0.0,22.91,30.52,16.67,66.3,2.33,80,0.0,0.9599999999999432,0,-0.7998392447397199,0.6002142805483676,0.0
2025-11-09,0.0,22.17,28.61,16.53,67.14,1.56,80,0.0,0.14999999999994315,0,-0.7894179103280197,0.613856141822612,0.0
2025-11-10,0.0,22.58,28.8,16.08,64.72,1.38,80,0.0,0.019999999999943157,0,-0.7787639308347607,0.6273170968742937,0.0
2025-11-11,0.0,22.51,28.76,16.72,66.34,1.28,80,0.0,0.0,0,-0.7678804460366002,0.640593178698175,0.0
2025-11-12,0.0,22.04,29.41,16.11,68.08,2.03,80,0.0,0.0,0,-0.7567706633464628,0.6536804747720056,0.0
2025-11-13,0.0,21.84,29.45,16.09,67.8,2.4,80,0.0,0.0,0,-0.7454378568682999,0.6665751282095634,0.0
2025-11-14,0.0,21.52,28.76,16.03,67.02,2.71,80,0.0,0.0,0,-0.7338853664321989,0.6792733388972934,0.0
2025-11-15,0.0,20.89,28.87,15.02,65.68,2.71,80,0.0,0.0,0,-0.7221165966101161,0.6917713646142221,0.0
2025-11-16,0.0,20.7,28.79,15.08,68.1,3.02,80,0.0,0.0,0,-0.7101350157125358,0.7040655221348057,0.0
2025-11-17,0.0,20.38,28.06,14.89,69.02,2.82,80,0.0,0.0,0,-0.6979441547663436,0.7161521883143933,0.0
2025-11-18,0.0,19.76,28.0,13.66,67.49,2.79,80,0.0,0.0,0,-0.6855476064742156,0.7280278011569846,0.0
2025-11-19,0.0,20.67,29.22,14.0,65.78,2.46,80,0.0,0.0,0,-0.6729490241558331,0.7396888608649665,0.0
2025-11-20,0.0,20.9,28.92,14.88,67.12,2.58,80,0.0,0.0,0,-0.6601521206712321,0.7511319308705195,0.0
2025-11-21,0.0,21.91,29.8,15.38,69.99,2.53,80,0.0,0.0,0,-0.6471606673266065,0.7623536388483899,0.0
2025-11-22,0.0,23.81,30.53,18.29,75.95,2.18,80,0.0,0.0,0,-0.6339784927628872,0.7733506777097294,0.0
2025-11-23,0.0,24.85,32.25,19.09,67.51,1.39,80,0.0,0.0,0,-0.6206094818274227,0.7841198065767104,0.0
2025-11-24,0.0,24.81,31.14,19.86,73.13,1.52,80,0.0,0.0,0,-0.607057574429101,0.7946578517376245,0.0
2025-11-25,0.0,24.59,30.59,19.29,72.28,1.97,80,0.0,0.0,0,-0.5933267643772321,0.8049617075821959,0.0
2025-11-26,0.01,24.09,30.19,19.11,72.07,2.04,80,0.0,0.009999999999943157,0,-0.5794210982045647,0.8150283375168107,0.0
2025-11-27,0.0,24.03,30.29,19.0,73.31,2.16,80,0.0,0.009999999999943157,0,-0.5653446739747432,0.8248547748594242,0.0
2025-11-28,0.0,23.7,29.88,19.34,75.06,2.3,80,0.0,0.009999999999943157,0,-0.5511016400745998,0.8344381237138475,0.0
2025-11-29,0.0,22.38,29.17,17.84,68.2,2.72,80,0.0,0.009999999999943157,0,-0.5366961939916011,0.8437755598231853,0.0
2025-11-30,0.0,21.3,28.8,15.42,67.89,2.5,80,0.0,0.009999999999943157,0,-0.5221325810768248,0.8528643314021598,0.0
2025-12-01,0.0,22.03,30.0,15.85,67.25,2.3,80,0.0,0.0,0,-0.5074150932938463,0.8617017599480677,0.0
2025-12-02,0.0,22.29,29.38,16.66,66.96,1.68,80,0.0,0.0,0,-0.4925480679538645,0.8702852410301551,0.0
2025-12-03,0.0,22.51,29.63,16.97,72.25,2.36,80,0.0,0.0,0,-0.47753588643748845,0.8786122450571482,0.0
2025-12-04,0.0,23.12,30.51,17.62,71.61,2.67,80,0.0,0.0,0,-0.4623829729035152,0.8866803180227398,0.0
2025-12-05,0.0,23.94,30.5,19.29,73.26,2.75,80,0.0,0.0,0,-0.44709379298511437,0.8944870822287954,0.0
2025-12-06,0.0,23.27,29.37,18.86,69.22,2.79,80,0.0,0.0,0,-0.43167285247378356,0.9020302369860709,0.0
2025-12-07,0.0,22.21,28.71,17.92,67.97,2.55,80,0.0,0.0,0,-0.4161246959914751,0.9093075592922355,0.0
2025-12-08,0.0,21.68,30.14,15.36,64.98,2.52,80,0.0,0.0,0,-0.4004539056512665,0.9163169044870048,0.0
2025-12-09,0.07,21.0,30.16,13.66,61.6,3.16,80,0.0,0.06999999999994316,0,-0.3846650997070013,0.923056206884176,0.0
2025-12-10,0.0,21.05,30.2,13.79,57.8,2.93,80,0.0,0.06999999999994316,0,-0.3687629311922604,0.9295234803804002,0.0
2025-12-11,0.0,21.05,29.3,14.86,57.23,2.57,80,0.0,0.06999999999994316,0,-0.3527520865490943,0.9357168190404939,0.0
2025-12-12,0.0,20.9,29.82,14.39,60.47,2.43,80,0.0,0.06999999999994316,0,-0.3366372842469107,0.9416343976591258,0.0
2025-12-13,0.0,21.93,30.5,14.7,57.63,1.98,80,0.0,0.06999999999994316,0,-0.3204232733919109,0.947274472298717,0.0
2025-12-14,0.0,21.86,30.3,15.19,61.49,2.51,80,0.0,0.0,0,-0.30411483232751857,0.9526353808033823,0.0
2025-12-15,0.0,21.44,29.43,15.05,59.95,2.63,80,0.0,0.0,0,-0.28771676722616696,0.9577155432887803,0.0
2025-12-16,0.0,21.58,29.43,14.54,60.78,2.87,80,0.0,0.0,0,-0.27123391067291097,0.9625134626077079,0.0
2025-12-17,0.0,22.27,31.36,15.78,65.99,2.61,80,0.0,0.0,0,-0.25467112024122895,0.9670277247913203,0.0
2025-12-18,0.0,22.47,30.71,16.24,58.78,2.7,80,0.0,0.0,0,-0.23803327706148678,0.9712569994658311,0.0
2025-12-19,0.0,21.46,30.77,14.76,56.54,2.69,80,0.0,0.0,0,-0.22132528438243296,0.9752000402445824,0.0
2025-12-20,0.0,21.61,30.79,13.43,54.85,2.44,80,0.0,0.0,0,-0.2045520661262005,0.9788556850953579,0.0
2025-12-21,0.0,21.24,29.03,15.12,56.33,2.67,80,0.0,0.0,0,-0.1877185654371994,0.9822228566828405,0.0
2025-12-22,0.0,21.07,28.78,15.88,59.68,2.84,80,0.0,0.0,0,-0.17082974322534408,0.985300562686109,0.0
2025-12-23,0.0,22.28,29.79,15.75,56.09,2.8,80,0.0,0.0,0,-0.1538905767040627,0.9880878960910771,0.0
2025-12-24,0.0,21.84,29.61,15.79,60.59,2.66,80,0.0,0.0,0,-0.1369060579234754,0.9905840354577969,0.0
2025-12-25,0.0,22.0,29.11,15.52,55.45,2.5,80,0.0,0.0,0,-0.1198811922992275,0.99278824516254,0.0
2025-12-26,0.0,21.54,29.59,14.76,59.06,2.08,80,0.0,0.0,0,-0.1028209971373608,0.9946998756145891,0.0
2025-12-27,0.0,21.98,30.24,15.61,61.46,2.54,80,0.0,0.0,0,-0.08573050015569487,0.9963183634476755,0.0
2025-12-28,0.0,21.7,29.6,15.24,59.1,2.36,80,0.0,0.0,0,-0.06861473800213468,0.9976432316860063,0.0
2025-12-29,0.0,21.4,29.71,14.75,58.7,2.19,80,0.0,0.0,0,-0.05147875477034641,0.9986740898848305,0.0
2025-12-30,0.0,21.23,29.0,15.17,63.93,1.66,80,0.0,0.0,0,-0.034327600513243496,0.9994106342455052,0.0
2025-12-31,0.06,21.04,27.43,15.36,76.68,1.62,80,0.0,0.059999999999943154,0,-0.017166329754707492,0.9998526477050269,
